Order_ID,Order_Date,Product,Category,Region,City,Quantity,Unit_Price,Discount,Sales,Cost,Profit,Customer_Type,Payment_Mode
ORD1001,2024-01-01 00:00:00.000000,Mouse,Accessories,West,Surat,3,807.38,25.0,1816.6,1376.85,439.75,Regular,Credit Card
ORD1002,2024-01-01 03:30:16.923384,Gaming Mouse,Accessories,West,Surat,4,2331.49,25.0,6994.47,4767.89,2226.58,New,Debit Card
ORD1003,2024-01-01 07:00:33.846769,Webcam,Electronics,East,Patna,1,3681.26,15.0,3129.07,2025.13,1103.94,New,Net Banking
ORD1004,2024-01-01 10:30:50.770154,Office Chair,Furniture,South,Hyderabad,3,8744.32,5.0,24921.31,16671.21,8250.1,Premium,Net Banking
ORD1005,2024-01-01 14:01:07.693538,Headphones,Accessories,West,Surat,9,2767.25,5.0,23659.99,16017.11,7642.88,Regular,Cash
ORD1006,2024-01-01 17:31:24.616923,Mouse,Accessories,South,Chennai,10,847.99,10.0,7631.91,5773.22,1858.69,New,Credit Card
ORD1007,2024-01-01 21:01:41.540308,Bluetooth Speaker,Accessories,West,Ahmedabad,5,2859.02,0.0,14295.1,9201.33,5093.77,Regular,UPI
ORD1008,2024-01-02 00:31:58.463692,Office Chair,Furniture,South,Chennai,8,8195.48,10.0,59007.46,46214.7,12792.76,New,Debit Card
ORD1009,2024-01-02 04:02:15.387077,Office Chair,Furniture,West,Mumbai,2,8901.35,0.0,17802.7,12038.55,5764.15,Regular,Cash
ORD1010,2024-01-02 07:32:32.310462,Monitor,Electronics,West,Mumbai,3,15718.41,20.0,37724.18,27239.78,10484.4,New,Credit Card
ORD1011,2024-01-02 11:02:49.233846,Headphones,Accessories,South,Bengaluru,7,3185.1,10.0,20066.13,15324.7,4741.43,Premium,UPI
ORD1012,2024-01-02 14:33:06.157231,Tablet,Electronics,North,Lucknow,10,24121.69,15.0,205034.36,150885.82,54148.54,Regular,Credit Card
ORD1013,2024-01-02 18:03:23.080616,Smartphone,Electronics,North,Jaipur,4,23447.04,0.0,93788.16,71800.31,21987.85,Regular,UPI
ORD1014,2024-01-02 21:33:40.004000,Office Desk,Furniture,West,Surat,9,11505.11,10.0,93191.39,63430.61,29760.78,New,Credit Card
ORD1015,2024-01-03 01:03:56.927385,Keyboard,Accessories,Central,Indore,7,1532.85,15.0,9120.46,7669.05,1451.41,New,Credit Card
ORD1016,2024-01-03 04:34:13.850770,Smartphone,Electronics,North,Jaipur,1,26556.72,5.0,25228.88,18032.28,7196.6,Regular,Cash
ORD1017,2024-01-03 08:04:30.774154,Laptop,Electronics,West,Ahmedabad,4,52074.83,25.0,156224.49,106308.17,49916.32,Regular,Credit Card
ORD1018,2024-01-03 11:34:47.697539,Office Desk,Furniture,South,Bengaluru,10,11783.79,20.0,94270.32,63547.48,30722.84,New,Credit Card
ORD1019,2024-01-03 15:05:04.620924,Office Desk,Furniture,East,Patna,6,11780.16,20.0,56544.77,34530.41,22014.36,Regular,Cash
ORD1020,2024-01-03 18:35:21.544308,Router,Electronics,Central,Bhopal,6,2636.47,5.0,15027.88,11589.52,3438.36,Regular,Cash
ORD1021,2024-01-03 22:05:38.467693,Power Bank,Accessories,South,Bengaluru,10,1706.74,10.0,15360.66,10224.5,5136.16,Regular,Net Banking
ORD1022,2024-01-04 01:35:55.391078,USB Drive,Accessories,East,Kolkata,6,984.38,25.0,4429.71,3719.77,709.94,New,Net Banking
ORD1023,2024-01-04 05:06:12.314462,Webcam,Electronics,North,Delhi,5,3507.32,5.0,16659.77,10872.35,5787.42,Regular,Cash
ORD1024,2024-01-04 08:36:29.237847,Webcam,Electronics,North,Delhi,3,3347.45,15.0,8536.0,6251.53,2284.47,Regular,Debit Card
ORD1025,2024-01-04 12:06:46.161232,Bluetooth Speaker,Accessories,South,Hyderabad,2,2870.57,25.0,4305.86,3375.22,930.64,New,UPI
ORD1026,2024-01-04 15:37:03.084616,Office Desk,Furniture,North,Delhi,3,10843.92,0.0,32531.76,26595.65,5936.11,Regular,Cash
ORD1027,2024-01-04 19:07:20.008001,Gaming Mouse,Accessories,West,Surat,9,2284.67,10.0,18505.83,11827.36,6678.47,Regular,Net Banking
ORD1028,2024-01-04 22:37:36.931386,Tablet,Electronics,East,Patna,3,23214.17,25.0,52231.88,44206.47,8025.41,Premium,Credit Card
ORD1029,2024-01-05 02:07:53.854770,Printer,Electronics,East,Kolkata,3,10877.83,0.0,32633.49,26977.69,5655.8,Regular,Cash
ORD1030,2024-01-05 05:38:10.778155,Bluetooth Speaker,Accessories,North,Chandigarh,1,3051.56,5.0,2898.98,2437.21,461.77,New,Cash
ORD1031,2024-01-05 09:08:27.701540,Mouse,Accessories,South,Hyderabad,2,845.07,20.0,1352.11,1099.49,252.62,Regular,Net Banking
ORD1032,2024-01-05 12:38:44.624924,Smartwatch,Accessories,West,Mumbai,3,5851.49,25.0,13165.85,10788.33,2377.52,New,Net Banking
ORD1033,2024-01-05 16:09:01.548309,Mouse,Accessories,Central,Unknown,2,789.24,25.0,1183.86,887.55,296.31,New,Debit Card
ORD1034,2024-01-05 19:39:18.471694,External Hard Drive,Electronics,North,Jaipur,8,6320.11,0.0,50560.88,41021.43,9539.45,Regular,Net Banking
ORD1035,2024-01-05 23:09:35.395079,Monitor,Electronics,Central,Nagpur,6,14446.95,0.0,86681.7,63581.32,23100.38,Premium,Net Banking
ORD1036,2024-01-06 02:39:52.318463,Backpack,Accessories,West,Mumbai,7,1796.81,20.0,10062.14,7391.19,2670.95,Regular,Net Banking
ORD1037,2024-01-06 06:10:09.241848,External Hard Drive,Electronics,West,Mumbai,1,6065.93,0.0,6065.93,4492.7,1573.23,New,Credit Card
ORD1038,2024-01-06 09:40:26.165233,Smartwatch,Accessories,East,Kolkata,6,5928.83,0.0,35572.98,30204.29,5368.69,Regular,Cash
ORD1039,2024-01-06 13:10:43.088617,Smartphone,Electronics,North,Lucknow,2,27209.13,25.0,40813.7,25553.4,15260.3,New,Cash
ORD1040,2024-01-06 16:41:00.012002,Gaming Mouse,Accessories,North,Chandigarh,6,1992.06,20.0,9561.89,7662.92,1898.97,New,Net Banking
ORD1041,2024-01-06 20:11:16.935387,Webcam,Electronics,West,Ahmedabad,3,3265.32,20.0,7836.77,5237.53,2599.24,Premium,Debit Card
ORD1042,2024-01-06 23:41:33.858771,Mouse,Accessories,South,Hyderabad,7,844.43,25.0,4433.26,3060.31,1372.95,Premium,Net Banking
ORD1043,2024-01-07 03:11:50.782156,Office Desk,Furniture,Central,Bhopal,3,11116.94,5.0,31683.28,19647.86,12035.42,New,Debit Card
ORD1044,2024-01-07 06:42:07.705541,Headphones,Accessories,East,Bhubaneswar,9,2862.77,5.0,24476.68,16837.35,7639.33,New,Cash
ORD1045,2024-01-07 10:12:24.628925,Webcam,Electronics,North,Chandigarh,3,3468.39,25.0,7803.88,6615.28,1188.6,New,Debit Card
ORD1046,2024-01-07 13:42:41.552310,Tablet,Electronics,West,Ahmedabad,7,23949.91,0.0,167649.37,117231.72,50417.65,Regular,Debit Card
ORD1047,2024-01-07 17:12:58.475695,Backpack,Accessories,South,Chennai,4,1686.06,10.0,6069.82,4658.11,1411.71,Premium,UPI
ORD1048,2024-01-07 20:43:15.399079,Router,Electronics,East,Patna,8,2711.54,5.0,20607.7,12986.53,7621.17,New,Debit Card
ORD1049,2024-01-08 00:13:32.322464,Monitor,Electronics,West,Pune,2,15655.57,5.0,29745.58,24707.4,5038.18,Regular,Debit Card
ORD1050,2024-01-08 03:43:49.245849,External Hard Drive,Electronics,Central,Nagpur,8,6722.49,25.0,40334.94,32547.73,7787.21,New,Credit Card
ORD1051,2024-01-08 07:14:06.169233,Headphones,Accessories,West,Pune,9,3134.13,25.0,21155.38,14736.28,6419.1,New,Cash
ORD1052,2024-01-08 10:44:23.092618,Monitor,Electronics,West,Surat,8,13593.74,10.0,97874.93,67251.41,30623.52,Regular,Net Banking
ORD1053,2024-01-08 14:14:40.016003,Smartphone,Electronics,West,Pune,6,22994.5,10.0,124170.3,87920.86,36249.44,Regular,UPI
ORD1054,2024-01-08 17:44:56.939387,Keyboard,Accessories,Central,Indore,10,1450.45,20.0,11603.6,8126.17,3477.43,New,Debit Card
ORD1055,2024-01-08 21:15:13.862772,Power Bank,Accessories,South,Unknown,1,1646.63,25.0,1234.97,820.65,414.32,New,Credit Card
ORD1056,2024-01-09 00:45:30.786157,Monitor,Electronics,North,Delhi,7,16462.77,5.0,109477.42,92805.28,16672.14,New,Credit Card
ORD1057,2024-01-09 04:15:47.709541,External Hard Drive,Electronics,South,Hyderabad,1,6604.54,15.0,5613.86,4505.89,1107.97,Regular,Net Banking
ORD1058,2024-01-09 07:46:04.632926,Office Desk,Furniture,South,Bengaluru,7,11969.62,15.0,71219.24,47501.87,23717.37,New,Net Banking
ORD1059,2024-01-09 11:16:21.556311,Smartphone,Electronics,West,Mumbai,2,26427.56,0.0,52855.12,44685.37,8169.75,Regular,Cash
ORD1060,2024-01-09 14:46:38.479695,Power Bank,Accessories,West,Mumbai,8,1971.71,5.0,14985.0,9049.18,5935.82,Regular,Debit Card
ORD1061,2024-01-09 18:16:55.403080,Monitor,Electronics,West,Surat,2,16365.39,15.0,27821.16,19738.4,8082.76,New,Credit Card
ORD1062,2024-01-09 21:47:12.326465,Backpack,Accessories,North,Lucknow,3,1905.5,5.0,5430.68,4031.58,1399.1,Regular,UPI
ORD1063,2024-01-10 01:17:29.249849,USB Drive,Accessories,West,Pune,3,877.89,25.0,1975.25,1203.71,771.54,New,Cash
ORD1064,2024-01-10 04:47:46.173234,Webcam,Electronics,South,Bengaluru,1,3196.17,5.0,3036.36,1944.06,1092.3,Regular,Debit Card
ORD1065,2024-01-10 08:18:03.096619,Headphones,Accessories,West,Surat,5,2759.03,15.0,11725.88,7792.23,3933.65,Regular,Net Banking
ORD1066,2024-01-10 11:48:20.020004,Backpack,Accessories,West,Ahmedabad,5,1620.41,5.0,7696.95,6004.06,1692.89,Regular,Debit Card
ORD1067,2024-01-10 15:18:36.943388,Headphones,Accessories,South,Chennai,10,2701.14,10.0,24310.26,20297.51,4012.75,New,Net Banking
ORD1068,2024-01-10 18:48:53.866773,USB Drive,Accessories,North,Lucknow,5,978.56,0.0,4892.8,3699.61,1193.19,Regular,Debit Card
ORD1069,2024-01-10 22:19:10.790158,Bookshelf,Furniture,North,Chandigarh,9,7597.82,20.0,54704.3,40517.58,14186.72,New,UPI
ORD1070,2024-01-11 01:49:27.713542,External Hard Drive,Electronics,Central,Indore,6,6717.82,15.0,34260.88,25153.99,9106.89,Premium,Cash
ORD1071,2024-01-11 05:19:44.636927,Webcam,Electronics,Central,Nagpur,6,3658.67,25.0,16464.02,11321.91,5142.11,Regular,Net Banking
ORD1072,2024-01-11 08:50:01.560312,Bookshelf,Furniture,West,Surat,3,7018.49,20.0,16844.38,13592.21,3252.17,Regular,UPI
ORD1073,2024-01-11 12:20:18.483696,Smartwatch,Accessories,North,Chandigarh,5,5685.41,0.0,28427.05,20899.34,7527.71,Regular,Credit Card
ORD1074,2024-01-11 15:50:35.407081,Webcam,Electronics,East,Bhubaneswar,10,3790.07,10.0,34110.63,22428.62,11682.01,Premium,UPI
ORD1075,2024-01-11 19:20:52.330466,Bookshelf,Furniture,West,Surat,7,6688.77,10.0,42139.25,26725.04,15414.21,Premium,UPI
ORD1076,2024-01-11 22:51:09.253850,Laptop,Electronics,West,Ahmedabad,3,57636.38,10.0,155618.23,131711.87,23906.36,Premium,UPI
ORD1077,2024-01-12 02:21:26.177235,Mouse,Accessories,North,Lucknow,2,759.27,10.0,1366.69,825.98,540.71,Regular,Net Banking
ORD1078,2024-01-12 05:51:43.100620,Smartwatch,Accessories,North,Chandigarh,5,6444.18,15.0,27387.76,22823.86,4563.9,Regular,Credit Card
ORD1079,2024-01-12 09:22:00.024004,Laptop,Electronics,West,Ahmedabad,3,56663.63,15.0,144492.26,94581.14,49911.12,Regular,Cash
ORD1080,2024-01-12 12:52:16.947389,Office Desk,Furniture,South,Chennai,5,12342.47,5.0,58626.73,44813.53,13813.2,New,UPI
ORD1081,2024-01-12 16:22:33.870774,Headphones,Accessories,South,Hyderabad,9,2758.42,25.0,18619.34,12575.19,6044.15,New,Net Banking
ORD1082,2024-01-12 19:52:50.794158,Office Chair,Furniture,North,Delhi,10,8855.04,5.0,84122.88,68556.16,15566.72,Regular,Net Banking
ORD1083,2024-01-12 23:23:07.717543,Bluetooth Speaker,Accessories,East,Bhubaneswar,1,3014.95,25.0,2261.21,1663.94,597.27,Regular,Cash
ORD1084,2024-01-13 02:53:24.640928,Router,Electronics,Central,Bhopal,4,2397.02,0.0,9588.08,6090.97,3497.11,Regular,Debit Card
ORD1085,2024-01-13 06:23:41.564312,Headphones,Accessories,Central,Indore,10,3228.58,5.0,30671.51,20471.97,10199.54,New,Credit Card
ORD1086,2024-01-13 09:53:58.487697,Tablet,Electronics,West,Ahmedabad,5,23485.75,0.0,117428.75,79860.9,37567.85,Regular,Credit Card
ORD1087,2024-01-13 13:24:15.411082,Tablet,Electronics,East,Kolkata,2,21971.93,0.0,43943.86,36099.03,7844.83,New,UPI
ORD1088,2024-01-13 16:54:32.334466,Laptop,Electronics,North,Chandigarh,2,53240.34,0.0,106480.68,84299.12,22181.56,Regular,Debit Card
ORD1089,2024-01-13 20:24:49.257851,Printer,Electronics,East,Kolkata,1,12723.7,10.0,11451.33,9245.77,2205.56,Regular,Credit Card
ORD1090,2024-01-13 23:55:06.181236,Power Bank,Accessories,South,Hyderabad,8,1690.88,20.0,10821.63,6634.34,4187.29,New,UPI
ORD1091,2024-01-14 03:25:23.104620,Mouse,Accessories,West,Mumbai,2,731.44,20.0,1170.3,871.52,298.78,Premium,Debit Card
ORD1092,2024-01-14 06:55:40.028005,Smartwatch,Accessories,South,Chennai,3,5454.85,15.0,13909.87,11820.53,2089.34,Regular,Net Banking
ORD1093,2024-01-14 10:25:56.951390,Mouse,Accessories,South,Hyderabad,2,726.19,0.0,1452.38,1156.53,295.85,Premium,UPI
ORD1094,2024-01-14 13:56:13.874774,Smartwatch,Accessories,North,Chandigarh,4,5986.67,10.0,21552.01,13581.58,7970.43,New,Debit Card
ORD1095,2024-01-14 17:26:30.798159,Headphones,Accessories,South,Chennai,1,2853.19,5.0,2710.53,2086.31,624.22,New,Cash
ORD1096,2024-01-14 20:56:47.721544,Office Desk,Furniture,North,Jaipur,3,12456.9,5.0,35502.16,27916.45,7585.71,New,Credit Card
ORD1097,2024-01-15 00:27:04.644928,Smartphone,Electronics,North,Chandigarh,5,25769.46,15.0,109520.2,79792.27,29727.93,New,UPI
ORD1098,2024-01-15 03:57:21.568313,Laptop,Electronics,Central,Nagpur,10,55462.22,15.0,471428.87,292138.95,179289.92,New,Net Banking
ORD1099,2024-01-15 07:27:38.491698,USB Drive,Accessories,East,Kolkata,1,873.51,0.0,873.51,531.68,341.83,New,UPI
ORD1100,2024-01-15 10:57:55.415083,Printer,Electronics,East,Kolkata,4,12841.09,0.0,51364.36,42861.11,8503.25,Premium,Credit Card
ORD1101,2024-01-15 14:28:12.338467,Tablet,Electronics,Central,Indore,6,22922.69,5.0,130659.33,86807.25,43852.08,Premium,Credit Card
ORD1102,2024-01-15 17:58:29.261852,Office Desk,Furniture,Central,Nagpur,4,11451.66,5.0,43516.31,30232.61,13283.7,Premium,Debit Card
ORD1103,2024-01-15 21:28:46.185237,Headphones,Accessories,West,Pune,7,3001.01,5.0,19956.72,15941.81,4014.91,Premium,Net Banking
ORD1104,2024-01-16 00:59:03.108621,Tablet,Electronics,Central,Bhopal,7,20487.59,5.0,136242.47,105222.13,31020.34,Regular,Debit Card
ORD1105,2024-01-16 04:29:20.032006,Laptop,Electronics,South,Hyderabad,6,53116.54,20.0,254959.39,214711.86,40247.53,Regular,Net Banking
ORD1106,2024-01-16 07:59:36.955391,Tablet,Electronics,South,Bengaluru,9,24187.42,0.0,217686.78,135664.53,82022.25,New,UPI
ORD1107,2024-01-16 11:29:53.878775,Printer,Electronics,East,Patna,2,11337.23,0.0,22674.46,17611.93,5062.53,New,UPI
ORD1108,2024-01-16 15:00:10.802160,Webcam,Electronics,West,Pune,10,3638.81,5.0,34568.7,21451.86,13116.84,Regular,Debit Card
ORD1109,2024-01-16 18:30:27.725545,Backpack,Accessories,West,Ahmedabad,8,1705.83,10.0,12281.98,7369.7,4912.28,Premium,Cash
ORD1110,2024-01-16 22:00:44.648929,Tablet,Electronics,South,Hyderabad,8,23927.79,5.0,181851.2,114576.72,67274.48,Regular,Credit Card
ORD1111,2024-01-17 01:31:01.572314,Laptop,Electronics,North,Chandigarh,10,52911.46,25.0,396835.95,299286.32,97549.63,Regular,Debit Card
ORD1112,2024-01-17 05:01:18.495699,Printer,Electronics,West,Mumbai,4,11632.05,15.0,39548.97,30415.06,9133.91,New,Debit Card
ORD1113,2024-01-17 08:31:35.419083,Backpack,Accessories,North,Lucknow,6,1833.79,25.0,8252.06,5855.54,2396.52,Regular,UPI
ORD1114,2024-01-17 12:01:52.342468,Mouse,Accessories,West,Pune,6,814.1,10.0,4396.14,2688.32,1707.82,Regular,Credit Card
ORD1115,2024-01-17 15:32:09.265853,Smartwatch,Accessories,West,Surat,5,6094.89,15.0,25903.28,19648.02,6255.26,Premium,Debit Card
ORD1116,2024-01-17 19:02:26.189237,Webcam,Electronics,West,Surat,1,3551.28,10.0,3196.15,1986.26,1209.89,Premium,UPI
ORD1117,2024-01-17 22:32:43.112622,Webcam,Electronics,West,Pune,3,3368.53,15.0,8589.75,5458.2,3131.55,Regular,UPI
ORD1118,2024-01-18 02:03:00.036007,Power Bank,Accessories,Central,Bhopal,7,1776.39,5.0,11812.99,8601.56,3211.43,New,Debit Card
ORD1119,2024-01-18 05:33:16.959391,Bookshelf,Furniture,East,Bhubaneswar,8,7130.81,5.0,54194.16,37128.06,17066.1,New,Debit Card
ORD1120,2024-01-18 09:03:33.882776,Bluetooth Speaker,Accessories,West,Mumbai,2,3102.76,10.0,5584.97,3999.89,1585.08,Regular,UPI
ORD1121,2024-01-18 12:33:50.806161,Mouse,Accessories,West,Pune,3,760.5,15.0,1939.28,1471.47,467.81,Premium,Debit Card
ORD1122,2024-01-18 16:04:07.729545,Router,Electronics,North,Jaipur,4,2600.74,20.0,8322.37,5326.33,2996.04,New,Credit Card
ORD1123,2024-01-18 19:34:24.652930,Gaming Mouse,Accessories,North,Delhi,5,2386.24,10.0,10738.08,8840.36,1897.72,New,UPI
ORD1124,2024-01-18 23:04:41.576315,Monitor,Electronics,South,Hyderabad,3,15773.78,10.0,42589.21,31510.48,11078.73,Regular,UPI
ORD1125,2024-01-19 02:34:58.499699,Printer,Electronics,East,Patna,5,11002.16,25.0,41258.1,24982.74,16275.36,Premium,Debit Card
ORD1126,2024-01-19 06:05:15.423084,Mouse,Accessories,West,Surat,8,795.06,0.0,6360.48,4815.6,1544.88,Regular,Debit Card
ORD1127,2024-01-19 09:35:32.346469,Bookshelf,Furniture,Central,Nagpur,8,6909.37,10.0,49747.46,35608.97,14138.49,Regular,Debit Card
ORD1128,2024-01-19 13:05:49.269853,Webcam,Electronics,North,Jaipur,2,3385.55,20.0,5416.88,4200.3,1216.58,Regular,Credit Card
ORD1129,2024-01-19 16:36:06.193238,Office Chair,Furniture,North,Delhi,6,8984.38,5.0,51210.97,40764.36,10446.61,New,UPI
ORD1130,2024-01-19 20:06:23.116623,Monitor,Electronics,Central,Indore,4,14818.9,15.0,50384.26,42056.31,8327.95,New,Cash
ORD1131,2024-01-19 23:36:40.040008,Bookshelf,Furniture,North,Delhi,9,6308.64,0.0,56777.76,48237.62,8540.14,Regular,Credit Card
ORD1132,2024-01-20 03:06:56.963392,Mouse,Accessories,East,Bhubaneswar,10,757.85,15.0,6441.72,4750.15,1691.57,Premium,Credit Card
ORD1133,2024-01-20 06:37:13.886777,Bluetooth Speaker,Accessories,West,Pune,2,2828.27,5.0,5373.71,3978.57,1395.14,Regular,UPI
ORD1134,2024-01-20 10:07:30.810162,Smartphone,Electronics,East,Patna,8,24246.3,10.0,174573.36,105723.6,68849.76,Regular,Cash
ORD1135,2024-01-20 13:37:47.733546,Power Bank,Accessories,North,Delhi,1,1682.8,25.0,1262.1,1030.24,231.86,Regular,UPI
ORD1136,2024-01-20 17:08:04.656931,Bookshelf,Furniture,North,Jaipur,6,6394.92,20.0,30695.62,18637.75,12057.87,Regular,Credit Card
ORD1137,2024-01-20 20:38:21.580316,Keyboard,Accessories,North,Chandigarh,10,1408.98,0.0,14089.8,10682.41,3407.39,New,Debit Card
ORD1138,2024-01-21 00:08:38.503700,Office Desk,Furniture,West,Pune,1,12850.05,20.0,10280.04,6421.37,3858.67,Regular,UPI
ORD1139,2024-01-21 03:38:55.427085,Office Desk,Furniture,East,Bhubaneswar,2,12712.89,20.0,20340.62,13657.91,6682.71,Regular,UPI
ORD1140,2024-01-21 07:09:12.350470,Gaming Mouse,Accessories,South,Bengaluru,3,2174.52,20.0,5218.85,3314.4,1904.45,Regular,Debit Card
ORD1141,2024-01-21 10:39:29.273854,Office Chair,Furniture,West,Surat,9,9680.07,20.0,69696.5,44211.88,25484.62,Premium,Cash
ORD1142,2024-01-21 14:09:46.197239,Mouse,Accessories,Central,Indore,5,757.23,5.0,3596.84,2225.19,1371.65,Premium,Cash
ORD1143,2024-01-21 17:40:03.120624,Laptop,Electronics,North,Chandigarh,10,55926.3,20.0,447410.4,304002.17,143408.23,New,UPI
ORD1144,2024-01-21 21:10:20.044008,Laptop,Electronics,East,Patna,10,51072.17,25.0,383041.28,270393.76,112647.52,Regular,Debit Card
ORD1145,2024-01-22 00:40:36.967393,Gaming Mouse,Accessories,West,Mumbai,2,2346.7,20.0,3754.72,2688.82,1065.9,Regular,UPI
ORD1146,2024-01-22 04:10:53.890778,Bookshelf,Furniture,South,Hyderabad,10,6482.81,5.0,61586.7,43722.06,17864.64,Regular,Debit Card
ORD1147,2024-01-22 07:41:10.814162,Smartwatch,Accessories,South,Chennai,5,5438.23,15.0,23112.48,16893.44,6219.04,Regular,Credit Card
ORD1148,2024-01-22 11:11:27.737547,Tablet,Electronics,West,Mumbai,5,21003.15,5.0,99764.96,81303.13,18461.83,Regular,Debit Card
ORD1149,2024-01-22 14:41:44.660932,Mouse,Accessories,Central,Indore,1,864.15,25.0,648.11,491.23,156.88,Premium,UPI
ORD1150,2024-01-22 18:12:01.584316,Keyboard,Accessories,Central,Indore,3,1388.84,25.0,3124.89,1888.44,1236.45,Regular,Net Banking
ORD1151,2024-01-22 21:42:18.507701,Headphones,Accessories,West,Surat,5,2898.4,10.0,13042.8,8389.63,4653.17,Premium,Cash
ORD1152,2024-01-23 01:12:35.431086,Smartwatch,Accessories,West,Mumbai,9,5779.7,5.0,49416.43,33960.82,15455.61,New,UPI
ORD1153,2024-01-23 04:42:52.354470,Printer,Electronics,South,Hyderabad,10,12723.95,15.0,108153.58,90552.77,17600.81,Regular,Debit Card
ORD1154,2024-01-23 08:13:09.277855,Laptop,Electronics,West,Mumbai,1,54136.78,10.0,48723.1,30184.93,18538.17,Regular,Debit Card
ORD1155,2024-01-23 11:43:26.201240,Bluetooth Speaker,Accessories,East,Bhubaneswar,8,3066.94,10.0,22081.97,17169.39,4912.58,Premium,Cash
ORD1156,2024-01-23 15:13:43.124624,Power Bank,Accessories,North,Jaipur,1,1765.58,0.0,1765.58,1073.96,691.62,Regular,UPI
ORD1157,2024-01-23 18:44:00.048009,Office Desk,Furniture,West,Pune,9,12123.5,20.0,87289.2,60284.91,27004.29,New,Net Banking
ORD1158,2024-01-23 22:14:16.971394,Webcam,Electronics,West,Ahmedabad,6,3193.71,10.0,17246.03,13668.12,3577.91,Regular,Credit Card
ORD1159,2024-01-24 01:44:33.894778,Smartwatch,Accessories,South,Hyderabad,1,5848.84,10.0,5263.96,3610.98,1652.98,Regular,Net Banking
ORD1160,2024-01-24 05:14:50.818163,Gaming Mouse,Accessories,Central,Indore,8,2356.25,25.0,14137.5,10003.28,4134.22,Regular,Credit Card
ORD1161,2024-01-24 08:45:07.741548,Router,Electronics,North,Chandigarh,5,2595.53,15.0,11031.0,9115.2,1915.8,Regular,Credit Card
ORD1162,2024-01-24 12:15:24.664932,Router,Electronics,South,Chennai,7,2740.91,10.0,17267.73,10646.29,6621.44,Premium,UPI
ORD1163,2024-01-24 15:45:41.588317,Gaming Mouse,Accessories,North,Delhi,7,2326.68,15.0,13843.75,10132.46,3711.29,Regular,Credit Card
ORD1164,2024-01-24 19:15:58.511702,Office Desk,Furniture,West,Pune,7,11883.62,20.0,66548.27,46022.08,20526.19,New,Debit Card
ORD1165,2024-01-24 22:46:15.435087,Mouse,Accessories,West,Mumbai,6,828.2,25.0,3726.9,3134.15,592.75,Regular,Credit Card
ORD1166,2024-01-25 02:16:32.358471,Smartphone,Electronics,South,Chennai,8,26379.57,0.0,211036.56,168496.33,42540.23,Regular,Credit Card
ORD1167,2024-01-25 05:46:49.281856,Tablet,Electronics,West,Ahmedabad,9,20986.61,0.0,188879.49,119092.14,69787.35,Premium,Cash
ORD1168,2024-01-25 09:17:06.205241,Router,Electronics,South,Bengaluru,2,2280.01,20.0,3648.02,3034.61,613.41,New,Cash
ORD1169,2024-01-25 12:47:23.128625,Printer,Electronics,West,Mumbai,7,11774.03,20.0,65934.57,43042.31,22892.26,New,UPI
ORD1170,2024-01-25 16:17:40.052010,Router,Electronics,East,Kolkata,2,2322.34,25.0,3483.51,2163.97,1319.54,New,UPI
ORD1171,2024-01-25 19:47:56.975395,Router,Electronics,East,Patna,6,2388.62,25.0,10748.79,7904.64,2844.15,Regular,Debit Card
ORD1172,2024-01-25 23:18:13.898779,Router,Electronics,Central,Bhopal,2,2723.42,5.0,5174.5,4057.63,1116.87,New,Cash
ORD1173,2024-01-26 02:48:30.822164,Smartphone,Electronics,South,Bengaluru,10,26735.41,10.0,240618.69,187445.02,53173.67,Regular,Net Banking
ORD1174,2024-01-26 06:18:47.745549,Smartphone,Electronics,North,Chandigarh,6,25462.32,10.0,137496.53,100855.63,36640.9,Regular,UPI
ORD1175,2024-01-26 09:49:04.668933,Printer,Electronics,West,Surat,2,11763.02,10.0,21173.44,15312.3,5861.14,Regular,UPI
ORD1176,2024-01-26 13:19:21.592318,Laptop,Electronics,Central,Bhopal,1,52407.63,15.0,44546.49,37525.34,7021.15,Regular,Cash
ORD1177,2024-01-26 16:49:38.515703,Laptop,Electronics,South,Chennai,7,55786.04,5.0,370977.17,298688.45,72288.72,Premium,Cash
ORD1178,2024-01-26 20:19:55.439087,Bluetooth Speaker,Accessories,North,Delhi,3,3019.9,10.0,8153.73,6316.37,1837.36,Regular,Debit Card
ORD1179,2024-01-26 23:50:12.362472,Smartphone,Electronics,South,Bengaluru,4,26403.9,15.0,89773.26,58245.15,31528.11,New,Cash
ORD1180,2024-01-27 03:20:29.285857,Office Desk,Furniture,East,Patna,6,13027.25,15.0,66438.97,53479.56,12959.41,Regular,Credit Card
ORD1181,2024-01-27 06:50:46.209241,Keyboard,Accessories,North,Delhi,5,1448.68,0.0,7243.4,5703.78,1539.62,Regular,Net Banking
ORD1182,2024-01-27 10:21:03.132626,Monitor,Electronics,West,Pune,4,14118.89,15.0,48004.23,40707.91,7296.32,New,Credit Card
ORD1183,2024-01-27 13:51:20.056011,Office Chair,Furniture,Central,Nagpur,9,8825.04,20.0,63540.29,40236.81,23303.48,Regular,Credit Card
ORD1184,2024-01-27 17:21:36.979395,Router,Electronics,East,Patna,6,2468.77,25.0,11109.46,8652.31,2457.15,Premium,Credit Card
ORD1185,2024-01-27 20:51:53.902780,Keyboard,Accessories,South,Bengaluru,6,1361.96,15.0,6946.0,5867.78,1078.22,Regular,UPI
ORD1186,2024-01-28 00:22:10.826165,Printer,Electronics,East,Patna,2,12868.07,20.0,20588.91,14734.42,5854.49,Regular,Credit Card
ORD1187,2024-01-28 03:52:27.749549,Gaming Mouse,Accessories,North,Delhi,6,2418.06,20.0,11606.69,9092.13,2514.56,Regular,UPI
ORD1188,2024-01-28 07:22:44.672934,Smartphone,Electronics,Central,Indore,7,27116.04,0.0,189812.28,160171.7,29640.58,Premium,Cash
ORD1189,2024-01-28 10:53:01.596319,Keyboard,Accessories,East,Patna,8,1608.2,0.0,12865.6,9480.29,3385.31,Premium,Net Banking
ORD1190,2024-01-28 14:23:18.519703,Office Chair,Furniture,South,Bengaluru,8,9886.68,15.0,67229.42,52086.69,15142.73,Regular,Net Banking
ORD1191,2024-01-28 17:53:35.443088,USB Drive,Accessories,West,Pune,9,973.41,0.0,8760.69,5300.4,3460.29,Regular,Credit Card
ORD1192,2024-01-28 21:23:52.366473,USB Drive,Accessories,East,Bhubaneswar,10,933.91,0.0,9339.1,6816.76,2522.34,Regular,Net Banking
ORD1193,2024-01-29 00:54:09.289857,Laptop,Electronics,West,Mumbai,3,51334.32,25.0,115502.22,76687.71,38814.51,Regular,UPI
ORD1194,2024-01-29 04:24:26.213242,Smartwatch,Accessories,North,Chandigarh,10,5587.62,10.0,50288.58,31823.17,18465.41,New,Cash
ORD1195,2024-01-29 07:54:43.136627,Keyboard,Accessories,Central,Bhopal,7,1364.63,15.0,8119.55,6310.1,1809.45,Regular,Credit Card
ORD1196,2024-01-29 11:25:00.060012,USB Drive,Accessories,Central,Indore,7,884.13,15.0,5260.57,3207.75,2052.82,Regular,Debit Card
ORD1197,2024-01-29 14:55:16.983396,Tablet,Electronics,West,Pune,1,23358.83,15.0,19855.01,16404.53,3450.48,New,Net Banking
ORD1198,2024-01-29 18:25:33.906781,Gaming Mouse,Accessories,Central,Nagpur,8,2195.73,0.0,17565.84,12813.29,4752.55,New,Net Banking
ORD1199,2024-01-29 21:55:50.830166,Monitor,Electronics,North,Delhi,4,14598.97,25.0,43796.91,33375.77,10421.14,New,Credit Card
ORD1200,2024-01-30 01:26:07.753550,Bluetooth Speaker,Accessories,East,Kolkata,5,2765.54,0.0,13827.7,9172.73,4654.97,Regular,Net Banking
ORD1201,2024-01-30 04:56:24.676935,Tablet,Electronics,West,Mumbai,6,20027.71,20.0,96133.01,62058.5,34074.51,Regular,Net Banking
ORD1202,2024-01-30 08:26:41.600320,Bluetooth Speaker,Accessories,West,Mumbai,3,2939.51,5.0,8377.6,5537.08,2840.52,New,Debit Card
ORD1203,2024-01-30 11:56:58.523704,Gaming Mouse,Accessories,East,Kolkata,5,2023.97,5.0,9613.86,6326.62,3287.24,Premium,UPI
ORD1204,2024-01-30 15:27:15.447089,Mouse,Accessories,South,Bengaluru,10,736.57,5.0,6997.42,5710.77,1286.65,Regular,Credit Card
ORD1205,2024-01-30 18:57:32.370474,Gaming Mouse,Accessories,North,Chandigarh,5,2153.95,10.0,9692.78,7723.54,1969.24,New,Credit Card
ORD1206,2024-01-30 22:27:49.293858,Smartwatch,Accessories,South,Chennai,1,6003.41,0.0,6003.41,4881.88,1121.53,New,Debit Card
ORD1207,2024-01-31 01:58:06.217243,Laptop,Electronics,North,Chandigarh,3,51553.51,20.0,123728.42,96968.19,26760.23,Regular,Debit Card
ORD1208,2024-01-31 05:28:23.140628,Headphones,Accessories,West,Surat,3,3110.78,20.0,7465.87,5680.69,1785.18,New,UPI
ORD1209,2024-01-31 08:58:40.064012,Mouse,Accessories,South,Chennai,1,786.99,5.0,747.64,547.25,200.39,New,Cash
ORD1210,2024-01-31 12:28:56.987397,External Hard Drive,Electronics,North,Chandigarh,7,5969.5,25.0,31339.88,20883.97,10455.91,Regular,Credit Card
ORD1211,2024-01-31 15:59:13.910782,Headphones,Accessories,West,Pune,1,3082.22,10.0,2774.0,2153.57,620.43,Regular,Net Banking
ORD1212,2024-01-31 19:29:30.834166,Laptop,Electronics,West,Surat,7,53426.39,10.0,336586.26,213444.86,123141.4,Regular,UPI
ORD1213,2024-01-31 22:59:47.757551,Office Chair,Furniture,Central,Indore,4,8194.18,5.0,31137.88,22661.07,8476.81,Regular,Credit Card
ORD1214,2024-02-01 02:30:04.680936,External Hard Drive,Electronics,West,Pune,9,7082.38,5.0,60554.35,39288.79,21265.56,Premium,UPI
ORD1215,2024-02-01 06:00:21.604320,Power Bank,Accessories,South,Hyderabad,7,1825.63,0.0,12779.41,9280.28,3499.13,New,Cash
ORD1216,2024-02-01 09:30:38.527705,Tablet,Electronics,Central,Nagpur,5,21901.97,25.0,82132.39,55314.26,26818.13,New,Credit Card
ORD1217,2024-02-01 13:00:55.451090,Mouse,Accessories,East,Bhubaneswar,7,857.46,10.0,5402.0,3313.42,2088.58,Premium,Net Banking
ORD1218,2024-02-01 16:31:12.374474,USB Drive,Accessories,North,Chandigarh,9,978.61,20.0,7045.99,5114.88,1931.11,Regular,Credit Card
ORD1219,2024-02-01 20:01:29.297859,USB Drive,Accessories,West,Surat,10,849.66,5.0,8071.77,5209.98,2861.79,Regular,UPI
ORD1220,2024-02-01 23:31:46.221244,Gaming Mouse,Accessories,Central,Nagpur,6,2336.46,0.0,14018.76,8976.05,5042.71,New,Cash
ORD1221,2024-02-02 03:02:03.144628,Router,Electronics,South,Hyderabad,1,2665.54,20.0,2132.43,1484.37,648.06,New,UPI
ORD1222,2024-02-02 06:32:20.068013,Smartphone,Electronics,South,Bengaluru,6,22772.01,10.0,122968.85,84903.45,38065.4,New,UPI
ORD1223,2024-02-02 10:02:36.991398,Laptop,Electronics,North,Jaipur,1,57331.39,5.0,54464.82,44483.57,9981.25,Regular,Debit Card
ORD1224,2024-02-02 13:32:53.914782,USB Drive,Accessories,North,Lucknow,4,821.33,25.0,2463.99,1826.21,637.78,New,UPI
ORD1225,2024-02-02 17:03:10.838167,Office Desk,Furniture,East,Patna,8,12227.22,5.0,92926.87,75609.19,17317.68,Regular,Cash
ORD1226,2024-02-02 20:33:27.761552,Printer,Electronics,West,Ahmedabad,5,12406.17,25.0,46523.14,29621.7,16901.44,Regular,Net Banking
ORD1227,2024-02-03 00:03:44.684936,Printer,Electronics,North,Chandigarh,5,11680.94,0.0,58404.7,40259.97,18144.73,New,Debit Card
ORD1228,2024-02-03 03:34:01.608321,Smartwatch,Accessories,Central,Bhopal,10,6456.94,0.0,64569.4,47705.97,16863.43,New,UPI
ORD1229,2024-02-03 07:04:18.531706,Smartwatch,Accessories,West,Surat,8,6360.61,10.0,45796.39,29231.01,16565.38,Regular,Credit Card
ORD1230,2024-02-03 10:34:35.455091,Tablet,Electronics,West,Surat,8,23874.22,25.0,143245.32,90533.09,52712.23,New,Debit Card
ORD1231,2024-02-03 14:04:52.378475,Bluetooth Speaker,Accessories,Central,Bhopal,1,2888.93,5.0,2744.48,2100.49,643.99,New,Cash
ORD1232,2024-02-03 17:35:09.301860,USB Drive,Accessories,North,Lucknow,5,813.88,0.0,4069.4,3106.82,962.58,New,Credit Card
ORD1233,2024-02-03 21:05:26.225245,USB Drive,Accessories,East,Kolkata,5,956.06,5.0,4541.28,2990.61,1550.67,Regular,Cash
ORD1234,2024-02-04 00:35:43.148629,Tablet,Electronics,West,Mumbai,8,20781.1,10.0,149623.92,98270.13,51353.79,Regular,Credit Card
ORD1235,2024-02-04 04:06:00.072014,Gaming Mouse,Accessories,Central,Bhopal,1,2185.55,25.0,1639.16,1288.97,350.19,New,Net Banking
ORD1236,2024-02-04 07:36:16.995399,Laptop,Electronics,West,Pune,7,58490.53,5.0,388962.02,244753.17,144208.85,Regular,Cash
ORD1237,2024-02-04 11:06:33.918783,Gaming Mouse,Accessories,South,Chennai,7,2075.1,20.0,11620.56,9654.55,1966.01,Premium,Credit Card
ORD1238,2024-02-04 14:36:50.842168,Office Chair,Furniture,Central,Bhopal,9,8661.44,5.0,74055.31,61905.4,12149.91,Regular,Cash
ORD1239,2024-02-04 18:07:07.765553,Router,Electronics,North,Jaipur,2,2469.54,15.0,4198.22,3433.09,765.13,New,Debit Card
ORD1240,2024-02-04 21:37:24.688937,Headphones,Accessories,Central,Nagpur,3,2863.09,15.0,7300.88,4765.06,2535.82,Regular,Cash
ORD1241,2024-02-05 01:07:41.612322,Monitor,Electronics,Central,Nagpur,4,14883.96,10.0,53582.26,32374.42,21207.84,Regular,Cash
ORD1242,2024-02-05 04:37:58.535707,Keyboard,Accessories,North,Chandigarh,1,1352.88,10.0,1217.59,1015.68,201.91,Premium,Credit Card
ORD1243,2024-02-05 08:08:15.459091,Headphones,Accessories,West,Pune,7,2827.31,10.0,17812.05,12218.94,5593.11,Premium,Cash
ORD1244,2024-02-05 11:38:32.382476,Gaming Mouse,Accessories,North,Delhi,10,2346.32,20.0,18770.56,12718.98,6051.58,Regular,Net Banking
ORD1245,2024-02-05 15:08:49.305861,Tablet,Electronics,East,Bhubaneswar,3,21619.32,25.0,48643.47,32368.31,16275.16,Regular,UPI
ORD1246,2024-02-05 18:39:06.229245,USB Drive,Accessories,East,Kolkata,3,924.55,20.0,2218.92,1467.0,751.92,Premium,Debit Card
ORD1247,2024-02-05 22:09:23.152630,Tablet,Electronics,West,Mumbai,3,20822.07,5.0,59342.9,46503.37,12839.53,Regular,Credit Card
ORD1248,2024-02-06 01:39:40.076015,External Hard Drive,Electronics,Central,Indore,8,6694.84,0.0,53558.72,44291.64,9267.08,Regular,Cash
ORD1249,2024-02-06 05:09:56.999399,Backpack,Accessories,West,Surat,9,1979.99,25.0,13364.93,10645.36,2719.57,New,Cash
ORD1250,2024-02-06 08:40:13.922784,External Hard Drive,Electronics,East,Patna,10,6623.87,15.0,56302.9,43270.3,13032.6,New,Cash
ORD1251,2024-02-06 12:10:30.846169,Smartphone,Electronics,Central,Nagpur,2,25641.79,15.0,43591.04,29290.54,14300.5,Regular,Debit Card
ORD1252,2024-02-06 15:40:47.769553,Tablet,Electronics,Central,Nagpur,10,20290.69,15.0,172470.86,127066.33,45404.53,Regular,UPI
ORD1253,2024-02-06 19:11:04.692938,USB Drive,Accessories,North,Chandigarh,10,882.61,5.0,8384.8,5527.61,2857.19,Premium,Net Banking
ORD1254,2024-02-06 22:41:21.616323,Smartwatch,Accessories,Central,Bhopal,1,6432.87,5.0,6111.23,3837.1,2274.13,Premium,Net Banking
ORD1255,2024-02-07 02:11:38.539707,Monitor,Electronics,North,Chandigarh,9,16002.82,10.0,129622.84,81671.88,47950.96,New,Credit Card
ORD1256,2024-02-07 05:41:55.463092,Laptop,Electronics,Central,Nagpur,6,55246.39,0.0,331478.34,248921.1,82557.24,Regular,UPI
ORD1257,2024-02-07 09:12:12.386477,Monitor,Electronics,South,Chennai,9,16210.36,10.0,131303.92,80045.48,51258.44,New,UPI
ORD1258,2024-02-07 12:42:29.309861,Laptop,Electronics,North,Jaipur,6,51072.31,5.0,291112.17,245498.86,45613.31,Regular,Debit Card
ORD1259,2024-02-07 16:12:46.233246,Backpack,Accessories,East,Bhubaneswar,2,1856.95,20.0,2971.12,2522.08,449.04,Regular,Cash
ORD1260,2024-02-07 19:43:03.156631,USB Drive,Accessories,West,Mumbai,1,854.8,10.0,769.32,490.33,278.99,New,UPI
ORD1261,2024-02-07 23:13:20.080016,Gaming Mouse,Accessories,South,Hyderabad,8,2264.05,25.0,13584.3,9601.73,3982.57,New,Cash
ORD1262,2024-02-08 02:43:37.003400,Headphones,Accessories,North,Jaipur,3,2752.44,5.0,7844.45,6212.95,1631.5,New,Debit Card
ORD1263,2024-02-08 06:13:53.926785,Mouse,Accessories,West,Ahmedabad,1,870.98,5.0,827.43,694.02,133.41,New,Credit Card
ORD1264,2024-02-08 09:44:10.850170,Tablet,Electronics,Central,Indore,8,23259.86,20.0,148863.1,122489.07,26374.03,Premium,Credit Card
ORD1265,2024-02-08 13:14:27.773554,Router,Electronics,South,Bengaluru,1,2350.48,20.0,1880.38,1247.99,632.39,New,Cash
ORD1266,2024-02-08 16:44:44.696939,Laptop,Electronics,South,Hyderabad,8,56510.04,20.0,361664.26,224701.73,136962.53,New,Cash
ORD1267,2024-02-08 20:15:01.620324,USB Drive,Accessories,East,Patna,1,946.65,0.0,946.65,636.32,310.33,New,UPI
ORD1268,2024-02-08 23:45:18.543708,Office Desk,Furniture,North,Lucknow,9,11302.67,25.0,76293.02,54115.35,22177.67,Premium,Debit Card
ORD1269,2024-02-09 03:15:35.467093,Bluetooth Speaker,Accessories,Central,Nagpur,9,2756.0,5.0,23563.8,16258.66,7305.14,Regular,Credit Card
ORD1270,2024-02-09 06:45:52.390478,Backpack,Accessories,Central,Unknown,9,1746.64,20.0,12575.81,9978.49,2597.32,New,UPI
ORD1271,2024-02-09 10:16:09.313862,Keyboard,Accessories,West,Pune,3,1390.73,0.0,4172.19,2772.2,1399.99,Regular,Net Banking
ORD1272,2024-02-09 13:46:26.237247,Keyboard,Accessories,South,Chennai,4,1519.71,15.0,5167.01,4209.35,957.66,Regular,UPI
ORD1273,2024-02-09 17:16:43.160632,Bookshelf,Furniture,West,Mumbai,5,6893.76,25.0,25851.6,16969.21,8882.39,Regular,Cash
ORD1274,2024-02-09 20:47:00.084016,Bluetooth Speaker,Accessories,West,Mumbai,6,2977.45,15.0,15184.99,10482.78,4702.21,Regular,Net Banking
ORD1275,2024-02-10 00:17:17.007401,Headphones,Accessories,Central,Bhopal,9,3025.72,15.0,23146.76,16479.39,6667.37,New,UPI
ORD1276,2024-02-10 03:47:33.930786,Smartphone,Electronics,West,Ahmedabad,4,27410.26,5.0,104158.99,70078.64,34080.35,Premium,Debit Card
ORD1277,2024-02-10 07:17:50.854170,Laptop,Electronics,West,Ahmedabad,6,58218.99,0.0,349313.94,276514.49,72799.45,Regular,Credit Card
ORD1278,2024-02-10 10:48:07.777555,Webcam,Electronics,West,Surat,1,3590.63,0.0,3590.63,2522.01,1068.62,Regular,Net Banking
ORD1279,2024-02-10 14:18:24.700940,Laptop,Electronics,East,Patna,2,53500.76,15.0,90951.29,74739.81,16211.48,New,Debit Card
ORD1280,2024-02-10 17:48:41.624324,Printer,Electronics,Central,Nagpur,8,10864.97,25.0,65189.82,54817.93,10371.89,Regular,UPI
ORD1281,2024-02-10 21:18:58.547709,USB Drive,Accessories,East,Bhubaneswar,4,830.97,10.0,2991.49,2437.92,553.57,Regular,Cash
ORD1282,2024-02-11 00:49:15.471094,Bluetooth Speaker,Accessories,West,Surat,10,3138.52,15.0,26677.42,19492.02,7185.4,New,Cash
ORD1283,2024-02-11 04:19:32.394478,Monitor,Electronics,South,Chennai,7,14607.61,5.0,97140.61,70665.14,26475.47,New,Debit Card
ORD1284,2024-02-11 07:49:49.317863,Tablet,Electronics,West,Surat,4,21271.52,15.0,72323.17,47297.05,25026.12,Regular,Cash
ORD1285,2024-02-11 11:20:06.241248,Router,Electronics,West,Pune,9,2694.49,25.0,18187.81,13605.74,4582.07,Regular,Credit Card
ORD1286,2024-02-11 14:50:23.164632,Router,Electronics,North,Chandigarh,9,2492.25,25.0,16822.69,14100.47,2722.22,Premium,Debit Card
ORD1287,2024-02-11 18:20:40.088017,Office Desk,Furniture,North,Lucknow,4,12958.98,15.0,44060.53,27324.21,16736.32,Regular,Debit Card
ORD1288,2024-02-11 21:50:57.011402,Backpack,Accessories,West,Surat,8,1939.19,0.0,15513.52,12226.43,3287.09,Regular,Cash
ORD1289,2024-02-12 01:21:13.934786,Keyboard,Accessories,West,Surat,6,1374.05,15.0,7007.65,5727.95,1279.7,New,Debit Card
ORD1290,2024-02-12 04:51:30.858171,Tablet,Electronics,East,Patna,1,23959.6,20.0,19167.68,16228.81,2938.87,Regular,UPI
ORD1291,2024-02-12 08:21:47.781556,Smartwatch,Accessories,South,Bengaluru,7,5492.35,20.0,30757.16,21028.35,9728.81,Premium,Net Banking
ORD1292,2024-02-12 11:52:04.704940,Printer,Electronics,West,Surat,1,13112.41,10.0,11801.17,8129.75,3671.42,Regular,Net Banking
ORD1293,2024-02-12 15:22:21.628325,Router,Electronics,North,Chandigarh,3,2476.31,5.0,7057.48,4639.9,2417.58,New,Cash
ORD1294,2024-02-12 18:52:38.551710,Backpack,Accessories,East,Bhubaneswar,8,1893.91,5.0,14393.72,11475.62,2918.1,New,Credit Card
ORD1295,2024-02-12 22:22:55.475095,Tablet,Electronics,North,Delhi,9,22907.04,0.0,206163.36,130915.77,75247.59,New,Credit Card
ORD1296,2024-02-13 01:53:12.398479,Laptop,Electronics,North,Jaipur,3,55203.44,5.0,157329.8,104929.81,52399.99,Regular,Cash
ORD1297,2024-02-13 05:23:29.321864,Gaming Mouse,Accessories,South,Chennai,1,2252.56,10.0,2027.3,1366.03,661.27,Premium,Cash
ORD1298,2024-02-13 08:53:46.245249,Laptop,Electronics,South,Chennai,1,59949.1,20.0,47959.28,33270.92,14688.36,New,Debit Card
ORD1299,2024-02-13 12:24:03.168633,Tablet,Electronics,North,Jaipur,7,23880.35,0.0,167162.45,117919.1,49243.35,Regular,Credit Card
ORD1300,2024-02-13 15:54:20.092018,External Hard Drive,Electronics,South,Bengaluru,5,6700.62,25.0,25127.32,18588.09,6539.23,Regular,Net Banking
ORD1301,2024-02-13 19:24:37.015403,Power Bank,Accessories,East,Bhubaneswar,1,1856.78,20.0,1485.42,1243.44,241.98,Premium,Cash
ORD1302,2024-02-13 22:54:53.938787,Tablet,Electronics,East,Bhubaneswar,6,20886.53,10.0,112787.26,74644.86,38142.4,Regular,Net Banking
ORD1303,2024-02-14 02:25:10.862172,Headphones,Accessories,South,Chennai,6,3197.17,0.0,19183.02,15246.76,3936.26,New,Net Banking
ORD1304,2024-02-14 05:55:27.785557,Backpack,Accessories,Central,Indore,4,1847.74,15.0,6282.32,4831.72,1450.6,New,Credit Card
ORD1305,2024-02-14 09:25:44.708941,External Hard Drive,Electronics,North,Jaipur,7,6924.12,5.0,46045.4,28963.13,17082.27,Regular,Net Banking
ORD1306,2024-02-14 12:56:01.632326,Webcam,Electronics,East,Kolkata,7,3610.5,10.0,22746.15,18255.93,4490.22,Regular,Debit Card
ORD1307,2024-02-14 16:26:18.555711,Smartphone,Electronics,North,Delhi,9,23996.6,0.0,215969.4,134473.98,81495.42,New,Debit Card
ORD1308,2024-02-14 19:56:35.479095,Power Bank,Accessories,North,Jaipur,1,1688.21,20.0,1350.57,1059.83,290.74,Regular,Credit Card
ORD1309,2024-02-14 23:26:52.402480,Smartphone,Electronics,West,Mumbai,5,22884.83,0.0,114424.15,89130.31,25293.84,Regular,Debit Card
ORD1310,2024-02-15 02:57:09.325865,Router,Electronics,West,Ahmedabad,10,2543.0,15.0,21615.5,16694.74,4920.76,Regular,Cash
ORD1311,2024-02-15 06:27:26.249249,Headphones,Accessories,Central,Nagpur,3,2870.43,10.0,7750.16,5186.2,2563.96,New,Credit Card
ORD1312,2024-02-15 09:57:43.172634,Laptop,Electronics,West,Ahmedabad,7,56435.6,0.0,395049.2,293656.56,101392.64,Premium,Net Banking
ORD1313,2024-02-15 13:28:00.096019,Smartwatch,Accessories,Central,Nagpur,4,5470.39,25.0,16411.17,12971.3,3439.87,Regular,Cash
ORD1314,2024-02-15 16:58:17.019403,Office Chair,Furniture,North,Chandigarh,4,8776.19,10.0,31594.28,23992.63,7601.65,Regular,Credit Card
ORD1315,2024-02-15 20:28:33.942788,USB Drive,Accessories,North,Delhi,1,856.9,10.0,771.21,617.8,153.41,Regular,Net Banking
ORD1316,2024-02-15 23:58:50.866173,Mouse,Accessories,North,Lucknow,1,779.25,20.0,623.4,481.25,142.15,Premium,Net Banking
ORD1317,2024-02-16 03:29:07.789557,Power Bank,Accessories,North,Jaipur,10,1639.54,5.0,15575.63,10414.06,5161.57,Regular,Net Banking
ORD1318,2024-02-16 06:59:24.712942,Tablet,Electronics,East,Patna,2,22986.4,25.0,34479.6,22007.09,12472.51,Regular,Net Banking
ORD1319,2024-02-16 10:29:41.636327,External Hard Drive,Electronics,West,Pune,2,6001.71,15.0,10202.91,7733.75,2469.16,Regular,Net Banking
ORD1320,2024-02-16 13:59:58.559711,Bookshelf,Furniture,North,Chandigarh,1,6320.16,0.0,6320.16,4992.54,1327.62,Regular,Credit Card
ORD1321,2024-02-16 17:30:15.483096,Mouse,Accessories,Central,Bhopal,8,871.41,5.0,6622.72,4209.27,2413.45,New,Debit Card
ORD1322,2024-02-16 21:00:32.406481,Monitor,Electronics,Central,Nagpur,6,14078.63,20.0,67577.42,43499.93,24077.49,Premium,Net Banking
ORD1323,2024-02-17 00:30:49.329865,Bookshelf,Furniture,South,Chennai,6,7459.29,5.0,42517.95,25639.06,16878.89,Premium,Cash
ORD1324,2024-02-17 04:01:06.253250,Gaming Mouse,Accessories,North,Delhi,10,2404.37,10.0,21639.33,15860.27,5779.06,Regular,Credit Card
ORD1325,2024-02-17 07:31:23.176635,Laptop,Electronics,North,Chandigarh,10,55375.33,10.0,498377.97,366593.26,131784.71,Regular,UPI
ORD1326,2024-02-17 11:01:40.100020,Headphones,Accessories,North,Jaipur,9,3015.67,15.0,23069.88,16726.1,6343.78,New,Debit Card
ORD1327,2024-02-17 14:31:57.023404,Backpack,Accessories,North,Chandigarh,5,1752.27,25.0,6571.01,4461.73,2109.28,Premium,Cash
ORD1328,2024-02-17 18:02:13.946789,USB Drive,Accessories,East,Patna,4,886.61,0.0,3546.44,2507.17,1039.27,Regular,Net Banking
ORD1329,2024-02-17 21:32:30.870174,Backpack,Accessories,South,Bengaluru,6,1793.55,0.0,10761.3,8518.21,2243.09,Regular,Credit Card
ORD1330,2024-02-18 01:02:47.793558,Office Desk,Furniture,South,Chennai,8,11165.03,20.0,71456.19,46121.34,25334.85,Premium,Credit Card
ORD1331,2024-02-18 04:33:04.716943,Bluetooth Speaker,Accessories,Central,Nagpur,1,2918.84,15.0,2481.01,1613.62,867.39,Regular,Net Banking
ORD1332,2024-02-18 08:03:21.640328,Webcam,Electronics,West,Ahmedabad,7,3721.28,0.0,26048.96,19972.9,6076.06,Regular,Cash
ORD1333,2024-02-18 11:33:38.563712,Smartphone,Electronics,Central,Bhopal,8,23411.99,25.0,140471.94,114726.98,25744.96,Regular,Credit Card
ORD1334,2024-02-18 15:03:55.487097,Smartphone,Electronics,North,Lucknow,9,26149.27,10.0,211809.09,145110.06,66699.03,Regular,Debit Card
ORD1335,2024-02-18 18:34:12.410482,Bluetooth Speaker,Accessories,South,Bengaluru,8,3090.95,15.0,21018.46,17512.29,3506.17,Regular,Cash
ORD1336,2024-02-18 22:04:29.333866,Router,Electronics,West,Surat,7,2278.65,5.0,15153.02,9310.3,5842.72,Regular,Net Banking
ORD1337,2024-02-19 01:34:46.257251,Gaming Mouse,Accessories,North,Lucknow,3,1989.87,15.0,5074.17,3194.85,1879.32,Premium,Cash
ORD1338,2024-02-19 05:05:03.180636,Power Bank,Accessories,North,Lucknow,2,1746.91,15.0,2969.75,2123.34,846.41,Regular,Cash
ORD1339,2024-02-19 08:35:20.104020,Keyboard,Accessories,West,Surat,3,1557.65,25.0,3504.71,2736.73,767.98,Regular,UPI
ORD1340,2024-02-19 12:05:37.027405,Webcam,Electronics,West,Mumbai,4,3381.29,25.0,10143.87,7026.75,3117.12,New,Net Banking
ORD1341,2024-02-19 15:35:53.950790,Office Chair,Furniture,East,Kolkata,4,9301.92,0.0,37207.68,27484.82,9722.86,New,Debit Card
ORD1342,2024-02-19 19:06:10.874174,Printer,Electronics,East,Bhubaneswar,6,12397.1,20.0,59506.08,36128.68,23377.4,Regular,Net Banking
ORD1343,2024-02-19 22:36:27.797559,Laptop,Electronics,East,Bhubaneswar,7,58372.1,20.0,326883.76,233871.79,93011.97,Regular,UPI
ORD1344,2024-02-20 02:06:44.720944,Headphones,Accessories,North,Jaipur,4,2759.69,25.0,8279.07,5469.52,2809.55,Regular,Net Banking
ORD1345,2024-02-20 05:37:01.644328,Office Desk,Furniture,South,Hyderabad,10,12185.11,0.0,121851.1,88840.69,33010.41,Regular,Net Banking
ORD1346,2024-02-20 09:07:18.567713,Office Desk,Furniture,North,Chandigarh,6,10949.99,0.0,65699.94,48056.77,17643.17,Regular,Debit Card
ORD1347,2024-02-20 12:37:35.491098,Printer,Electronics,North,Delhi,9,11222.27,0.0,101000.43,79617.6,21382.83,Regular,UPI
ORD1348,2024-02-20 16:07:52.414482,Mouse,Accessories,Central,Nagpur,6,772.08,25.0,3474.36,2553.52,920.84,Regular,Net Banking
ORD1349,2024-02-20 19:38:09.337867,Monitor,Electronics,West,Ahmedabad,3,15622.17,20.0,37493.21,28253.66,9239.55,Premium,Net Banking
ORD1350,2024-02-20 23:08:26.261252,Keyboard,Accessories,West,Surat,1,1642.16,0.0,1642.16,1202.74,439.42,Regular,Credit Card
ORD1351,2024-02-21 02:38:43.184636,Bookshelf,Furniture,South,Chennai,10,6779.53,25.0,50846.48,43097.19,7749.29,New,Net Banking
ORD1352,2024-02-21 06:09:00.108021,Gaming Mouse,Accessories,South,Hyderabad,10,2209.3,5.0,20988.35,16746.71,4241.64,Regular,Debit Card
ORD1353,2024-02-21 09:39:17.031406,Webcam,Electronics,South,Bengaluru,5,3331.34,5.0,15823.86,12483.62,3340.24,New,Credit Card
ORD1354,2024-02-21 13:09:33.954790,Tablet,Electronics,North,Chandigarh,10,22772.15,10.0,204949.35,155108.71,49840.64,Regular,UPI
ORD1355,2024-02-21 16:39:50.878175,Headphones,Accessories,North,Delhi,10,2919.95,5.0,27739.52,20307.9,7431.62,New,Cash
ORD1356,2024-02-21 20:10:07.801560,Gaming Mouse,Accessories,West,Surat,3,2191.9,15.0,5589.34,3835.35,1753.99,Regular,Debit Card
ORD1357,2024-02-21 23:40:24.724944,USB Drive,Accessories,West,Surat,8,912.21,10.0,6567.91,5228.0,1339.91,New,UPI
ORD1358,2024-02-22 03:10:41.648329,Bookshelf,Furniture,East,Kolkata,10,7260.74,5.0,68977.03,44655.89,24321.14,New,Credit Card
ORD1359,2024-02-22 06:40:58.571714,External Hard Drive,Electronics,East,Patna,1,5928.07,15.0,5038.86,3069.36,1969.5,Regular,Cash
ORD1360,2024-02-22 10:11:15.495099,Power Bank,Accessories,Central,Bhopal,2,1819.76,5.0,3457.54,2678.01,779.53,New,UPI
ORD1361,2024-02-22 13:41:32.418483,Bluetooth Speaker,Accessories,North,Chandigarh,3,2958.7,25.0,6657.07,4235.31,2421.76,New,Debit Card
ORD1362,2024-02-22 17:11:49.341868,Router,Electronics,South,Bengaluru,3,2316.88,15.0,5908.04,4879.78,1028.26,Regular,Credit Card
ORD1363,2024-02-22 20:42:06.265253,Bluetooth Speaker,Accessories,South,Hyderabad,8,2824.82,0.0,22598.56,17913.21,4685.35,New,Debit Card
ORD1364,2024-02-23 00:12:23.188637,Printer,Electronics,West,Mumbai,5,12921.34,25.0,48455.02,36368.45,12086.57,New,Debit Card
ORD1365,2024-02-23 03:42:40.112022,Smartwatch,Accessories,Central,Bhopal,8,6446.13,15.0,43833.68,29740.33,14093.35,New,Credit Card
ORD1366,2024-02-23 07:12:57.035407,Office Desk,Furniture,South,Bengaluru,6,10879.99,25.0,48959.96,37184.38,11775.58,Regular,Net Banking
ORD1367,2024-02-23 10:43:13.958791,Laptop,Electronics,Central,Bhopal,2,57083.42,0.0,114166.84,82110.41,32056.43,Regular,Debit Card
ORD1368,2024-02-23 14:13:30.882176,Laptop,Electronics,Central,Indore,4,55596.06,15.0,189026.6,127174.66,61851.94,Regular,Credit Card
ORD1369,2024-02-23 17:43:47.805561,Webcam,Electronics,South,Bengaluru,9,3807.87,15.0,29130.21,24360.71,4769.5,Premium,Debit Card
ORD1370,2024-02-23 21:14:04.728945,Smartphone,Electronics,South,Hyderabad,4,27040.03,25.0,81120.09,51955.17,29164.92,New,Net Banking
ORD1371,2024-02-24 00:44:21.652330,USB Drive,Accessories,East,Bhubaneswar,5,914.32,5.0,4343.02,3423.8,919.22,Regular,Credit Card
ORD1372,2024-02-24 04:14:38.575715,Headphones,Accessories,Central,Nagpur,5,2783.37,15.0,11829.32,9463.57,2365.75,Regular,UPI
ORD1373,2024-02-24 07:44:55.499099,Bookshelf,Furniture,North,Chandigarh,10,6943.74,5.0,65965.53,55275.73,10689.8,Regular,UPI
ORD1374,2024-02-24 11:15:12.422484,Laptop,Electronics,West,Pune,8,57476.81,15.0,390842.31,288189.18,102653.13,Premium,UPI
ORD1375,2024-02-24 14:45:29.345869,USB Drive,Accessories,South,Bengaluru,6,981.31,20.0,4710.29,3456.03,1254.26,Premium,Cash
ORD1376,2024-02-24 18:15:46.269253,Mouse,Accessories,West,Mumbai,10,778.21,10.0,7003.89,5813.74,1190.15,New,Debit Card
ORD1377,2024-02-24 21:46:03.192638,Printer,Electronics,East,Bhubaneswar,7,12683.21,5.0,84343.35,67497.73,16845.62,Premium,Debit Card
ORD1378,2024-02-25 01:16:20.116023,Tablet,Electronics,West,Ahmedabad,6,22806.7,5.0,129998.19,102816.75,27181.44,Premium,Credit Card
ORD1379,2024-02-25 04:46:37.039407,Office Desk,Furniture,Central,Bhopal,5,10987.9,0.0,54939.5,43802.4,11137.1,Regular,Cash
ORD1380,2024-02-25 08:16:53.962792,USB Drive,Accessories,Central,Indore,5,910.44,20.0,3641.76,2634.07,1007.69,Premium,Debit Card
ORD1381,2024-02-25 11:47:10.886177,Bluetooth Speaker,Accessories,Central,Indore,3,2810.11,0.0,8430.33,5145.49,3284.84,New,Credit Card
ORD1382,2024-02-25 15:17:27.809561,Printer,Electronics,North,Chandigarh,7,12440.52,20.0,69666.91,45253.27,24413.64,Regular,Net Banking
ORD1383,2024-02-25 18:47:44.732946,Backpack,Accessories,West,Ahmedabad,10,1839.63,20.0,14717.04,11195.96,3521.08,New,Debit Card
ORD1384,2024-02-25 22:18:01.656331,Printer,Electronics,North,Jaipur,5,13135.32,25.0,49257.45,34433.0,14824.45,New,Debit Card
ORD1385,2024-02-26 01:48:18.579715,Webcam,Electronics,East,Kolkata,7,3804.77,25.0,19975.04,15015.09,4959.95,Regular,Net Banking
ORD1386,2024-02-26 05:18:35.503100,Router,Electronics,East,Kolkata,2,2254.69,25.0,3382.04,2495.67,886.37,Regular,Net Banking
ORD1387,2024-02-26 08:48:52.426485,Backpack,Accessories,East,Kolkata,9,1648.81,15.0,12613.4,8951.29,3662.11,Regular,Debit Card
ORD1388,2024-02-26 12:19:09.349869,Gaming Mouse,Accessories,East,Bhubaneswar,8,2318.42,0.0,18547.36,12216.81,6330.55,Regular,Net Banking
ORD1389,2024-02-26 15:49:26.273254,Printer,Electronics,Central,Bhopal,5,12445.54,10.0,56004.93,43669.28,12335.65,Regular,Credit Card
ORD1390,2024-02-26 19:19:43.196639,Office Desk,Furniture,North,Lucknow,2,12722.27,20.0,20355.63,16839.42,3516.21,New,Debit Card
ORD1391,2024-02-26 22:50:00.120024,USB Drive,Accessories,West,Surat,6,858.03,20.0,4118.54,3263.91,854.63,Regular,Debit Card
ORD1392,2024-02-27 02:20:17.043408,USB Drive,Accessories,South,Bengaluru,8,962.88,5.0,7317.89,4610.34,2707.55,Regular,UPI
ORD1393,2024-02-27 05:50:33.966793,Mouse,Accessories,North,Chandigarh,7,790.79,15.0,4705.2,3455.91,1249.29,Regular,Debit Card
ORD1394,2024-02-27 09:20:50.890178,Monitor,Electronics,North,Delhi,8,14285.73,10.0,102857.26,83195.23,19662.03,Regular,UPI
ORD1395,2024-02-27 12:51:07.813562,Laptop,Electronics,Central,Nagpur,4,49616.69,25.0,148850.07,111301.96,37548.11,Regular,Net Banking
ORD1396,2024-02-27 16:21:24.736947,Printer,Electronics,Central,Indore,3,12891.27,20.0,30939.05,21963.39,8975.66,Regular,Net Banking
ORD1397,2024-02-27 19:51:41.660332,Power Bank,Accessories,Central,Nagpur,7,1812.72,5.0,12054.59,8090.28,3964.31,Regular,Credit Card
ORD1398,2024-02-27 23:21:58.583716,Printer,Electronics,Central,Nagpur,2,13140.92,0.0,26281.84,17939.92,8341.92,Premium,UPI
ORD1399,2024-02-28 02:52:15.507101,Monitor,Electronics,South,Bengaluru,5,15644.04,20.0,62576.16,41334.01,21242.15,Regular,Debit Card
ORD1400,2024-02-28 06:22:32.430486,Smartphone,Electronics,South,Hyderabad,7,22902.09,5.0,152298.9,98831.57,53467.33,Regular,UPI
ORD1401,2024-02-28 09:52:49.353870,Gaming Mouse,Accessories,West,Surat,1,2238.8,0.0,2238.8,1672.87,565.93,Regular,Net Banking
ORD1402,2024-02-28 13:23:06.277255,Power Bank,Accessories,East,Bhubaneswar,4,1626.16,15.0,5528.94,4021.45,1507.49,Regular,Net Banking
ORD1403,2024-02-28 16:53:23.200640,Bluetooth Speaker,Accessories,East,Bhubaneswar,2,3034.67,25.0,4552.0,3567.44,984.56,Regular,Credit Card
ORD1404,2024-02-28 20:23:40.124024,Laptop,Electronics,South,Hyderabad,6,53352.22,0.0,320113.32,216711.08,103402.24,Regular,Net Banking
ORD1405,2024-02-28 23:53:57.047409,Printer,Electronics,West,Mumbai,1,12343.91,20.0,9875.13,7062.75,2812.38,Regular,UPI
ORD1406,2024-02-29 03:24:13.970794,Bookshelf,Furniture,West,Ahmedabad,7,7058.2,10.0,44466.66,34243.44,10223.22,Regular,Debit Card
ORD1407,2024-02-29 06:54:30.894178,Monitor,Electronics,North,Lucknow,3,14284.05,0.0,42852.15,36030.45,6821.7,Regular,Debit Card
ORD1408,2024-02-29 10:24:47.817563,USB Drive,Accessories,East,Kolkata,1,839.22,10.0,755.3,519.06,236.24,Premium,UPI
ORD1409,2024-02-29 13:55:04.740948,USB Drive,Accessories,West,Pune,8,882.85,10.0,6356.52,4287.8,2068.72,Regular,Credit Card
ORD1410,2024-02-29 17:25:21.664332,Smartphone,Electronics,West,Surat,7,27434.18,0.0,192039.26,136793.81,55245.45,Premium,Debit Card
ORD1411,2024-02-29 20:55:38.587717,Router,Electronics,South,Chennai,2,2467.85,15.0,4195.34,3276.43,918.91,New,UPI
ORD1412,2024-03-01 00:25:55.511102,Gaming Mouse,Accessories,West,Mumbai,7,2309.47,0.0,16166.29,13585.95,2580.34,New,UPI
ORD1413,2024-03-01 03:56:12.434486,Office Desk,Furniture,North,Delhi,3,10936.74,5.0,31169.71,22882.75,8286.96,Regular,Net Banking
ORD1414,2024-03-01 07:26:29.357871,External Hard Drive,Electronics,South,Hyderabad,9,6342.53,25.0,42812.08,34382.81,8429.27,Regular,Net Banking
ORD1415,2024-03-01 10:56:46.281256,Tablet,Electronics,West,Surat,8,22353.42,10.0,160944.62,115252.43,45692.19,Regular,Credit Card
ORD1416,2024-03-01 14:27:03.204640,Laptop,Electronics,West,Surat,5,57763.16,25.0,216611.85,132125.49,84486.36,New,Credit Card
ORD1417,2024-03-01 17:57:20.128025,Laptop,Electronics,South,Bengaluru,7,55312.22,20.0,309748.43,255094.2,54654.23,New,Credit Card
ORD1418,2024-03-01 21:27:37.051410,Bluetooth Speaker,Accessories,West,Ahmedabad,3,3009.18,10.0,8124.79,5463.67,2661.12,Regular,UPI
ORD1419,2024-03-02 00:57:53.974794,Office Chair,Furniture,West,Surat,1,9475.03,20.0,7580.02,4810.78,2769.24,New,UPI
ORD1420,2024-03-02 04:28:10.898179,Printer,Electronics,West,Ahmedabad,1,11551.89,5.0,10974.3,9317.62,1656.68,Regular,Net Banking
ORD1421,2024-03-02 07:58:27.821564,Office Desk,Furniture,West,Mumbai,2,11017.47,5.0,20933.19,14377.96,6555.23,Regular,Debit Card
ORD1422,2024-03-02 11:28:44.744948,Tablet,Electronics,West,Surat,8,21327.46,25.0,127964.76,81146.88,46817.88,Regular,Credit Card
ORD1423,2024-03-02 14:59:01.668333,Laptop,Electronics,East,Patna,1,51248.96,5.0,48686.51,33003.88,15682.63,New,Cash
ORD1424,2024-03-02 18:29:18.591718,Laptop,Electronics,North,Delhi,5,60125.39,0.0,300626.95,218994.53,81632.42,New,Credit Card
ORD1425,2024-03-02 21:59:35.515103,Headphones,Accessories,South,Chennai,9,3046.51,10.0,24676.73,15348.66,9328.07,Regular,Net Banking
ORD1426,2024-03-03 01:29:52.438487,Power Bank,Accessories,East,Bhubaneswar,9,1780.78,20.0,12821.62,8823.26,3998.36,New,UPI
ORD1427,2024-03-03 05:00:09.361872,Office Chair,Furniture,West,Ahmedabad,2,9741.69,25.0,14612.54,11210.95,3401.59,Regular,Net Banking
ORD1428,2024-03-03 08:30:26.285257,Office Desk,Furniture,East,Bhubaneswar,7,12960.87,25.0,68044.57,56407.79,11636.78,Regular,Net Banking
ORD1429,2024-03-03 12:00:43.208641,Bookshelf,Furniture,South,Hyderabad,1,6881.98,5.0,6537.88,4572.33,1965.55,New,Net Banking
ORD1430,2024-03-03 15:31:00.132026,Office Desk,Furniture,North,Delhi,3,12899.35,5.0,36763.15,27246.68,9516.47,New,Cash
ORD1431,2024-03-03 19:01:17.055411,Backpack,Accessories,East,Bhubaneswar,6,1643.05,20.0,7886.64,5986.08,1900.56,New,Cash
ORD1432,2024-03-03 22:31:33.978795,Smartphone,Electronics,South,Chennai,9,26928.6,10.0,218121.66,134731.21,83390.45,Regular,Credit Card
ORD1433,2024-03-04 02:01:50.902180,Bluetooth Speaker,Accessories,West,Ahmedabad,10,2886.35,10.0,25977.15,17808.8,8168.35,New,UPI
ORD1434,2024-03-04 05:32:07.825565,External Hard Drive,Electronics,North,Jaipur,2,6584.66,25.0,9876.99,7615.79,2261.2,Premium,Net Banking
ORD1435,2024-03-04 09:02:24.748949,Tablet,Electronics,West,Mumbai,7,20986.63,20.0,117525.13,92129.74,25395.39,Regular,Debit Card
ORD1436,2024-03-04 12:32:41.672334,Router,Electronics,Central,Bhopal,4,2742.4,25.0,8227.2,5668.44,2558.76,Regular,Credit Card
ORD1437,2024-03-04 16:02:58.595719,Headphones,Accessories,North,Lucknow,2,2743.07,15.0,4663.22,2805.79,1857.43,New,Credit Card
ORD1438,2024-03-04 19:33:15.519103,Power Bank,Accessories,East,Patna,3,1780.9,10.0,4808.43,2893.31,1915.12,Regular,Net Banking
ORD1439,2024-03-04 23:03:32.442488,Smartphone,Electronics,North,Jaipur,6,25604.94,20.0,122903.71,90276.46,32627.25,Regular,Credit Card
ORD1440,2024-03-05 02:33:49.365873,Bluetooth Speaker,Accessories,West,Pune,10,3069.37,20.0,24554.96,18118.4,6436.56,Regular,Net Banking
ORD1441,2024-03-05 06:04:06.289257,Smartwatch,Accessories,West,Pune,9,6286.51,25.0,42433.94,31355.71,11078.23,Regular,Credit Card
ORD1442,2024-03-05 09:34:23.212642,Mouse,Accessories,East,Patna,8,835.91,5.0,6352.92,4958.06,1394.86,Regular,UPI
ORD1443,2024-03-05 13:04:40.136027,Monitor,Electronics,East,Patna,10,15879.43,20.0,127035.44,105479.73,21555.71,Regular,Credit Card
ORD1444,2024-03-05 16:34:57.059411,External Hard Drive,Electronics,Central,Nagpur,9,6154.57,25.0,41543.35,35209.76,6333.59,Regular,Credit Card
ORD1445,2024-03-05 20:05:13.982796,Bookshelf,Furniture,North,Chandigarh,4,6818.71,0.0,27274.84,21145.27,6129.57,Regular,Debit Card
ORD1446,2024-03-05 23:35:30.906181,Office Chair,Furniture,North,Delhi,4,8787.66,5.0,33393.11,24326.87,9066.24,Regular,UPI
ORD1447,2024-03-06 03:05:47.829565,Monitor,Electronics,Central,Nagpur,9,16367.52,5.0,139942.3,88898.16,51044.14,New,UPI
ORD1448,2024-03-06 06:36:04.752950,Monitor,Electronics,West,Ahmedabad,8,14727.94,10.0,106041.17,73809.3,32231.87,Regular,UPI
ORD1449,2024-03-06 10:06:21.676335,Power Bank,Accessories,Central,Indore,2,1699.87,15.0,2889.78,2147.44,742.34,Regular,Credit Card
ORD1450,2024-03-06 13:36:38.599719,Printer,Electronics,West,Surat,8,12317.63,10.0,88686.94,75379.65,13307.29,New,Cash
ORD1451,2024-03-06 17:06:55.523104,Smartwatch,Accessories,Central,Indore,1,5912.72,0.0,5912.72,3735.33,2177.39,Regular,Credit Card
ORD1452,2024-03-06 20:37:12.446489,Tablet,Electronics,East,Kolkata,9,20900.35,25.0,141077.36,112617.7,28459.66,New,Net Banking
ORD1453,2024-03-07 00:07:29.369873,Router,Electronics,West,Mumbai,9,2607.57,5.0,22294.72,18944.61,3350.11,New,Debit Card
ORD1454,2024-03-07 03:37:46.293258,Tablet,Electronics,Central,Indore,8,20644.47,5.0,156897.97,125725.92,31172.05,Premium,UPI
ORD1455,2024-03-07 07:08:03.216643,USB Drive,Accessories,West,Surat,5,924.0,20.0,3696.0,2926.44,769.56,Regular,Net Banking
ORD1456,2024-03-07 10:38:20.140028,Monitor,Electronics,North,Chandigarh,5,14791.59,15.0,62864.26,41784.01,21080.25,Regular,Net Banking
ORD1457,2024-03-07 14:08:37.063412,External Hard Drive,Electronics,South,Bengaluru,3,6264.92,15.0,15975.55,9598.76,6376.79,Regular,Cash
ORD1458,2024-03-07 17:38:53.986797,Router,Electronics,North,Jaipur,5,2722.99,20.0,10891.96,7150.54,3741.42,New,UPI
ORD1459,2024-03-07 21:09:10.910182,Mouse,Accessories,South,Hyderabad,4,771.91,0.0,3087.64,2462.24,625.4,Premium,Credit Card
ORD1460,2024-03-08 00:39:27.833566,Printer,Electronics,South,Hyderabad,1,11634.02,15.0,9888.92,6198.58,3690.34,New,UPI
ORD1461,2024-03-08 04:09:44.756951,Office Desk,Furniture,West,Pune,9,12889.53,5.0,110205.48,74281.75,35923.73,Regular,Debit Card
ORD1462,2024-03-08 07:40:01.680336,Router,Electronics,West,Ahmedabad,10,2314.52,0.0,23145.2,17141.94,6003.26,Regular,UPI
ORD1463,2024-03-08 11:10:18.603720,Bookshelf,Furniture,East,Kolkata,4,6451.3,10.0,23224.68,17301.29,5923.39,Premium,Net Banking
ORD1464,2024-03-08 14:40:35.527105,Tablet,Electronics,West,Ahmedabad,3,21043.91,10.0,56818.56,41804.09,15014.47,Regular,Net Banking
ORD1465,2024-03-08 18:10:52.450490,Smartwatch,Accessories,North,Delhi,6,6109.96,0.0,36659.76,30985.59,5674.17,Regular,Credit Card
ORD1466,2024-03-08 21:41:09.373874,Router,Electronics,North,Delhi,1,2442.15,5.0,2320.04,1399.15,920.89,Regular,Credit Card
ORD1467,2024-03-09 01:11:26.297259,Router,Electronics,North,Chandigarh,5,2554.28,10.0,11494.26,8297.7,3196.56,New,Credit Card
ORD1468,2024-03-09 04:41:43.220644,Gaming Mouse,Accessories,East,Patna,7,2050.29,25.0,10764.02,7815.81,2948.21,Regular,Debit Card
ORD1469,2024-03-09 08:12:00.144028,USB Drive,Accessories,South,Hyderabad,2,857.06,5.0,1628.41,1096.46,531.95,New,UPI
ORD1470,2024-03-09 11:42:17.067413,Bookshelf,Furniture,South,Chennai,10,7091.23,20.0,56729.84,41484.71,15245.13,Regular,Cash
ORD1471,2024-03-09 15:12:33.990798,Bluetooth Speaker,Accessories,East,Patna,9,2830.29,15.0,21651.72,16635.45,5016.27,Regular,UPI
ORD1472,2024-03-09 18:42:50.914182,Router,Electronics,Central,Indore,6,2461.4,0.0,14768.4,11344.92,3423.48,Premium,Credit Card
ORD1473,2024-03-09 22:13:07.837567,Monitor,Electronics,North,Delhi,2,15217.94,15.0,25870.5,16090.53,9779.97,Regular,Debit Card
ORD1474,2024-03-10 01:43:24.760952,Office Desk,Furniture,West,Mumbai,8,13136.76,20.0,84075.26,67311.91,16763.35,Regular,UPI
ORD1475,2024-03-10 05:13:41.684336,Smartwatch,Accessories,West,Pune,8,5495.86,10.0,39570.19,32949.21,6620.98,New,Net Banking
ORD1476,2024-03-10 08:43:58.607721,Bluetooth Speaker,Accessories,West,Surat,1,2976.25,25.0,2232.19,1408.3,823.89,New,UPI
ORD1477,2024-03-10 12:14:15.531106,Office Desk,Furniture,Central,Nagpur,1,11751.05,5.0,11163.5,7860.89,3302.61,Regular,Net Banking
ORD1478,2024-03-10 15:44:32.454490,Smartwatch,Accessories,North,Chandigarh,1,6389.09,5.0,6069.64,4418.32,1651.32,Regular,UPI
ORD1479,2024-03-10 19:14:49.377875,Mouse,Accessories,North,Lucknow,4,864.05,20.0,2764.96,1752.17,1012.79,Regular,UPI
ORD1480,2024-03-10 22:45:06.301260,Backpack,Accessories,Central,Bhopal,4,1946.52,0.0,7786.08,5651.5,2134.58,Regular,UPI
ORD1481,2024-03-11 02:15:23.224644,Gaming Mouse,Accessories,East,Patna,8,2145.06,15.0,14586.41,9506.18,5080.23,New,Credit Card
ORD1482,2024-03-11 05:45:40.148029,Bluetooth Speaker,Accessories,West,Ahmedabad,1,2882.79,25.0,2162.09,1802.84,359.25,Regular,Net Banking
ORD1483,2024-03-11 09:15:57.071414,Webcam,Electronics,West,Mumbai,10,3464.4,10.0,31179.6,22203.54,8976.06,New,Debit Card
ORD1484,2024-03-11 12:46:13.994798,USB Drive,Accessories,West,Pune,3,871.92,0.0,2615.76,2220.06,395.7,New,Cash
ORD1485,2024-03-11 16:16:30.918183,Printer,Electronics,Central,Indore,1,12525.24,25.0,9393.93,5745.59,3648.34,New,Net Banking
ORD1486,2024-03-11 19:46:47.841568,Tablet,Electronics,Central,Bhopal,9,20739.71,25.0,139993.04,88460.93,51532.11,Regular,Credit Card
ORD1487,2024-03-11 23:17:04.764952,Office Desk,Furniture,West,Mumbai,10,12380.84,20.0,99046.72,70402.68,28644.04,Regular,Net Banking
ORD1488,2024-03-12 02:47:21.688337,Gaming Mouse,Accessories,South,Chennai,9,2387.87,20.0,17192.66,14073.74,3118.92,New,Debit Card
ORD1489,2024-03-12 06:17:38.611722,Monitor,Electronics,Central,Bhopal,7,14339.74,5.0,95359.27,70452.04,24907.23,Regular,Net Banking
ORD1490,2024-03-12 09:47:55.535107,USB Drive,Accessories,North,Chandigarh,8,931.84,10.0,6709.25,5253.92,1455.33,Regular,Credit Card
ORD1491,2024-03-12 13:18:12.458491,Mouse,Accessories,South,Hyderabad,1,742.97,0.0,742.97,524.46,218.51,Regular,Credit Card
ORD1492,2024-03-12 16:48:29.381876,Bookshelf,Furniture,Central,Indore,5,6469.94,5.0,30732.21,18750.58,11981.63,Regular,Cash
ORD1493,2024-03-12 20:18:46.305261,Power Bank,Accessories,South,Hyderabad,2,1661.63,10.0,2990.93,2278.95,711.98,New,Debit Card
ORD1494,2024-03-12 23:49:03.228645,Mouse,Accessories,South,Chennai,1,742.16,15.0,630.84,478.49,152.35,Premium,Cash
ORD1495,2024-03-13 03:19:20.152030,Backpack,Accessories,North,Lucknow,3,1697.82,15.0,4329.44,2674.97,1654.47,New,UPI
ORD1496,2024-03-13 06:49:37.075415,Printer,Electronics,Central,Nagpur,7,12150.79,5.0,80802.75,51933.57,28869.18,Regular,Credit Card
ORD1497,2024-03-13 10:19:53.998799,Tablet,Electronics,East,Kolkata,1,23174.74,0.0,23174.74,16663.54,6511.2,Regular,Cash
ORD1498,2024-03-13 13:50:10.922184,Office Chair,Furniture,West,Pune,2,8328.34,10.0,14991.01,10668.49,4322.52,New,Credit Card
ORD1499,2024-03-13 17:20:27.845569,Office Chair,Furniture,South,Bengaluru,2,9666.03,15.0,16432.25,12950.33,3481.92,Regular,Credit Card
ORD1500,2024-03-13 20:50:44.768953,External Hard Drive,Electronics,West,Surat,4,6945.53,15.0,23614.8,16456.05,7158.75,New,UPI
ORD1501,2024-03-14 00:21:01.692338,Webcam,Electronics,West,Surat,3,3659.17,0.0,10977.51,8406.85,2570.66,Premium,Credit Card
ORD1502,2024-03-14 03:51:18.615723,Office Desk,Furniture,South,Chennai,3,11822.32,5.0,33693.61,26149.81,7543.8,New,Cash
ORD1503,2024-03-14 07:21:35.539107,Smartwatch,Accessories,East,Bhubaneswar,10,5401.87,20.0,43214.96,32897.43,10317.53,Regular,Debit Card
ORD1504,2024-03-14 10:51:52.462492,Power Bank,Accessories,South,Chennai,5,1884.52,25.0,7066.95,5293.37,1773.58,Regular,Net Banking
ORD1505,2024-03-14 14:22:09.385877,Office Desk,Furniture,Central,Bhopal,3,12909.57,10.0,34855.84,27934.2,6921.64,New,Cash
ORD1506,2024-03-14 17:52:26.309261,Router,Electronics,West,Pune,7,2417.64,15.0,14384.96,10994.09,3390.87,Regular,UPI
ORD1507,2024-03-14 21:22:43.232646,Keyboard,Accessories,Central,Indore,5,1565.4,25.0,5870.25,4746.37,1123.88,Premium,Net Banking
ORD1508,2024-03-15 00:53:00.156031,Mouse,Accessories,South,Hyderabad,4,729.93,25.0,2189.79,1662.43,527.36,Regular,Credit Card
ORD1509,2024-03-15 04:23:17.079415,Backpack,Accessories,West,Surat,3,1875.42,20.0,4501.01,2879.49,1621.52,Regular,Cash
ORD1510,2024-03-15 07:53:34.002800,Bookshelf,Furniture,West,Surat,4,6395.63,25.0,19186.89,12996.46,6190.43,Regular,Net Banking
ORD1511,2024-03-15 11:23:50.926185,Headphones,Accessories,West,Surat,2,3052.31,0.0,6104.62,4166.95,1937.67,Premium,Cash
ORD1512,2024-03-15 14:54:07.849569,Power Bank,Accessories,Central,Nagpur,1,1835.12,5.0,1743.36,1086.95,656.41,New,Credit Card
ORD1513,2024-03-15 18:24:24.772954,Smartwatch,Accessories,South,Hyderabad,3,5762.59,10.0,15558.99,12028.29,3530.7,Regular,Cash
ORD1514,2024-03-15 21:54:41.696339,External Hard Drive,Electronics,North,Lucknow,2,5952.86,0.0,11905.72,8914.74,2990.98,New,UPI
ORD1515,2024-03-16 01:24:58.619723,Smartphone,Electronics,West,Surat,1,27246.67,5.0,25884.34,19346.96,6537.38,Premium,Net Banking
ORD1516,2024-03-16 04:55:15.543108,Printer,Electronics,West,Mumbai,1,12085.39,0.0,12085.39,8697.0,3388.39,Regular,Net Banking
ORD1517,2024-03-16 08:25:32.466493,Printer,Electronics,West,Surat,2,12191.42,15.0,20725.41,15249.37,5476.04,Regular,Net Banking
ORD1518,2024-03-16 11:55:49.389877,Keyboard,Accessories,South,Chennai,9,1534.51,15.0,11739.0,7067.13,4671.87,Premium,Cash
ORD1519,2024-03-16 15:26:06.313262,Bluetooth Speaker,Accessories,East,Bhubaneswar,5,3234.63,20.0,12938.52,8074.44,4864.08,New,Credit Card
ORD1520,2024-03-16 18:56:23.236647,Headphones,Accessories,South,Chennai,9,2736.15,0.0,24625.35,18982.16,5643.19,New,Cash
ORD1521,2024-03-16 22:26:40.160032,USB Drive,Accessories,East,Patna,8,970.79,25.0,5824.74,3875.59,1949.15,New,Cash
ORD1522,2024-03-17 01:56:57.083416,Bookshelf,Furniture,West,Pune,6,6635.55,15.0,33841.3,21217.75,12623.55,Regular,Net Banking
ORD1523,2024-03-17 05:27:14.006801,Laptop,Electronics,West,Ahmedabad,1,50357.45,5.0,47839.58,32634.43,15205.15,Regular,Credit Card
ORD1524,2024-03-17 08:57:30.930186,Gaming Mouse,Accessories,South,Hyderabad,10,2269.2,20.0,18153.6,12047.1,6106.5,Regular,Debit Card
ORD1525,2024-03-17 12:27:47.853570,Router,Electronics,East,Kolkata,5,2738.49,25.0,10269.34,6237.01,4032.33,Regular,Credit Card
ORD1526,2024-03-17 15:58:04.776955,Mouse,Accessories,South,Chennai,1,729.16,10.0,656.24,461.1,195.14,Regular,Cash
ORD1527,2024-03-17 19:28:21.700340,Bookshelf,Furniture,North,Delhi,7,6896.57,0.0,48275.99,29291.81,18984.18,Regular,UPI
ORD1528,2024-03-17 22:58:38.623724,Monitor,Electronics,West,Ahmedabad,10,15089.35,15.0,128259.48,76968.22,51291.26,New,Credit Card
ORD1529,2024-03-18 02:28:55.547109,Monitor,Electronics,Central,Nagpur,8,14256.36,25.0,85538.16,68269.58,17268.58,New,Net Banking
ORD1530,2024-03-18 05:59:12.470494,Keyboard,Accessories,South,Bengaluru,8,1644.86,5.0,12500.94,8484.92,4016.02,Regular,UPI
ORD1531,2024-03-18 09:29:29.393878,Bluetooth Speaker,Accessories,West,Ahmedabad,7,3084.58,0.0,21592.06,16019.08,5572.98,Regular,Debit Card
ORD1532,2024-03-18 12:59:46.317263,Office Desk,Furniture,Central,Nagpur,2,12826.44,5.0,24370.24,16436.21,7934.03,Premium,Debit Card
ORD1533,2024-03-18 16:30:03.240648,Mouse,Accessories,Central,Indore,5,786.52,20.0,3146.08,2619.13,526.95,Regular,UPI
ORD1534,2024-03-18 20:00:20.164032,Power Bank,Accessories,North,Lucknow,4,1747.42,15.0,5941.23,4647.8,1293.43,Regular,Debit Card
ORD1535,2024-03-18 23:30:37.087417,Bluetooth Speaker,Accessories,Central,Bhopal,5,3031.89,15.0,12885.53,8920.56,3964.97,Regular,UPI
ORD1536,2024-03-19 03:00:54.010802,Mouse,Accessories,South,Chennai,10,789.64,20.0,6317.12,4122.91,2194.21,New,Cash
ORD1537,2024-03-19 06:31:10.934186,Tablet,Electronics,South,Chennai,9,22945.77,5.0,196186.33,124470.73,71715.6,New,UPI
ORD1538,2024-03-19 10:01:27.857571,Bookshelf,Furniture,North,Chandigarh,4,6672.15,0.0,26688.6,21100.13,5588.47,New,Cash
ORD1539,2024-03-19 13:31:44.780956,Bookshelf,Furniture,East,Patna,8,6929.43,5.0,52663.67,37562.85,15100.82,New,Net Banking
ORD1540,2024-03-19 17:02:01.704340,External Hard Drive,Electronics,North,Delhi,8,7013.67,0.0,56109.36,36919.45,19189.91,Regular,Net Banking
ORD1541,2024-03-19 20:32:18.627725,Gaming Mouse,Accessories,South,Hyderabad,2,2312.69,25.0,3469.04,2878.98,590.06,Regular,Debit Card
ORD1542,2024-03-20 00:02:35.551110,Headphones,Accessories,South,Hyderabad,6,2800.84,20.0,13444.03,9377.53,4066.5,Regular,UPI
ORD1543,2024-03-20 03:32:52.474494,Smartwatch,Accessories,Central,Nagpur,5,6464.24,10.0,29089.08,21405.87,7683.21,Regular,Cash
ORD1544,2024-03-20 07:03:09.397879,Mouse,Accessories,Central,Indore,2,814.24,0.0,1628.48,1326.32,302.16,New,Net Banking
ORD1545,2024-03-20 10:33:26.321264,Laptop,Electronics,South,Bengaluru,10,56972.16,15.0,484263.36,391451.27,92812.09,Regular,Net Banking
ORD1546,2024-03-20 14:03:43.244648,Tablet,Electronics,Central,Bhopal,4,21094.73,25.0,63284.19,48063.61,15220.58,Regular,Net Banking
ORD1547,2024-03-20 17:34:00.168033,Bookshelf,Furniture,Central,Indore,7,6918.16,15.0,41163.05,33842.45,7320.6,Premium,Debit Card
ORD1548,2024-03-20 21:04:17.091418,Router,Electronics,West,Ahmedabad,1,2653.41,25.0,1990.06,1667.72,322.34,Premium,Net Banking
ORD1549,2024-03-21 00:34:34.014802,Laptop,Electronics,North,Lucknow,9,53137.44,15.0,406501.42,338932.16,67569.26,Regular,Credit Card
ORD1550,2024-03-21 04:04:50.938187,Keyboard,Accessories,West,Mumbai,10,1399.52,5.0,13295.44,9137.32,4158.12,Regular,Debit Card
ORD1551,2024-03-21 07:35:07.861572,Keyboard,Accessories,Central,Nagpur,1,1463.49,5.0,1390.32,972.24,418.08,New,UPI
ORD1552,2024-03-21 11:05:24.784956,Office Desk,Furniture,West,Surat,5,10966.12,5.0,52089.07,34385.35,17703.72,New,Credit Card
ORD1553,2024-03-21 14:35:41.708341,Bookshelf,Furniture,South,Hyderabad,7,7305.0,25.0,38351.25,31034.12,7317.13,Regular,Debit Card
ORD1554,2024-03-21 18:05:58.631726,Bookshelf,Furniture,East,Patna,8,6506.84,25.0,39041.04,24613.66,14427.38,Regular,Debit Card
ORD1555,2024-03-21 21:36:15.555111,Webcam,Electronics,West,Mumbai,2,3349.59,15.0,5694.3,3922.07,1772.23,Regular,Cash
ORD1556,2024-03-22 01:06:32.478495,USB Drive,Accessories,East,Bhubaneswar,4,968.59,0.0,3874.36,2334.04,1540.32,Regular,Credit Card
ORD1557,2024-03-22 04:36:49.401880,Office Chair,Furniture,North,Lucknow,2,9072.9,25.0,13609.35,10188.8,3420.55,Regular,Credit Card
ORD1558,2024-03-22 08:07:06.325265,Printer,Electronics,South,Hyderabad,4,11571.21,15.0,39342.11,30080.82,9261.29,New,Credit Card
ORD1559,2024-03-22 11:37:23.248649,Monitor,Electronics,Central,Indore,6,15143.0,0.0,90858.0,60170.43,30687.57,New,Net Banking
ORD1560,2024-03-22 15:07:40.172034,Tablet,Electronics,Central,Nagpur,6,20760.42,5.0,118334.39,92795.78,25538.61,New,Net Banking
ORD1561,2024-03-22 18:37:57.095419,Bluetooth Speaker,Accessories,North,Chandigarh,2,2715.1,25.0,4072.65,2832.06,1240.59,Regular,UPI
ORD1562,2024-03-22 22:08:14.018803,Gaming Mouse,Accessories,Central,Nagpur,4,2245.64,10.0,8084.3,5480.57,2603.73,Regular,UPI
ORD1563,2024-03-23 01:38:30.942188,External Hard Drive,Electronics,South,Hyderabad,4,6778.36,5.0,25757.77,21611.83,4145.94,Premium,UPI
ORD1564,2024-03-23 05:08:47.865573,Webcam,Electronics,West,Ahmedabad,1,3765.85,20.0,3012.68,2250.99,761.69,Regular,Net Banking
ORD1565,2024-03-23 08:39:04.788957,Smartwatch,Accessories,West,Ahmedabad,2,6326.26,0.0,12652.52,8389.63,4262.89,New,Cash
ORD1566,2024-03-23 12:09:21.712342,Router,Electronics,Central,Nagpur,3,2713.34,10.0,7326.02,6196.42,1129.6,New,UPI
ORD1567,2024-03-23 15:39:38.635727,Backpack,Accessories,Central,Nagpur,5,1974.94,5.0,9380.96,6537.47,2843.49,Regular,Debit Card
ORD1568,2024-03-23 19:09:55.559111,Webcam,Electronics,South,Bengaluru,8,3671.45,25.0,22028.7,16784.93,5243.77,Premium,Net Banking
ORD1569,2024-03-23 22:40:12.482496,Laptop,Electronics,Central,Nagpur,6,59047.16,10.0,318854.66,249013.84,69840.82,New,Cash
ORD1570,2024-03-24 02:10:29.405881,Tablet,Electronics,North,Jaipur,3,22764.42,15.0,58049.27,40958.05,17091.22,Regular,Debit Card
ORD1571,2024-03-24 05:40:46.329265,USB Drive,Accessories,West,Mumbai,6,840.77,0.0,5044.62,3702.65,1341.97,Regular,Debit Card
ORD1572,2024-03-24 09:11:03.252650,Office Chair,Furniture,West,Pune,7,8427.06,20.0,47191.54,31143.84,16047.7,New,Net Banking
ORD1573,2024-03-24 12:41:20.176035,Office Desk,Furniture,West,Pune,6,11064.62,15.0,56429.56,40429.27,16000.29,Premium,Credit Card
ORD1574,2024-03-24 16:11:37.099419,Power Bank,Accessories,South,Hyderabad,10,1959.47,10.0,17635.23,11951.4,5683.83,New,Cash
ORD1575,2024-03-24 19:41:54.022804,USB Drive,Accessories,Central,Indore,6,931.1,5.0,5307.27,3910.74,1396.53,Regular,Net Banking
ORD1576,2024-03-24 23:12:10.946189,Headphones,Accessories,North,Delhi,1,3173.95,0.0,3173.95,2435.92,738.03,New,Credit Card
ORD1577,2024-03-25 02:42:27.869573,Keyboard,Accessories,North,Chandigarh,3,1449.35,25.0,3261.04,2457.2,803.84,Regular,Net Banking
ORD1578,2024-03-25 06:12:44.792958,Office Desk,Furniture,West,Mumbai,7,11905.01,20.0,66668.06,52946.39,13721.67,Regular,Net Banking
ORD1579,2024-03-25 09:43:01.716343,Headphones,Accessories,East,Patna,4,2723.87,5.0,10350.71,6317.89,4032.82,Premium,Debit Card
ORD1580,2024-03-25 13:13:18.639727,Monitor,Electronics,Central,Bhopal,4,16167.02,20.0,51734.46,32057.22,19677.24,New,Net Banking
ORD1581,2024-03-25 16:43:35.563112,Headphones,Accessories,South,Bengaluru,7,3211.8,25.0,16861.95,10982.67,5879.28,New,Credit Card
ORD1582,2024-03-25 20:13:52.486497,External Hard Drive,Electronics,North,Jaipur,9,6870.25,0.0,61832.25,52337.95,9494.3,Regular,Debit Card
ORD1583,2024-03-25 23:44:09.409881,Printer,Electronics,Central,Indore,2,10939.92,10.0,19691.86,15754.81,3937.05,New,Credit Card
ORD1584,2024-03-26 03:14:26.333266,Smartwatch,Accessories,East,Kolkata,9,5609.1,20.0,40385.52,33561.59,6823.93,Regular,Credit Card
ORD1585,2024-03-26 06:44:43.256651,Monitor,Electronics,North,Delhi,3,14502.51,0.0,43507.53,29064.01,14443.52,Regular,Debit Card
ORD1586,2024-03-26 10:15:00.180036,Router,Electronics,West,Pune,6,2381.53,20.0,11431.34,8498.79,2932.55,New,Credit Card
ORD1587,2024-03-26 13:45:17.103420,Smartwatch,Accessories,East,Patna,4,6406.15,5.0,24343.37,17982.96,6360.41,Regular,UPI
ORD1588,2024-03-26 17:15:34.026805,Laptop,Electronics,West,Mumbai,1,51643.19,20.0,41314.55,30671.08,10643.47,Regular,Net Banking
ORD1589,2024-03-26 20:45:50.950190,Gaming Mouse,Accessories,East,Kolkata,9,2214.13,5.0,18930.81,14754.52,4176.29,Premium,Debit Card
ORD1590,2024-03-27 00:16:07.873574,Bookshelf,Furniture,Central,Indore,6,7099.93,5.0,40469.6,28267.81,12201.79,Regular,Debit Card
ORD1591,2024-03-27 03:46:24.796959,USB Drive,Accessories,Central,Nagpur,8,886.5,0.0,7092.0,5455.89,1636.11,Regular,UPI
ORD1592,2024-03-27 07:16:41.720344,Bookshelf,Furniture,West,Pune,2,6636.96,15.0,11282.83,8993.65,2289.18,New,UPI
ORD1593,2024-03-27 10:46:58.643728,Backpack,Accessories,North,Chandigarh,7,1965.71,25.0,10319.98,6937.8,3382.18,New,UPI
ORD1594,2024-03-27 14:17:15.567113,Tablet,Electronics,Central,Bhopal,6,21618.96,20.0,103771.01,86797.79,16973.22,Regular,UPI
ORD1595,2024-03-27 17:47:32.490498,Keyboard,Accessories,West,Pune,2,1568.19,10.0,2822.74,2059.22,763.52,Premium,Cash
ORD1596,2024-03-27 21:17:49.413882,External Hard Drive,Electronics,West,Pune,2,6089.26,5.0,11569.59,9061.2,2508.39,New,Debit Card
ORD1597,2024-03-28 00:48:06.337267,Bluetooth Speaker,Accessories,South,Bengaluru,4,3193.69,15.0,10858.55,8493.9,2364.65,New,Credit Card
ORD1598,2024-03-28 04:18:23.260652,Printer,Electronics,Central,Nagpur,4,11318.14,5.0,43008.93,31882.99,11125.94,New,Debit Card
ORD1599,2024-03-28 07:48:40.184036,Webcam,Electronics,West,Mumbai,3,3622.71,15.0,9237.91,6287.98,2949.93,New,Debit Card
ORD1600,2024-03-28 11:18:57.107421,Smartphone,Electronics,North,Chandigarh,8,25032.48,15.0,170220.86,130514.27,39706.59,New,Debit Card
ORD1601,2024-03-28 14:49:14.030806,Power Bank,Accessories,East,Patna,7,1672.76,10.0,10538.39,6552.99,3985.4,Regular,UPI
ORD1602,2024-03-28 18:19:30.954190,External Hard Drive,Electronics,Central,Bhopal,2,5882.43,15.0,10000.13,8453.7,1546.43,Regular,UPI
ORD1603,2024-03-28 21:49:47.877575,Bookshelf,Furniture,North,Lucknow,3,7603.05,10.0,20528.24,13261.23,7267.01,New,Cash
ORD1604,2024-03-29 01:20:04.800960,Printer,Electronics,Central,Indore,10,11101.66,0.0,111016.6,74254.18,36762.42,New,Debit Card
ORD1605,2024-03-29 04:50:21.724344,Laptop,Electronics,West,Mumbai,9,57254.47,5.0,489525.72,410521.06,79004.66,Regular,Net Banking
ORD1606,2024-03-29 08:20:38.647729,Laptop,Electronics,West,Pune,5,56679.53,10.0,255057.89,164929.45,90128.44,Regular,Cash
ORD1607,2024-03-29 11:50:55.571114,External Hard Drive,Electronics,South,Bengaluru,2,6294.24,25.0,9441.36,6066.29,3375.07,New,UPI
ORD1608,2024-03-29 15:21:12.494498,Webcam,Electronics,South,Bengaluru,3,3279.77,5.0,9347.34,7488.47,1858.87,Premium,Debit Card
ORD1609,2024-03-29 18:51:29.417883,Router,Electronics,Central,Nagpur,8,2339.16,25.0,14034.96,9302.68,4732.28,Regular,UPI
ORD1610,2024-03-29 22:21:46.341268,Office Chair,Furniture,South,Bengaluru,4,9153.59,20.0,29291.49,18268.56,11022.93,Regular,Credit Card
ORD1611,2024-03-30 01:52:03.264652,Router,Electronics,West,Surat,2,2523.46,25.0,3785.19,2485.59,1299.6,Premium,UPI
ORD1612,2024-03-30 05:22:20.188037,Bookshelf,Furniture,South,Hyderabad,2,7526.31,0.0,15052.62,12374.66,2677.96,Regular,UPI
ORD1613,2024-03-30 08:52:37.111422,Laptop,Electronics,North,Chandigarh,6,56540.03,20.0,271392.14,181854.39,89537.75,Regular,Cash
ORD1614,2024-03-30 12:22:54.034806,Smartphone,Electronics,North,Jaipur,8,26596.37,20.0,170216.77,131707.8,38508.97,Premium,Credit Card
ORD1615,2024-03-30 15:53:10.958191,Smartwatch,Accessories,East,Kolkata,7,5438.9,15.0,32361.45,22613.69,9747.76,New,Net Banking
ORD1616,2024-03-30 19:23:27.881576,Tablet,Electronics,Central,Bhopal,4,22752.37,25.0,68257.11,45427.13,22829.98,Premium,Net Banking
ORD1617,2024-03-30 22:53:44.804960,Laptop,Electronics,South,Chennai,2,52070.8,15.0,88520.36,56300.0,32220.36,New,Net Banking
ORD1618,2024-03-31 02:24:01.728345,USB Drive,Accessories,South,Chennai,9,855.51,25.0,5774.69,4868.34,906.35,New,Debit Card
ORD1619,2024-03-31 05:54:18.651730,Keyboard,Accessories,South,Bengaluru,4,1566.17,20.0,5011.74,3659.97,1351.77,Regular,Net Banking
ORD1620,2024-03-31 09:24:35.575115,Router,Electronics,East,Kolkata,9,2646.72,15.0,20247.41,12729.32,7518.09,Premium,Debit Card
ORD1621,2024-03-31 12:54:52.498499,Printer,Electronics,East,Patna,5,11692.17,5.0,55537.81,36083.11,19454.7,Regular,UPI
ORD1622,2024-03-31 16:25:09.421884,Printer,Electronics,Central,Bhopal,7,12696.18,25.0,66654.95,46780.06,19874.89,New,Net Banking
ORD1623,2024-03-31 19:55:26.345269,Keyboard,Accessories,East,Kolkata,5,1483.12,25.0,5561.7,4093.65,1468.05,Regular,Cash
ORD1624,2024-03-31 23:25:43.268653,Tablet,Electronics,East,Kolkata,2,23573.64,15.0,40075.19,25866.5,14208.69,Regular,Credit Card
ORD1625,2024-04-01 02:56:00.192038,Printer,Electronics,North,Jaipur,6,10859.77,25.0,48868.96,32714.45,16154.51,New,Credit Card
ORD1626,2024-04-01 06:26:17.115423,Printer,Electronics,Central,Indore,7,11000.39,20.0,61602.18,49030.81,12571.37,Premium,UPI
ORD1627,2024-04-01 09:56:34.038807,Power Bank,Accessories,South,Hyderabad,6,1899.49,15.0,9687.4,6823.52,2863.88,Regular,Credit Card
ORD1628,2024-04-01 13:26:50.962192,Power Bank,Accessories,North,Jaipur,3,1844.67,15.0,4703.91,2824.0,1879.91,New,Credit Card
ORD1629,2024-04-01 16:57:07.885577,Bluetooth Speaker,Accessories,West,Surat,10,3035.41,10.0,27318.69,16759.61,10559.08,New,UPI
ORD1630,2024-04-01 20:27:24.808961,Router,Electronics,West,Surat,8,2556.99,10.0,18410.33,13068.24,5342.09,Regular,UPI
ORD1631,2024-04-01 23:57:41.732346,Backpack,Accessories,East,Bhubaneswar,3,1954.87,20.0,4691.69,2885.53,1806.16,Regular,UPI
ORD1632,2024-04-02 03:27:58.655731,Smartwatch,Accessories,East,Bhubaneswar,5,6186.64,5.0,29386.54,18909.54,10477.0,New,Cash
ORD1633,2024-04-02 06:58:15.579115,Backpack,Accessories,West,Pune,9,1853.09,25.0,12508.36,9781.15,2727.21,Regular,UPI
ORD1634,2024-04-02 10:28:32.502500,Laptop,Electronics,North,Lucknow,5,57854.18,0.0,289270.9,208302.81,80968.09,New,UPI
ORD1635,2024-04-02 13:58:49.425885,Bluetooth Speaker,Accessories,Central,Bhopal,7,3219.97,25.0,16904.84,12181.89,4722.95,Regular,UPI
ORD1636,2024-04-02 17:29:06.349269,Bookshelf,Furniture,West,Surat,7,6666.68,0.0,46666.76,34979.28,11687.48,Regular,Net Banking
ORD1637,2024-04-02 20:59:23.272654,Bookshelf,Furniture,East,Patna,5,7163.45,20.0,28653.8,22840.79,5813.01,New,Net Banking
ORD1638,2024-04-03 00:29:40.196039,Monitor,Electronics,East,Bhubaneswar,2,15251.92,5.0,28978.65,18536.09,10442.56,Regular,Cash
ORD1639,2024-04-03 03:59:57.119423,Laptop,Electronics,South,Bengaluru,5,50983.34,5.0,242170.86,155779.29,86391.57,Regular,Cash
ORD1640,2024-04-03 07:30:14.042808,Router,Electronics,West,Ahmedabad,7,2510.16,5.0,16692.56,10522.17,6170.39,Regular,Credit Card
ORD1641,2024-04-03 11:00:30.966193,Headphones,Accessories,East,Kolkata,7,2741.73,10.0,17272.9,14409.18,2863.72,Regular,Net Banking
ORD1642,2024-04-03 14:30:47.889577,Smartphone,Electronics,South,Hyderabad,4,23424.8,20.0,74959.36,55793.94,19165.42,Regular,Cash
ORD1643,2024-04-03 18:01:04.812962,Headphones,Accessories,West,Pune,1,3247.78,0.0,3247.78,2023.89,1223.89,Premium,Cash
ORD1644,2024-04-03 21:31:21.736347,Mouse,Accessories,Central,Indore,6,739.08,5.0,4212.76,2760.04,1452.72,New,Credit Card
ORD1645,2024-04-04 01:01:38.659731,Smartphone,Electronics,East,Bhubaneswar,3,25394.58,20.0,60946.99,47623.83,13323.16,Regular,UPI
ORD1646,2024-04-04 04:31:55.583116,Tablet,Electronics,Central,Indore,5,21223.32,25.0,79587.45,48329.31,31258.14,New,Debit Card
ORD1647,2024-04-04 08:02:12.506501,External Hard Drive,Electronics,South,Hyderabad,4,6571.91,0.0,26287.64,20541.53,5746.11,New,Credit Card
ORD1648,2024-04-04 11:32:29.429885,Office Desk,Furniture,North,Jaipur,2,11363.94,10.0,20455.09,16934.08,3521.01,New,Debit Card
ORD1649,2024-04-04 15:02:46.353270,Laptop,Electronics,South,Chennai,7,54388.17,15.0,323609.61,198727.19,124882.42,Premium,Credit Card
ORD1650,2024-04-04 18:33:03.276655,Office Desk,Furniture,East,Kolkata,5,12881.6,0.0,64408.0,41646.54,22761.46,Regular,Credit Card
ORD1651,2024-04-04 22:03:20.200040,Printer,Electronics,South,Hyderabad,7,11702.92,25.0,61440.33,36900.73,24539.6,New,UPI
ORD1652,2024-04-05 01:33:37.123424,Router,Electronics,North,Delhi,9,2426.52,0.0,21838.68,13698.48,8140.2,New,Cash
ORD1653,2024-04-05 05:03:54.046809,USB Drive,Accessories,Central,Nagpur,4,890.3,0.0,3561.2,2686.03,875.17,Premium,Net Banking
ORD1654,2024-04-05 08:34:10.970194,Webcam,Electronics,Central,Indore,5,3220.34,15.0,13686.44,8365.21,5321.23,Regular,Credit Card
ORD1655,2024-04-05 12:04:27.893578,Webcam,Electronics,West,Ahmedabad,9,3421.14,5.0,29250.75,20664.45,8586.3,Regular,UPI
ORD1656,2024-04-05 15:34:44.816963,Printer,Electronics,North,Delhi,10,10816.56,25.0,81124.2,58884.04,22240.16,Premium,Debit Card
ORD1657,2024-04-05 19:05:01.740348,Backpack,Accessories,North,Delhi,4,1801.22,15.0,6124.15,5062.57,1061.58,Regular,Cash
ORD1658,2024-04-05 22:35:18.663732,Smartphone,Electronics,North,Lucknow,5,26739.71,0.0,133698.55,96072.11,37626.44,New,Credit Card
ORD1659,2024-04-06 02:05:35.587117,Office Chair,Furniture,West,Pune,5,9093.73,25.0,34101.49,21676.15,12425.34,Regular,Debit Card
ORD1660,2024-04-06 05:35:52.510502,Bluetooth Speaker,Accessories,Central,Bhopal,8,3064.64,10.0,22065.41,14835.08,7230.33,Premium,Credit Card
ORD1661,2024-04-06 09:06:09.433886,Mouse,Accessories,East,Bhubaneswar,4,724.89,0.0,2899.56,2227.0,672.56,Premium,Net Banking
ORD1662,2024-04-06 12:36:26.357271,Keyboard,Accessories,North,Delhi,4,1607.85,10.0,5788.26,3635.19,2153.07,New,Net Banking
ORD1663,2024-04-06 16:06:43.280656,Smartphone,Electronics,East,Kolkata,7,24425.02,20.0,136780.11,89992.52,46787.59,New,Cash
ORD1664,2024-04-06 19:37:00.204040,Keyboard,Accessories,South,Hyderabad,5,1642.46,10.0,7391.07,6274.61,1116.46,New,Debit Card
ORD1665,2024-04-06 23:07:17.127425,External Hard Drive,Electronics,South,Bengaluru,6,6006.6,0.0,36039.6,21673.63,14365.97,Regular,Net Banking
ORD1666,2024-04-07 02:37:34.050810,Smartphone,Electronics,West,Mumbai,6,27223.36,15.0,138839.14,88585.73,50253.41,Regular,UPI
ORD1667,2024-04-07 06:07:50.974194,External Hard Drive,Electronics,West,Pune,6,6674.58,0.0,40047.48,32475.36,7572.12,New,Cash
ORD1668,2024-04-07 09:38:07.897579,Webcam,Electronics,North,Unknown,10,3186.64,0.0,31866.4,19927.51,11938.89,Regular,Credit Card
ORD1669,2024-04-07 13:08:24.820964,Bluetooth Speaker,Accessories,North,Delhi,5,3283.02,20.0,13132.08,7989.69,5142.39,Regular,Debit Card
ORD1670,2024-04-07 16:38:41.744348,Smartphone,Electronics,Central,Indore,5,22569.37,0.0,112846.85,67574.01,45272.84,Regular,Debit Card
ORD1671,2024-04-07 20:08:58.667733,Gaming Mouse,Accessories,South,Bengaluru,9,2301.51,0.0,20713.59,16019.88,4693.71,Premium,UPI
ORD1672,2024-04-07 23:39:15.591118,Keyboard,Accessories,North,Delhi,8,1616.86,20.0,10347.9,8777.89,1570.01,Regular,Net Banking
ORD1673,2024-04-08 03:09:32.514502,Laptop,Electronics,North,Lucknow,4,51433.93,15.0,174875.36,130747.12,44128.24,Regular,Debit Card
ORD1674,2024-04-08 06:39:49.437887,Webcam,Electronics,North,Chandigarh,7,3390.35,20.0,18985.96,11981.64,7004.32,Regular,UPI
ORD1675,2024-04-08 10:10:06.361272,Power Bank,Accessories,South,Hyderabad,8,1822.04,20.0,11661.06,7532.4,4128.66,Regular,UPI
ORD1676,2024-04-08 13:40:23.284656,Bluetooth Speaker,Accessories,Central,Indore,9,3107.89,10.0,25173.91,18488.24,6685.67,New,Credit Card
ORD1677,2024-04-08 17:10:40.208041,Router,Electronics,South,Hyderabad,5,2685.94,5.0,12758.22,9937.56,2820.66,Regular,UPI
ORD1678,2024-04-08 20:40:57.131426,Printer,Electronics,East,Kolkata,3,12626.57,5.0,35985.72,27555.28,8430.44,New,Cash
ORD1679,2024-04-09 00:11:14.054810,Monitor,Electronics,West,Ahmedabad,4,14589.99,25.0,43769.97,32550.92,11219.05,New,Debit Card
ORD1680,2024-04-09 03:41:30.978195,Power Bank,Accessories,East,Bhubaneswar,10,1915.82,15.0,16284.47,13785.9,2498.57,New,Cash
ORD1681,2024-04-09 07:11:47.901580,Router,Electronics,Central,Nagpur,6,2733.04,25.0,12298.68,7988.1,4310.58,Premium,UPI
ORD1682,2024-04-09 10:42:04.824964,Power Bank,Accessories,Central,Indore,10,1701.72,20.0,13613.76,8756.72,4857.04,Regular,UPI
ORD1683,2024-04-09 14:12:21.748349,Router,Electronics,North,Chandigarh,5,2287.05,15.0,9719.96,7919.49,1800.47,New,Cash
ORD1684,2024-04-09 17:42:38.671734,Gaming Mouse,Accessories,West,Ahmedabad,9,2167.71,15.0,16582.98,11155.46,5427.52,Premium,Credit Card
ORD1685,2024-04-09 21:12:55.595119,Printer,Electronics,East,Patna,3,12915.35,5.0,36808.75,25145.22,11663.53,Regular,UPI
ORD1686,2024-04-10 00:43:12.518503,Smartphone,Electronics,Central,Indore,2,23251.46,5.0,44177.77,32566.4,11611.37,Regular,Cash
ORD1687,2024-04-10 04:13:29.441888,Keyboard,Accessories,East,Kolkata,6,1615.74,5.0,9209.72,6403.69,2806.03,New,Cash
ORD1688,2024-04-10 07:43:46.365273,Smartphone,Electronics,Central,Bhopal,7,27461.07,0.0,192227.49,129159.59,63067.9,New,Debit Card
ORD1689,2024-04-10 11:14:03.288657,Bookshelf,Furniture,West,Mumbai,5,6375.6,20.0,25502.4,21148.98,4353.42,Regular,Credit Card
ORD1690,2024-04-10 14:44:20.212042,Office Chair,Furniture,South,Hyderabad,1,8991.46,15.0,7642.74,4832.65,2810.09,Regular,Net Banking
ORD1691,2024-04-10 18:14:37.135427,Office Chair,Furniture,East,Patna,3,8691.99,20.0,20860.78,14624.92,6235.86,Regular,Cash
ORD1692,2024-04-10 21:44:54.058811,USB Drive,Accessories,Central,Nagpur,3,880.86,15.0,2246.19,1349.38,896.81,Regular,Debit Card
ORD1693,2024-04-11 01:15:10.982196,Office Chair,Furniture,Central,Bhopal,4,8912.94,15.0,30304.0,24299.67,6004.33,Regular,Net Banking
ORD1694,2024-04-11 04:45:27.905581,Bluetooth Speaker,Accessories,North,Delhi,10,3143.82,25.0,23578.65,15139.96,8438.69,New,Debit Card
ORD1695,2024-04-11 08:15:44.828965,Webcam,Electronics,West,Mumbai,6,3563.91,15.0,18175.94,14418.02,3757.92,Regular,Debit Card
ORD1696,2024-04-11 11:46:01.752350,USB Drive,Accessories,South,Chennai,5,983.02,15.0,4177.84,2661.91,1515.93,Regular,Credit Card
ORD1697,2024-04-11 15:16:18.675735,Office Chair,Furniture,North,Jaipur,1,8698.98,10.0,7829.08,5513.12,2315.96,New,UPI
ORD1698,2024-04-11 18:46:35.599119,USB Drive,Accessories,East,Patna,6,907.47,10.0,4900.34,3832.29,1068.05,New,Credit Card
ORD1699,2024-04-11 22:16:52.522504,Headphones,Accessories,South,Chennai,9,3188.0,25.0,21519.0,14368.28,7150.72,Regular,Net Banking
ORD1700,2024-04-12 01:47:09.445889,Monitor,Electronics,Central,Indore,1,14619.09,0.0,14619.09,9918.75,4700.34,Premium,Credit Card
ORD1701,2024-04-12 05:17:26.369273,Headphones,Accessories,South,Hyderabad,8,2979.18,5.0,22641.77,17362.4,5279.37,New,UPI
ORD1702,2024-04-12 08:47:43.292658,Monitor,Electronics,Central,Nagpur,8,15554.92,15.0,105773.46,68427.52,37345.94,New,Credit Card
ORD1703,2024-04-12 12:18:00.216043,Tablet,Electronics,North,Chandigarh,3,23587.27,20.0,56609.45,47435.67,9173.78,New,Credit Card
ORD1704,2024-04-12 15:48:17.139427,Tablet,Electronics,South,Bengaluru,9,21629.0,10.0,175194.9,113385.6,61809.3,Premium,Credit Card
ORD1705,2024-04-12 19:18:34.062812,External Hard Drive,Electronics,South,Chennai,8,6541.54,5.0,49715.7,39151.06,10564.64,Regular,Cash
ORD1706,2024-04-12 22:48:50.986197,Bluetooth Speaker,Accessories,South,Chennai,3,3285.07,0.0,9855.21,7890.57,1964.64,Premium,Cash
ORD1707,2024-04-13 02:19:07.909581,Bluetooth Speaker,Accessories,North,Delhi,10,2725.48,5.0,25892.06,17958.54,7933.52,Premium,Credit Card
ORD1708,2024-04-13 05:49:24.832966,Printer,Electronics,North,Delhi,5,11875.75,15.0,50471.94,32254.59,18217.35,Regular,UPI
ORD1709,2024-04-13 09:19:41.756351,External Hard Drive,Electronics,West,Pune,3,6676.78,5.0,19028.82,12206.53,6822.29,New,UPI
ORD1710,2024-04-13 12:49:58.679735,Power Bank,Accessories,South,Chennai,5,1623.03,15.0,6897.88,5838.11,1059.77,Regular,UPI
ORD1711,2024-04-13 16:20:15.603120,Keyboard,Accessories,East,Bhubaneswar,9,1529.04,25.0,10321.02,8064.35,2256.67,New,UPI
ORD1712,2024-04-13 19:50:32.526505,Laptop,Electronics,South,Bengaluru,4,50118.2,10.0,180425.52,128555.32,51870.2,New,Debit Card
ORD1713,2024-04-13 23:20:49.449889,Printer,Electronics,Central,Indore,6,12858.14,10.0,69433.96,46127.58,23306.38,New,Credit Card
ORD1714,2024-04-14 02:51:06.373274,Smartwatch,Accessories,Central,Nagpur,3,6368.5,15.0,16239.68,9820.58,6419.1,Regular,Credit Card
ORD1715,2024-04-14 06:21:23.296659,Office Desk,Furniture,East,Bhubaneswar,3,10877.41,20.0,26105.78,20039.21,6066.57,Regular,Debit Card
ORD1716,2024-04-14 09:51:40.220044,Backpack,Accessories,South,Hyderabad,5,1637.57,10.0,7369.06,6184.33,1184.73,Regular,UPI
ORD1717,2024-04-14 13:21:57.143428,Smartphone,Electronics,North,Lucknow,8,26268.07,20.0,168115.65,105359.89,62755.76,Regular,Net Banking
ORD1718,2024-04-14 16:52:14.066813,Router,Electronics,Central,Nagpur,8,2434.77,15.0,16556.44,13056.79,3499.65,New,Net Banking
ORD1719,2024-04-14 20:22:30.990198,Backpack,Accessories,North,Jaipur,3,1827.01,25.0,4110.77,2623.94,1486.83,Regular,Debit Card
ORD1720,2024-04-14 23:52:47.913582,Bookshelf,Furniture,South,Unknown,8,6678.46,15.0,45413.53,36241.19,9172.34,Regular,Net Banking
ORD1721,2024-04-15 03:23:04.836967,Smartwatch,Accessories,South,Bengaluru,8,5607.56,25.0,33645.36,23304.23,10341.13,New,Cash
ORD1722,2024-04-15 06:53:21.760352,Webcam,Electronics,South,Chennai,3,3357.25,10.0,9064.58,7052.38,2012.2,Regular,Credit Card
ORD1723,2024-04-15 10:23:38.683736,Webcam,Electronics,North,Jaipur,10,3322.7,20.0,26581.6,22104.48,4477.12,Regular,Net Banking
ORD1724,2024-04-15 13:53:55.607121,Office Chair,Furniture,West,Pune,10,8906.95,15.0,75709.08,57162.99,18546.09,New,Cash
ORD1725,2024-04-15 17:24:12.530506,USB Drive,Accessories,North,Chandigarh,2,944.4,10.0,1699.92,1411.23,288.69,New,Credit Card
ORD1726,2024-04-15 20:54:29.453890,Router,Electronics,West,Pune,10,2527.06,25.0,18952.95,12485.37,6467.58,Premium,Cash
ORD1727,2024-04-16 00:24:46.377275,Monitor,Electronics,North,Chandigarh,2,15327.53,15.0,26056.8,22005.84,4050.96,New,Credit Card
ORD1728,2024-04-16 03:55:03.300660,Laptop,Electronics,North,Delhi,9,54670.86,25.0,369028.3,301943.39,67084.91,Regular,Credit Card
ORD1729,2024-04-16 07:25:20.224044,Headphones,Accessories,Central,Indore,7,2894.84,5.0,19250.69,12068.13,7182.56,Regular,Net Banking
ORD1730,2024-04-16 10:55:37.147429,Router,Electronics,North,Jaipur,6,2321.75,25.0,10447.88,7348.88,3099.0,Regular,Debit Card
ORD1731,2024-04-16 14:25:54.070814,Tablet,Electronics,Central,Bhopal,7,21360.09,5.0,142044.6,118146.64,23897.96,New,Net Banking
ORD1732,2024-04-16 17:56:10.994198,Gaming Mouse,Accessories,East,Patna,8,2272.69,10.0,16363.37,10137.58,6225.79,Premium,UPI
ORD1733,2024-04-16 21:26:27.917583,Webcam,Electronics,North,Lucknow,1,3663.64,15.0,3114.09,2221.72,892.37,Regular,Cash
ORD1734,2024-04-17 00:56:44.840968,Webcam,Electronics,Central,Bhopal,8,3478.43,10.0,25044.7,19557.37,5487.33,Regular,UPI
ORD1735,2024-04-17 04:27:01.764352,Backpack,Accessories,South,Hyderabad,3,1852.2,0.0,5556.6,3380.42,2176.18,Regular,Credit Card
ORD1736,2024-04-17 07:57:18.687737,Backpack,Accessories,Central,Indore,3,1695.79,25.0,3815.53,3007.43,808.1,Regular,Net Banking
ORD1737,2024-04-17 11:27:35.611122,Smartphone,Electronics,North,Jaipur,6,26800.33,10.0,144721.78,99901.54,44820.24,Premium,UPI
ORD1738,2024-04-17 14:57:52.534506,Bookshelf,Furniture,Central,Nagpur,4,7512.31,10.0,27044.32,17912.61,9131.71,Regular,UPI
ORD1739,2024-04-17 18:28:09.457891,Backpack,Accessories,North,Delhi,4,1735.32,5.0,6594.22,4906.05,1688.17,Regular,UPI
ORD1740,2024-04-17 21:58:26.381276,Bluetooth Speaker,Accessories,East,Patna,4,3028.63,25.0,9085.89,6687.97,2397.92,Premium,Credit Card
ORD1741,2024-04-18 01:28:43.304660,Mouse,Accessories,West,Ahmedabad,10,817.07,5.0,7762.16,6353.21,1408.95,Premium,Credit Card
ORD1742,2024-04-18 04:59:00.228045,Tablet,Electronics,Central,Indore,9,21878.69,15.0,167371.98,128709.18,38662.8,Premium,Credit Card
ORD1743,2024-04-18 08:29:17.151430,Webcam,Electronics,Central,Nagpur,8,3787.8,10.0,27272.16,19239.58,8032.58,Regular,UPI
ORD1744,2024-04-18 11:59:34.074814,Backpack,Accessories,Central,Bhopal,3,1886.3,25.0,4244.17,3236.33,1007.84,New,Cash
ORD1745,2024-04-18 15:29:50.998199,Office Chair,Furniture,Central,Nagpur,1,9310.52,10.0,8379.47,6599.14,1780.33,Regular,Net Banking
ORD1746,2024-04-18 19:00:07.921584,Webcam,Electronics,North,Delhi,1,3514.07,15.0,2986.96,2492.12,494.84,New,Net Banking
ORD1747,2024-04-18 22:30:24.844968,Bookshelf,Furniture,South,Bengaluru,1,6418.79,20.0,5135.03,3985.12,1149.91,Regular,Credit Card
ORD1748,2024-04-19 02:00:41.768353,External Hard Drive,Electronics,South,Bengaluru,4,5990.17,15.0,20366.58,14989.15,5377.43,New,UPI
ORD1749,2024-04-19 05:30:58.691738,Keyboard,Accessories,South,Chennai,6,1439.7,5.0,8206.29,5688.97,2517.32,Premium,Cash
ORD1750,2024-04-19 09:01:15.615123,Tablet,Electronics,South,Hyderabad,4,20730.7,5.0,78776.66,64823.02,13953.64,Regular,Debit Card
ORD1751,2024-04-19 12:31:32.538507,Bluetooth Speaker,Accessories,East,Kolkata,3,3271.52,10.0,8833.1,7049.96,1783.14,Regular,Credit Card
ORD1752,2024-04-19 16:01:49.461892,Webcam,Electronics,North,Chandigarh,8,3436.87,5.0,26120.21,16176.12,9944.09,Regular,Debit Card
ORD1753,2024-04-19 19:32:06.385277,Printer,Electronics,West,Pune,8,12903.85,25.0,77423.1,59994.02,17429.08,New,Net Banking
ORD1754,2024-04-19 23:02:23.308661,Power Bank,Accessories,North,Delhi,6,1914.51,15.0,9764.0,7173.49,2590.51,Regular,Net Banking
ORD1755,2024-04-20 02:32:40.232046,Mouse,Accessories,South,Hyderabad,9,850.01,10.0,6885.08,4309.45,2575.63,Regular,Cash
ORD1756,2024-04-20 06:02:57.155431,Router,Electronics,East,Bhubaneswar,10,2357.85,15.0,20041.72,14855.73,5185.99,Premium,Cash
ORD1757,2024-04-20 09:33:14.078815,Mouse,Accessories,West,Surat,1,791.57,15.0,672.83,436.08,236.75,New,Debit Card
ORD1758,2024-04-20 13:03:31.002200,Office Desk,Furniture,West,Pune,8,11563.08,10.0,83254.18,64691.51,18562.67,New,Net Banking
ORD1759,2024-04-20 16:33:47.925585,Router,Electronics,West,Mumbai,6,2735.21,20.0,13129.01,8791.39,4337.62,Regular,Cash
ORD1760,2024-04-20 20:04:04.848969,Bookshelf,Furniture,North,Chandigarh,1,7527.44,5.0,7151.07,4559.42,2591.65,New,Cash
ORD1761,2024-04-20 23:34:21.772354,Gaming Mouse,Accessories,East,Patna,4,2089.97,0.0,8359.88,5187.25,3172.63,New,Net Banking
ORD1762,2024-04-21 03:04:38.695739,Monitor,Electronics,North,Lucknow,5,14440.56,0.0,72202.8,52180.95,20021.85,New,Net Banking
ORD1763,2024-04-21 06:34:55.619123,Power Bank,Accessories,South,Chennai,7,1810.41,0.0,12672.87,8236.21,4436.66,Regular,UPI
ORD1764,2024-04-21 10:05:12.542508,Tablet,Electronics,East,Bhubaneswar,8,21025.87,5.0,159796.61,130039.6,29757.01,New,Cash
ORD1765,2024-04-21 13:35:29.465893,Smartwatch,Accessories,North,Delhi,9,6389.44,20.0,46003.97,27636.9,18367.07,Regular,Debit Card
ORD1766,2024-04-21 17:05:46.389277,Bookshelf,Furniture,South,Hyderabad,6,7446.92,15.0,37979.29,30797.77,7181.52,Premium,Credit Card
ORD1767,2024-04-21 20:36:03.312662,External Hard Drive,Electronics,Central,Indore,10,6791.64,10.0,61124.76,44637.77,16486.99,Regular,Credit Card
ORD1768,2024-04-22 00:06:20.236047,Webcam,Electronics,Central,Bhopal,9,3632.52,20.0,26154.14,21721.96,4432.18,Regular,Net Banking
ORD1769,2024-04-22 03:36:37.159431,Monitor,Electronics,South,Bengaluru,4,15141.9,0.0,60567.6,39438.76,21128.84,Regular,Debit Card
ORD1770,2024-04-22 07:06:54.082816,Webcam,Electronics,North,Delhi,8,3392.98,25.0,20357.88,12735.25,7622.63,New,UPI
ORD1771,2024-04-22 10:37:11.006201,Smartphone,Electronics,North,Delhi,3,26684.69,5.0,76051.37,57513.05,18538.32,New,Cash
ORD1772,2024-04-22 14:07:27.929585,Webcam,Electronics,South,Hyderabad,4,3751.18,5.0,14254.48,11071.2,3183.28,New,UPI
ORD1773,2024-04-22 17:37:44.852970,Headphones,Accessories,Central,Nagpur,10,2729.71,10.0,24567.39,17028.79,7538.6,Regular,Debit Card
ORD1774,2024-04-22 21:08:01.776355,Headphones,Accessories,North,Jaipur,4,2939.17,25.0,8817.51,5320.66,3496.85,Regular,UPI
ORD1775,2024-04-23 00:38:18.699739,Router,Electronics,West,Pune,6,2263.31,15.0,11542.88,8100.11,3442.77,Premium,Net Banking
ORD1776,2024-04-23 04:08:35.623124,Office Desk,Furniture,North,Chandigarh,9,12814.75,20.0,92266.2,60752.38,31513.82,Premium,Credit Card
ORD1777,2024-04-23 07:38:52.546509,Bluetooth Speaker,Accessories,Central,Indore,6,2806.26,25.0,12628.17,8673.88,3954.29,New,Net Banking
ORD1778,2024-04-23 11:09:09.469893,Power Bank,Accessories,South,Bengaluru,1,1862.59,20.0,1490.07,1082.82,407.25,Regular,Cash
ORD1779,2024-04-23 14:39:26.393278,Smartwatch,Accessories,West,Ahmedabad,5,5828.85,20.0,23315.4,18083.09,5232.31,New,Net Banking
ORD1780,2024-04-23 18:09:43.316663,Printer,Electronics,South,Chennai,9,12758.56,15.0,97602.98,82065.2,15537.78,Regular,Debit Card
ORD1781,2024-04-23 21:40:00.240048,Keyboard,Accessories,West,Surat,5,1502.91,15.0,6387.37,4062.37,2325.0,New,Debit Card
ORD1782,2024-04-24 01:10:17.163432,Gaming Mouse,Accessories,North,Delhi,6,2122.74,15.0,10825.97,8335.72,2490.25,Premium,Cash
ORD1783,2024-04-24 04:40:34.086817,Smartphone,Electronics,North,Lucknow,3,24119.35,10.0,65122.24,42870.16,22252.08,Premium,Cash
ORD1784,2024-04-24 08:10:51.010202,Bookshelf,Furniture,Central,Nagpur,8,6757.7,5.0,51358.52,33648.88,17709.64,New,Credit Card
ORD1785,2024-04-24 11:41:07.933586,Keyboard,Accessories,Central,Indore,10,1586.57,0.0,15865.7,12032.36,3833.34,Regular,UPI
ORD1786,2024-04-24 15:11:24.856971,Printer,Electronics,Central,Bhopal,4,12506.68,15.0,42522.71,33763.03,8759.68,Regular,Credit Card
ORD1787,2024-04-24 18:41:41.780356,Laptop,Electronics,West,Ahmedabad,4,53011.36,5.0,201443.17,170108.03,31335.14,Regular,Net Banking
ORD1788,2024-04-24 22:11:58.703740,Keyboard,Accessories,Central,Indore,5,1497.06,15.0,6362.5,5040.42,1322.08,Regular,UPI
ORD1789,2024-04-25 01:42:15.627125,Keyboard,Accessories,North,Lucknow,10,1372.85,0.0,13728.5,8777.02,4951.48,Regular,Cash
ORD1790,2024-04-25 05:12:32.550510,USB Drive,Accessories,South,Chennai,9,958.95,25.0,6472.91,4248.5,2224.41,Premium,Debit Card
ORD1791,2024-04-25 08:42:49.473894,Monitor,Electronics,South,Bengaluru,8,14297.86,15.0,97225.45,76841.88,20383.57,Regular,Net Banking
ORD1792,2024-04-25 12:13:06.397279,Office Chair,Furniture,West,Ahmedabad,7,9700.61,5.0,64509.06,47204.31,17304.75,Regular,Credit Card
ORD1793,2024-04-25 15:43:23.320664,Smartwatch,Accessories,South,Chennai,5,6116.16,10.0,27522.72,18546.24,8976.48,Regular,Cash
ORD1794,2024-04-25 19:13:40.244048,Tablet,Electronics,North,Lucknow,9,22298.41,25.0,150514.27,108061.09,42453.18,Premium,UPI
ORD1795,2024-04-25 22:43:57.167433,Bluetooth Speaker,Accessories,West,Surat,9,2797.63,25.0,18884.0,15649.59,3234.41,Regular,UPI
ORD1796,2024-04-26 02:14:14.090818,Headphones,Accessories,Central,Bhopal,10,2741.72,25.0,20562.9,16222.07,4340.83,New,Debit Card
ORD1797,2024-04-26 05:44:31.014202,Printer,Electronics,South,Hyderabad,10,12126.28,0.0,121262.8,86420.9,34841.9,Regular,Cash
ORD1798,2024-04-26 09:14:47.937587,Monitor,Electronics,North,Chandigarh,2,14903.97,5.0,28317.54,23932.24,4385.3,Premium,Cash
ORD1799,2024-04-26 12:45:04.860972,Keyboard,Accessories,North,Lucknow,4,1385.9,20.0,4434.88,3542.22,892.66,New,Net Banking
ORD1800,2024-04-26 16:15:21.784356,Smartphone,Electronics,South,Bengaluru,8,26677.94,20.0,170738.82,102693.89,68044.93,Regular,Net Banking
ORD1801,2024-04-26 19:45:38.707741,Gaming Mouse,Accessories,South,Chennai,1,2163.59,20.0,1730.87,1087.15,643.72,New,UPI
ORD1802,2024-04-26 23:15:55.631126,Office Chair,Furniture,West,Ahmedabad,5,8568.82,10.0,38559.69,28476.03,10083.66,Regular,Credit Card
ORD1803,2024-04-27 02:46:12.554510,Monitor,Electronics,West,Pune,8,15864.82,15.0,107880.78,74166.8,33713.98,Premium,UPI
ORD1804,2024-04-27 06:16:29.477895,Webcam,Electronics,West,Pune,2,3789.14,15.0,6441.54,5173.46,1268.08,Regular,Net Banking
ORD1805,2024-04-27 09:46:46.401280,Keyboard,Accessories,South,Hyderabad,2,1441.79,15.0,2451.04,2019.47,431.57,Regular,Net Banking
ORD1806,2024-04-27 13:17:03.324664,Router,Electronics,Central,Nagpur,8,2637.97,10.0,18993.38,12538.72,6454.66,Premium,Net Banking
ORD1807,2024-04-27 16:47:20.248049,Keyboard,Accessories,South,Chennai,10,1545.76,20.0,12366.08,9779.36,2586.72,New,UPI
ORD1808,2024-04-27 20:17:37.171434,Bluetooth Speaker,Accessories,East,Kolkata,9,3293.84,25.0,22233.42,16315.98,5917.44,Premium,Cash
ORD1809,2024-04-27 23:47:54.094818,Smartphone,Electronics,Central,Nagpur,7,23519.96,15.0,139943.76,97679.59,42264.17,Regular,Credit Card
ORD1810,2024-04-28 03:18:11.018203,Webcam,Electronics,North,Lucknow,8,3822.48,25.0,22934.88,18272.1,4662.78,Regular,Credit Card
ORD1811,2024-04-28 06:48:27.941588,Office Chair,Furniture,North,Jaipur,5,8667.49,25.0,32503.09,24092.3,8410.79,Regular,Net Banking
ORD1812,2024-04-28 10:18:44.864972,Headphones,Accessories,Central,Bhopal,1,2947.17,10.0,2652.45,2012.73,639.72,Regular,Debit Card
ORD1813,2024-04-28 13:49:01.788357,Bluetooth Speaker,Accessories,South,Hyderabad,4,2915.3,10.0,10495.08,6460.39,4034.69,Premium,UPI
ORD1814,2024-04-28 17:19:18.711742,Bookshelf,Furniture,West,Pune,2,6675.83,5.0,12684.08,9468.28,3215.8,Premium,Cash
ORD1815,2024-04-28 20:49:35.635127,Office Desk,Furniture,North,Jaipur,3,12463.73,15.0,31782.51,21458.85,10323.66,Regular,Net Banking
ORD1816,2024-04-29 00:19:52.558511,Printer,Electronics,West,Mumbai,3,12213.95,20.0,29313.48,21203.13,8110.35,New,Debit Card
ORD1817,2024-04-29 03:50:09.481896,Keyboard,Accessories,South,Bengaluru,9,1441.71,0.0,12975.39,8505.4,4469.99,Regular,Net Banking
ORD1818,2024-04-29 07:20:26.405281,Monitor,Electronics,North,Delhi,10,13896.64,10.0,125069.76,94254.94,30814.82,Regular,Debit Card
ORD1819,2024-04-29 10:50:43.328665,Bluetooth Speaker,Accessories,West,Pune,4,2890.43,25.0,8671.29,5522.46,3148.83,Premium,Credit Card
ORD1820,2024-04-29 14:21:00.252050,Gaming Mouse,Accessories,South,Hyderabad,2,2147.74,5.0,4080.71,2573.81,1506.9,Regular,Debit Card
ORD1821,2024-04-29 17:51:17.175435,Laptop,Electronics,South,Hyderabad,3,53687.19,0.0,161061.57,104223.4,56838.17,Premium,Credit Card
ORD1822,2024-04-29 21:21:34.098819,Gaming Mouse,Accessories,North,Delhi,3,2137.19,10.0,5770.41,4641.52,1128.89,Premium,Credit Card
ORD1823,2024-04-30 00:51:51.022204,Router,Electronics,North,Jaipur,7,2274.36,5.0,15124.49,9201.49,5923.0,Regular,UPI
ORD1824,2024-04-30 04:22:07.945589,Office Desk,Furniture,South,Bengaluru,8,11913.68,25.0,71482.08,55927.17,15554.91,Premium,Debit Card
ORD1825,2024-04-30 07:52:24.868973,Webcam,Electronics,North,Jaipur,6,3735.35,15.0,19050.28,11699.29,7350.99,Premium,Cash
ORD1826,2024-04-30 11:22:41.792358,Laptop,Electronics,Central,Nagpur,4,51484.03,5.0,195639.31,146331.22,49308.09,Regular,Cash
ORD1827,2024-04-30 14:52:58.715743,Backpack,Accessories,North,Chandigarh,6,1672.44,10.0,9031.18,7165.24,1865.94,Regular,Debit Card
ORD1828,2024-04-30 18:23:15.639127,Keyboard,Accessories,East,Kolkata,1,1491.56,15.0,1267.83,833.94,433.89,Regular,UPI
ORD1829,2024-04-30 21:53:32.562512,Printer,Electronics,North,Lucknow,10,11689.45,25.0,87670.88,56897.24,30773.64,New,Cash
ORD1830,2024-05-01 01:23:49.485897,Office Chair,Furniture,South,Bengaluru,8,9110.31,20.0,58305.98,39198.79,19107.19,Regular,Net Banking
ORD1831,2024-05-01 04:54:06.409281,Monitor,Electronics,Central,Bhopal,1,16341.22,5.0,15524.16,12029.72,3494.44,New,Cash
ORD1832,2024-05-01 08:24:23.332666,Bookshelf,Furniture,North,Jaipur,5,7365.24,0.0,36826.2,24441.79,12384.41,New,UPI
ORD1833,2024-05-01 11:54:40.256051,Office Chair,Furniture,Central,Nagpur,2,9336.7,25.0,14005.05,10159.86,3845.19,Premium,Credit Card
ORD1834,2024-05-01 15:24:57.179435,Tablet,Electronics,South,Hyderabad,6,21630.12,15.0,110313.61,69896.53,40417.08,Regular,Credit Card
ORD1835,2024-05-01 18:55:14.102820,Laptop,Electronics,West,Mumbai,9,52660.96,25.0,355461.48,254261.21,101200.27,New,Credit Card
ORD1836,2024-05-01 22:25:31.026205,Keyboard,Accessories,East,Bhubaneswar,5,1512.08,15.0,6426.34,4859.48,1566.86,Regular,UPI
ORD1837,2024-05-02 01:55:47.949589,External Hard Drive,Electronics,Central,Bhopal,4,7001.08,25.0,21003.24,12979.05,8024.19,Premium,Credit Card
ORD1838,2024-05-02 05:26:04.872974,Power Bank,Accessories,West,Surat,2,1935.63,20.0,3097.01,2489.55,607.46,Premium,Credit Card
ORD1839,2024-05-02 08:56:21.796359,Printer,Electronics,East,Kolkata,3,11869.24,5.0,33827.33,28224.14,5603.19,New,UPI
ORD1840,2024-05-02 12:26:38.719743,Power Bank,Accessories,North,Lucknow,6,1708.64,0.0,10251.84,6647.16,3604.68,Premium,Net Banking
ORD1841,2024-05-02 15:56:55.643128,Office Desk,Furniture,North,Lucknow,8,11340.83,20.0,72581.31,57328.94,15252.37,Regular,Cash
ORD1842,2024-05-02 19:27:12.566513,Smartphone,Electronics,Central,Bhopal,8,22669.94,5.0,172291.54,116876.84,55414.7,Regular,UPI
ORD1843,2024-05-02 22:57:29.489897,Bookshelf,Furniture,South,Bengaluru,5,7479.73,0.0,37398.65,28766.34,8632.31,Regular,UPI
ORD1844,2024-05-03 02:27:46.413282,Headphones,Accessories,South,Chennai,5,2858.9,25.0,10720.88,7254.49,3466.39,Premium,Debit Card
ORD1845,2024-05-03 05:58:03.336667,Smartphone,Electronics,West,Ahmedabad,10,24295.0,0.0,242950.0,198146.57,44803.43,Premium,Credit Card
ORD1846,2024-05-03 09:28:20.260052,Gaming Mouse,Accessories,South,Hyderabad,3,2336.06,10.0,6307.36,4331.75,1975.61,New,Net Banking
ORD1847,2024-05-03 12:58:37.183436,Laptop,Electronics,Central,Indore,7,50820.26,0.0,355741.82,288936.24,66805.58,Regular,Debit Card
ORD1848,2024-05-03 16:28:54.106821,Printer,Electronics,West,Ahmedabad,6,11906.96,5.0,67869.67,53721.26,14148.41,Regular,Net Banking
ORD1849,2024-05-03 19:59:11.030206,Smartwatch,Accessories,West,Surat,1,5546.81,20.0,4437.45,2880.26,1557.19,Regular,Credit Card
ORD1850,2024-05-03 23:29:27.953590,Router,Electronics,Central,Bhopal,4,2470.92,20.0,7906.94,5054.42,2852.52,Regular,Credit Card
ORD1851,2024-05-04 02:59:44.876975,Smartwatch,Accessories,North,Jaipur,6,5456.57,10.0,29465.48,23422.52,6042.96,Regular,Credit Card
ORD1852,2024-05-04 06:30:01.800360,Office Chair,Furniture,South,Hyderabad,6,9031.72,5.0,51480.8,35911.76,15569.04,Regular,Cash
ORD1853,2024-05-04 10:00:18.723744,Webcam,Electronics,East,Bhubaneswar,3,3707.0,0.0,11121.0,9312.15,1808.85,New,Net Banking
ORD1854,2024-05-04 13:30:35.647129,Keyboard,Accessories,South,Chennai,6,1552.89,10.0,8385.61,7008.17,1377.44,Regular,Net Banking
ORD1855,2024-05-04 17:00:52.570514,Tablet,Electronics,West,Mumbai,10,22040.34,25.0,165302.55,127840.06,37462.49,Regular,Debit Card
ORD1856,2024-05-04 20:31:09.493898,Router,Electronics,Central,Bhopal,6,2664.38,15.0,13588.34,9853.52,3734.82,Regular,UPI
ORD1857,2024-05-05 00:01:26.417283,Printer,Electronics,East,Bhubaneswar,9,11346.69,25.0,76590.16,49687.24,26902.92,Premium,Credit Card
ORD1858,2024-05-05 03:31:43.340668,Office Desk,Furniture,South,Chennai,9,12793.91,5.0,109387.93,89763.54,19624.39,New,Credit Card
ORD1859,2024-05-05 07:02:00.264052,External Hard Drive,Electronics,Central,Bhopal,2,6209.27,10.0,11176.69,6935.13,4241.56,Regular,Debit Card
ORD1860,2024-05-05 10:32:17.187437,Backpack,Accessories,East,Bhubaneswar,4,1750.5,20.0,5601.6,3879.6,1722.0,Regular,Net Banking
ORD1861,2024-05-05 14:02:34.110822,Office Chair,Furniture,East,Kolkata,9,8331.17,10.0,67482.48,45874.92,21607.56,New,Cash
ORD1862,2024-05-05 17:32:51.034206,Smartwatch,Accessories,South,Hyderabad,4,5522.11,15.0,18775.17,15763.77,3011.4,New,Net Banking
ORD1863,2024-05-05 21:03:07.957591,Smartphone,Electronics,Central,Nagpur,8,27160.56,5.0,206420.26,129947.54,76472.72,Premium,Cash
ORD1864,2024-05-06 00:33:24.880976,Office Desk,Furniture,West,Mumbai,10,11255.95,10.0,101303.55,83325.97,17977.58,Regular,Cash
ORD1865,2024-05-06 04:03:41.804360,Tablet,Electronics,West,Ahmedabad,3,21266.5,25.0,47849.62,34169.83,13679.79,Regular,Net Banking
ORD1866,2024-05-06 07:33:58.727745,Tablet,Electronics,Central,Indore,3,22128.27,0.0,66384.81,40619.19,25765.62,Regular,Credit Card
ORD1867,2024-05-06 11:04:15.651130,Laptop,Electronics,South,Bengaluru,9,53326.54,25.0,359954.14,281562.1,78392.04,Premium,Cash
ORD1868,2024-05-06 14:34:32.574514,Headphones,Accessories,East,Bhubaneswar,10,3222.08,5.0,30609.76,19137.83,11471.93,Regular,Debit Card
ORD1869,2024-05-06 18:04:49.497899,Headphones,Accessories,Central,Bhopal,8,3240.43,10.0,23331.1,15381.05,7950.05,Premium,Debit Card
ORD1870,2024-05-06 21:35:06.421284,Office Chair,Furniture,South,Hyderabad,1,8686.78,25.0,6515.09,5211.63,1303.46,Regular,Cash
ORD1871,2024-05-07 01:05:23.344668,Smartwatch,Accessories,West,Surat,10,5510.43,10.0,49593.87,31674.76,17919.11,Regular,Credit Card
ORD1872,2024-05-07 04:35:40.268053,Printer,Electronics,Central,Nagpur,2,11304.38,25.0,16956.57,11553.66,5402.91,New,Cash
ORD1873,2024-05-07 08:05:57.191438,Backpack,Accessories,West,Pune,3,1790.78,5.0,5103.72,3522.84,1580.88,Regular,Debit Card
ORD1874,2024-05-07 11:36:14.114822,Tablet,Electronics,West,Surat,2,21069.32,20.0,33710.91,25188.81,8522.1,Regular,Debit Card
ORD1875,2024-05-07 15:06:31.038207,Printer,Electronics,Central,Bhopal,3,11888.33,25.0,26748.74,21331.67,5417.07,Regular,Net Banking
ORD1876,2024-05-07 18:36:47.961592,Printer,Electronics,Central,Indore,8,12620.89,0.0,100967.12,66406.36,34560.76,New,Credit Card
ORD1877,2024-05-07 22:07:04.884976,Bluetooth Speaker,Accessories,South,Hyderabad,6,2952.38,25.0,13285.71,8654.92,4630.79,Regular,Net Banking
ORD1878,2024-05-08 01:37:21.808361,Backpack,Accessories,North,Jaipur,7,1690.92,5.0,11244.62,7370.57,3874.05,New,UPI
ORD1879,2024-05-08 05:07:38.731746,Monitor,Electronics,East,Bhubaneswar,10,14573.9,25.0,109304.25,76010.5,33293.75,Regular,Cash
ORD1880,2024-05-08 08:37:55.655131,Bookshelf,Furniture,West,Surat,10,7340.17,0.0,73401.7,53860.39,19541.31,Premium,Net Banking
ORD1881,2024-05-08 12:08:12.578515,Power Bank,Accessories,East,Bhubaneswar,6,1772.66,0.0,10635.96,6417.33,4218.63,Regular,Credit Card
ORD1882,2024-05-08 15:38:29.501900,External Hard Drive,Electronics,West,Mumbai,1,6174.4,5.0,5865.68,4663.65,1202.03,New,Cash
ORD1883,2024-05-08 19:08:46.425285,Headphones,Accessories,South,Hyderabad,3,2956.45,10.0,7982.41,6638.8,1343.61,Premium,Cash
ORD1884,2024-05-08 22:39:03.348669,Headphones,Accessories,West,Mumbai,1,2972.88,25.0,2229.66,1807.99,421.67,Premium,Cash
ORD1885,2024-05-09 02:09:20.272054,Mouse,Accessories,North,Lucknow,10,767.42,20.0,6139.36,3740.69,2398.67,Regular,Cash
ORD1886,2024-05-09 05:39:37.195439,Headphones,Accessories,West,Pune,9,3297.41,0.0,29676.69,21697.4,7979.29,Regular,Cash
ORD1887,2024-05-09 09:09:54.118823,Backpack,Accessories,East,Bhubaneswar,9,1896.35,0.0,17067.15,13713.57,3353.58,Premium,Credit Card
ORD1888,2024-05-09 12:40:11.042208,Bluetooth Speaker,Accessories,South,Hyderabad,5,3115.47,25.0,11683.01,8014.88,3668.13,Regular,UPI
ORD1889,2024-05-09 16:10:27.965593,Keyboard,Accessories,South,Bengaluru,4,1606.46,10.0,5783.26,4766.91,1016.35,Regular,Debit Card
ORD1890,2024-05-09 19:40:44.888977,Laptop,Electronics,West,Pune,9,56830.61,25.0,383606.62,315217.2,68389.42,Regular,UPI
ORD1891,2024-05-09 23:11:01.812362,Webcam,Electronics,East,Bhubaneswar,9,3703.69,5.0,31666.55,20121.75,11544.8,New,Debit Card
ORD1892,2024-05-10 02:41:18.735747,Laptop,Electronics,South,Chennai,3,54037.78,20.0,129690.67,93819.23,35871.44,Premium,Net Banking
ORD1893,2024-05-10 06:11:35.659131,Router,Electronics,Central,Indore,5,2500.19,25.0,9375.71,5685.59,3690.12,Regular,Cash
ORD1894,2024-05-10 09:41:52.582516,Laptop,Electronics,West,Surat,3,50016.96,0.0,150050.88,100603.85,49447.03,Regular,Net Banking
ORD1895,2024-05-10 13:12:09.505901,Webcam,Electronics,Central,Indore,10,3346.45,0.0,33464.5,26870.93,6593.57,New,Net Banking
ORD1896,2024-05-10 16:42:26.429285,Smartphone,Electronics,East,Patna,2,24340.06,5.0,46246.11,39021.78,7224.33,Regular,Debit Card
ORD1897,2024-05-10 20:12:43.352670,Backpack,Accessories,East,Kolkata,1,1845.17,10.0,1660.65,1375.57,285.08,Regular,Credit Card
ORD1898,2024-05-10 23:43:00.276055,Headphones,Accessories,Central,Bhopal,10,2978.53,25.0,22338.98,13641.19,8697.79,Regular,Cash
ORD1899,2024-05-11 03:13:17.199439,Headphones,Accessories,East,Bhubaneswar,2,3064.7,15.0,5209.99,4333.06,876.93,Regular,Net Banking
ORD1900,2024-05-11 06:43:34.122824,Bluetooth Speaker,Accessories,West,Ahmedabad,8,3128.0,10.0,22521.6,18144.8,4376.8,New,UPI
ORD1901,2024-05-11 10:13:51.046209,Mouse,Accessories,South,Bengaluru,8,726.83,0.0,5814.64,4750.13,1064.51,New,Cash
ORD1902,2024-05-11 13:44:07.969593,Bluetooth Speaker,Accessories,East,Kolkata,3,2854.97,25.0,6423.68,5323.35,1100.33,Regular,Credit Card
ORD1903,2024-05-11 17:14:24.892978,Keyboard,Accessories,North,Delhi,7,1401.27,0.0,9808.89,7082.46,2726.43,Regular,Cash
ORD1904,2024-05-11 20:44:41.816363,Keyboard,Accessories,South,Chennai,7,1406.24,20.0,7874.94,5140.8,2734.14,New,Net Banking
ORD1905,2024-05-12 00:14:58.739747,Tablet,Electronics,North,Jaipur,2,22013.75,10.0,39624.75,23983.12,15641.63,New,UPI
ORD1906,2024-05-12 03:45:15.663132,Mouse,Accessories,North,Chandigarh,9,838.4,15.0,6413.76,3886.01,2527.75,Premium,Net Banking
ORD1907,2024-05-12 07:15:32.586517,Bluetooth Speaker,Accessories,Central,Nagpur,3,2863.67,20.0,6872.81,5227.65,1645.16,New,Credit Card
ORD1908,2024-05-12 10:45:49.509901,Headphones,Accessories,South,Hyderabad,2,3194.67,15.0,5430.94,3716.5,1714.44,Premium,Debit Card
ORD1909,2024-05-12 14:16:06.433286,Power Bank,Accessories,West,Ahmedabad,3,1941.28,20.0,4659.07,3373.05,1286.02,Regular,UPI
ORD1910,2024-05-12 17:46:23.356671,Gaming Mouse,Accessories,Central,Bhopal,2,2134.23,10.0,3841.61,2431.1,1410.51,Regular,Credit Card
ORD1911,2024-05-12 21:16:40.280056,Webcam,Electronics,West,Surat,8,3626.95,0.0,29015.6,24485.64,4529.96,New,Credit Card
ORD1912,2024-05-13 00:46:57.203440,Webcam,Electronics,North,Delhi,5,3231.93,15.0,13735.7,8687.63,5048.07,Regular,Net Banking
ORD1913,2024-05-13 04:17:14.126825,Laptop,Electronics,West,Mumbai,3,57684.31,10.0,155747.64,110767.97,44979.67,New,Net Banking
ORD1914,2024-05-13 07:47:31.050210,Gaming Mouse,Accessories,West,Surat,5,2052.61,15.0,8723.59,6201.06,2522.53,Regular,Net Banking
ORD1915,2024-05-13 11:17:47.973594,Mouse,Accessories,West,Mumbai,8,829.99,10.0,5975.93,3598.46,2377.47,New,Debit Card
ORD1916,2024-05-13 14:48:04.896979,Monitor,Electronics,West,Surat,7,14765.7,20.0,82687.92,63417.46,19270.46,Regular,Cash
ORD1917,2024-05-13 18:18:21.820364,Keyboard,Accessories,Central,Nagpur,6,1628.54,10.0,8794.12,6459.74,2334.38,Premium,Cash
ORD1918,2024-05-13 21:48:38.743748,Laptop,Electronics,West,Ahmedabad,1,54609.07,0.0,54609.07,31645.92,22963.15,Regular,Net Banking
ORD1919,2024-05-14 01:18:55.667133,Printer,Electronics,South,Chennai,10,10874.17,0.0,108741.7,87485.0,21256.7,Regular,Net Banking
ORD1920,2024-05-14 04:49:12.590518,Laptop,Electronics,West,Mumbai,1,54787.36,20.0,43829.89,28940.19,14889.7,Regular,Debit Card
ORD1921,2024-05-14 08:19:29.513902,Monitor,Electronics,North,Jaipur,1,15886.5,5.0,15092.18,12304.27,2787.91,Premium,Cash
ORD1922,2024-05-14 11:49:46.437287,Smartphone,Electronics,Central,Indore,10,25735.42,0.0,257354.2,210051.13,47303.07,Regular,Debit Card
ORD1923,2024-05-14 15:20:03.360672,Power Bank,Accessories,North,Delhi,8,1967.87,25.0,11807.22,9525.07,2282.15,Premium,Credit Card
ORD1924,2024-05-14 18:50:20.284056,Printer,Electronics,South,Hyderabad,8,12823.85,25.0,76943.1,52732.91,24210.19,Regular,Cash
ORD1925,2024-05-14 22:20:37.207441,Power Bank,Accessories,Central,Bhopal,7,1809.56,10.0,11400.23,7303.44,4096.79,New,Net Banking
ORD1926,2024-05-15 01:50:54.130826,Laptop,Electronics,West,Pune,6,51771.73,10.0,279567.34,200951.4,78615.94,New,UPI
ORD1927,2024-05-15 05:21:11.054210,Keyboard,Accessories,South,Hyderabad,4,1351.13,5.0,5134.29,3414.1,1720.19,Regular,Credit Card
ORD1928,2024-05-15 08:51:27.977595,Bookshelf,Furniture,East,Kolkata,1,7672.7,10.0,6905.43,4233.34,2672.09,Regular,UPI
ORD1929,2024-05-15 12:21:44.900980,Webcam,Electronics,Central,Nagpur,9,3806.82,0.0,34261.38,22950.59,11310.79,New,Debit Card
ORD1930,2024-05-15 15:52:01.824364,Monitor,Electronics,South,Bengaluru,1,14322.43,0.0,14322.43,10273.22,4049.21,New,Debit Card
ORD1931,2024-05-15 19:22:18.747749,Bookshelf,Furniture,Central,Bhopal,4,7193.5,20.0,23019.2,14460.29,8558.91,Regular,Debit Card
ORD1932,2024-05-15 22:52:35.671134,Gaming Mouse,Accessories,North,Lucknow,3,2300.87,15.0,5867.22,4905.49,961.73,New,Net Banking
ORD1933,2024-05-16 02:22:52.594518,Webcam,Electronics,West,Ahmedabad,7,3554.61,10.0,22394.04,17109.61,5284.43,New,Debit Card
ORD1934,2024-05-16 05:53:09.517903,Headphones,Accessories,Central,Indore,5,3205.78,5.0,15227.46,9655.51,5571.95,Premium,UPI
ORD1935,2024-05-16 09:23:26.441288,Printer,Electronics,North,Delhi,5,10986.78,25.0,41200.43,33084.61,8115.82,Regular,Credit Card
ORD1936,2024-05-16 12:53:43.364672,Webcam,Electronics,East,Kolkata,4,3777.55,0.0,15110.2,12572.02,2538.18,New,Net Banking
ORD1937,2024-05-16 16:24:00.288057,Monitor,Electronics,North,Lucknow,1,14676.06,0.0,14676.06,9769.79,4906.27,Regular,Credit Card
ORD1938,2024-05-16 19:54:17.211442,Office Desk,Furniture,West,Surat,5,11953.66,0.0,59768.3,38001.47,21766.83,Premium,Debit Card
ORD1939,2024-05-16 23:24:34.134826,Bookshelf,Furniture,East,Patna,4,6922.63,15.0,23536.94,16019.69,7517.25,Regular,Cash
ORD1940,2024-05-17 02:54:51.058211,Smartphone,Electronics,West,Ahmedabad,10,25156.43,15.0,213829.66,172787.67,41041.99,New,Net Banking
ORD1941,2024-05-17 06:25:07.981596,Bluetooth Speaker,Accessories,North,Jaipur,8,3058.9,10.0,22024.08,14178.52,7845.56,Premium,Debit Card
ORD1942,2024-05-17 09:55:24.904980,Bluetooth Speaker,Accessories,South,Hyderabad,2,3126.21,25.0,4689.32,3727.24,962.08,Regular,Net Banking
ORD1943,2024-05-17 13:25:41.828365,Monitor,Electronics,North,Delhi,8,15074.82,5.0,114568.63,89256.5,25312.13,Regular,Cash
ORD1944,2024-05-17 16:55:58.751750,Monitor,Electronics,South,Chennai,1,15554.32,15.0,13221.17,10085.66,3135.51,Regular,UPI
ORD1945,2024-05-17 20:26:15.675135,Office Chair,Furniture,West,Surat,4,8708.94,20.0,27868.61,19740.16,8128.45,Regular,UPI
ORD1946,2024-05-17 23:56:32.598519,Printer,Electronics,Central,Indore,3,13048.03,15.0,33272.48,23014.33,10258.15,Regular,UPI
ORD1947,2024-05-18 03:26:49.521904,Gaming Mouse,Accessories,West,Surat,5,2008.39,0.0,10041.95,6239.21,3802.74,Premium,Cash
ORD1948,2024-05-18 06:57:06.445289,Office Chair,Furniture,East,Patna,5,9081.97,5.0,43139.36,29737.64,13401.72,Regular,Credit Card
ORD1949,2024-05-18 10:27:23.368673,Power Bank,Accessories,Central,Indore,5,1651.46,10.0,7431.57,5577.1,1854.47,Premium,Cash
ORD1950,2024-05-18 13:57:40.292058,Headphones,Accessories,West,Pune,4,2965.66,15.0,10083.24,8314.16,1769.08,Regular,Cash
ORD1951,2024-05-18 17:27:57.215443,Keyboard,Accessories,Central,Nagpur,8,1427.27,0.0,11418.16,9229.08,2189.08,Regular,Debit Card
ORD1952,2024-05-18 20:58:14.138827,Keyboard,Accessories,East,Bhubaneswar,3,1631.07,20.0,3914.57,2380.27,1534.3,Regular,UPI
ORD1953,2024-05-19 00:28:31.062212,Headphones,Accessories,South,Chennai,4,2707.85,20.0,8665.12,5499.89,3165.23,New,Net Banking
ORD1954,2024-05-19 03:58:47.985597,Webcam,Electronics,North,Delhi,1,3423.84,10.0,3081.46,2502.52,578.94,New,Credit Card
ORD1955,2024-05-19 07:29:04.908981,Backpack,Accessories,West,Ahmedabad,7,1901.54,10.0,11979.7,10001.01,1978.69,Regular,Net Banking
ORD1956,2024-05-19 10:59:21.832366,Office Chair,Furniture,North,Jaipur,1,8439.23,15.0,7173.35,4404.09,2769.26,Regular,Debit Card
ORD1957,2024-05-19 14:29:38.755751,Office Desk,Furniture,South,Chennai,2,12757.41,10.0,22963.34,17803.78,5159.56,New,Debit Card
ORD1958,2024-05-19 17:59:55.679135,Bookshelf,Furniture,East,Kolkata,7,7503.62,25.0,39394.0,27238.32,12155.68,Regular,Credit Card
ORD1959,2024-05-19 21:30:12.602520,Headphones,Accessories,West,Ahmedabad,1,3124.8,25.0,2343.6,1619.6,724.0,New,Net Banking
ORD1960,2024-05-20 01:00:29.525905,External Hard Drive,Electronics,West,Pune,3,6121.79,0.0,18365.37,13969.94,4395.43,Premium,Credit Card
ORD1961,2024-05-20 04:30:46.449289,Laptop,Electronics,North,Delhi,6,52492.43,0.0,314954.58,252768.06,62186.52,New,Credit Card
ORD1962,2024-05-20 08:01:03.372674,Webcam,Electronics,South,Hyderabad,6,3266.85,0.0,19601.1,13107.44,6493.66,Regular,UPI
ORD1963,2024-05-20 11:31:20.296059,Headphones,Accessories,West,Ahmedabad,6,2810.44,25.0,12646.98,9818.34,2828.64,Regular,Net Banking
ORD1964,2024-05-20 15:01:37.219443,Office Chair,Furniture,Central,Bhopal,2,8165.69,15.0,13881.67,10535.76,3345.91,Regular,UPI
ORD1965,2024-05-20 18:31:54.142828,Office Desk,Furniture,West,Ahmedabad,2,12857.56,15.0,21857.85,15941.59,5916.26,New,UPI
ORD1966,2024-05-20 22:02:11.066213,Office Desk,Furniture,Central,Indore,6,12068.41,10.0,65169.41,48916.58,16252.83,Regular,UPI
ORD1967,2024-05-21 01:32:27.989597,Monitor,Electronics,West,Surat,10,14483.28,15.0,123107.88,74420.36,48687.52,Regular,Cash
ORD1968,2024-05-21 05:02:44.912982,USB Drive,Accessories,West,Pune,5,862.12,0.0,4310.6,2590.74,1719.86,Regular,Debit Card
ORD1969,2024-05-21 08:33:01.836367,Monitor,Electronics,North,Jaipur,7,15134.09,5.0,100641.7,74234.29,26407.41,Regular,Debit Card
ORD1970,2024-05-21 12:03:18.759751,Printer,Electronics,West,Surat,7,11584.04,0.0,81088.28,59277.73,21810.55,Regular,Cash
ORD1971,2024-05-21 15:33:35.683136,Printer,Electronics,West,Ahmedabad,5,12872.92,25.0,48273.45,29824.97,18448.48,New,Credit Card
ORD1972,2024-05-21 19:03:52.606521,Headphones,Accessories,West,Pune,8,2826.57,5.0,21481.93,15531.58,5950.35,New,Net Banking
ORD1973,2024-05-21 22:34:09.529905,Power Bank,Accessories,East,Bhubaneswar,10,1937.63,10.0,17438.67,13765.78,3672.89,Premium,Net Banking
ORD1974,2024-05-22 02:04:26.453290,Router,Electronics,East,Kolkata,6,2582.05,20.0,12393.84,9113.2,3280.64,Regular,Net Banking
ORD1975,2024-05-22 05:34:43.376675,Smartwatch,Accessories,South,Chennai,5,6547.96,15.0,27828.83,20298.45,7530.38,Regular,UPI
ORD1976,2024-05-22 09:05:00.300060,Bluetooth Speaker,Accessories,East,Patna,4,2709.06,15.0,9210.8,7179.61,2031.19,Regular,Net Banking
ORD1977,2024-05-22 12:35:17.223444,Backpack,Accessories,North,Delhi,7,1641.27,25.0,8616.67,5540.18,3076.49,Regular,Net Banking
ORD1978,2024-05-22 16:05:34.146829,Headphones,Accessories,Central,Unknown,4,3000.54,0.0,12002.16,8573.98,3428.18,New,Net Banking
ORD1979,2024-05-22 19:35:51.070214,Smartwatch,Accessories,North,Lucknow,5,6494.85,0.0,32474.25,20686.49,11787.76,Regular,Debit Card
ORD1980,2024-05-22 23:06:07.993598,Office Chair,Furniture,North,Delhi,5,9415.43,5.0,44723.29,32690.94,12032.35,Premium,Cash
ORD1981,2024-05-23 02:36:24.916983,Laptop,Electronics,East,Kolkata,1,56343.5,15.0,47891.98,35822.5,12069.48,Regular,Credit Card
ORD1982,2024-05-23 06:06:41.840368,Backpack,Accessories,West,Mumbai,1,1631.38,25.0,1223.54,771.34,452.2,Regular,Cash
ORD1983,2024-05-23 09:36:58.763752,Printer,Electronics,East,Patna,3,11649.99,10.0,31454.97,19466.81,11988.16,New,Net Banking
ORD1984,2024-05-23 13:07:15.687137,Backpack,Accessories,South,Bengaluru,3,1744.51,0.0,5233.53,3358.27,1875.26,New,Credit Card
ORD1985,2024-05-23 16:37:32.610522,Monitor,Electronics,West,Surat,2,15126.26,15.0,25714.64,19198.15,6516.49,Regular,Credit Card
ORD1986,2024-05-23 20:07:49.533906,Laptop,Electronics,South,Hyderabad,2,52336.11,20.0,83737.78,54212.24,29525.54,Premium,Cash
ORD1987,2024-05-23 23:38:06.457291,Bluetooth Speaker,Accessories,Central,Bhopal,6,2860.29,25.0,12871.3,8608.46,4262.84,Regular,Cash
ORD1988,2024-05-24 03:08:23.380676,Headphones,Accessories,Central,Nagpur,1,3072.52,5.0,2918.89,2264.0,654.89,Premium,Cash
ORD1989,2024-05-24 06:38:40.304060,Webcam,Electronics,East,Kolkata,6,3811.2,0.0,22867.2,15140.06,7727.14,Regular,Cash
ORD1990,2024-05-24 10:08:57.227445,Webcam,Electronics,South,Hyderabad,5,3612.13,0.0,18060.65,12631.29,5429.36,Regular,UPI
ORD1991,2024-05-24 13:39:14.150830,Smartwatch,Accessories,West,Ahmedabad,6,6201.76,10.0,33489.5,27870.34,5619.16,Premium,Debit Card
ORD1992,2024-05-24 17:09:31.074214,Smartwatch,Accessories,North,Jaipur,5,6583.46,0.0,32917.3,26539.55,6377.75,Regular,Debit Card
ORD1993,2024-05-24 20:39:47.997599,Power Bank,Accessories,East,Kolkata,7,1675.25,25.0,8795.06,5838.76,2956.3,Premium,Net Banking
ORD1994,2024-05-25 00:10:04.920984,Gaming Mouse,Accessories,South,Chennai,1,1994.89,15.0,1695.66,1270.72,424.94,Regular,UPI
ORD1995,2024-05-25 03:40:21.844368,Smartwatch,Accessories,Central,Bhopal,3,6294.62,15.0,16051.28,12302.52,3748.76,Regular,Credit Card
ORD1996,2024-05-25 07:10:38.767753,Tablet,Electronics,North,Lucknow,6,21730.66,15.0,110826.37,91438.45,19387.92,Regular,Cash
ORD1997,2024-05-25 10:40:55.691138,Gaming Mouse,Accessories,West,Pune,1,2168.68,20.0,1734.94,1278.42,456.52,Regular,Net Banking
ORD1998,2024-05-25 14:11:12.614522,Office Chair,Furniture,West,Pune,7,8505.55,0.0,59538.85,35262.32,24276.53,New,Credit Card
ORD1999,2024-05-25 17:41:29.537907,Keyboard,Accessories,East,Kolkata,4,1502.06,0.0,6008.24,4939.45,1068.79,Regular,Debit Card
ORD2000,2024-05-25 21:11:46.461292,Smartphone,Electronics,North,Delhi,3,24710.86,20.0,59306.06,36389.93,22916.13,Premium,Credit Card
ORD2001,2024-05-26 00:42:03.384676,Mouse,Accessories,Central,Bhopal,10,775.27,20.0,6202.16,4695.25,1506.91,Regular,Cash
ORD2002,2024-05-26 04:12:20.308061,External Hard Drive,Electronics,East,Patna,9,6425.57,10.0,52047.12,36649.62,15397.5,New,Cash
ORD2003,2024-05-26 07:42:37.231446,Smartphone,Electronics,West,Ahmedabad,1,24419.17,20.0,19535.34,16164.34,3371.0,Regular,Debit Card
ORD2004,2024-05-26 11:12:54.154830,Router,Electronics,South,Bengaluru,8,2719.95,5.0,20671.62,17366.95,3304.67,Regular,Cash
ORD2005,2024-05-26 14:43:11.078215,Office Chair,Furniture,East,Bhubaneswar,1,9864.45,5.0,9371.23,6021.59,3349.64,Regular,UPI
ORD2006,2024-05-26 18:13:28.001600,Office Desk,Furniture,East,Kolkata,5,12815.76,5.0,60874.86,40808.5,20066.36,Regular,Net Banking
ORD2007,2024-05-26 21:43:44.924984,Bluetooth Speaker,Accessories,North,Jaipur,10,3294.25,0.0,32942.5,22017.6,10924.9,Regular,Debit Card
ORD2008,2024-05-27 01:14:01.848369,Mouse,Accessories,North,Jaipur,8,762.52,15.0,5185.14,3241.53,1943.61,Regular,Debit Card
ORD2009,2024-05-27 04:44:18.771754,Gaming Mouse,Accessories,Central,Indore,6,2350.89,10.0,12694.81,9149.61,3545.2,New,Credit Card
ORD2010,2024-05-27 08:14:35.695139,Keyboard,Accessories,South,Chennai,7,1471.99,0.0,10303.93,7504.05,2799.88,Regular,Debit Card
ORD2011,2024-05-27 11:44:52.618523,Laptop,Electronics,North,Delhi,8,57707.5,15.0,392411.0,291657.34,100753.66,Regular,Net Banking
ORD2012,2024-05-27 15:15:09.541908,Router,Electronics,East,Bhubaneswar,6,2350.7,10.0,12693.78,9720.13,2973.65,New,UPI
ORD2013,2024-05-27 18:45:26.465293,Office Chair,Furniture,West,Mumbai,6,9561.52,10.0,51632.21,31791.47,19840.74,Regular,Credit Card
ORD2014,2024-05-27 22:15:43.388677,External Hard Drive,Electronics,North,Lucknow,6,5958.5,10.0,32175.9,24312.78,7863.12,Regular,Net Banking
ORD2015,2024-05-28 01:46:00.312062,Router,Electronics,West,Ahmedabad,5,2385.28,5.0,11330.08,9386.43,1943.65,Premium,Debit Card
ORD2016,2024-05-28 05:16:17.235447,Mouse,Accessories,North,Jaipur,8,851.51,5.0,6471.48,4619.0,1852.48,Regular,Cash
ORD2017,2024-05-28 08:46:34.158831,Router,Electronics,North,Delhi,2,2623.58,5.0,4984.8,3123.87,1860.93,Regular,Cash
ORD2018,2024-05-28 12:16:51.082216,Gaming Mouse,Accessories,North,Lucknow,7,2200.55,10.0,13863.47,8615.95,5247.52,Regular,Net Banking
ORD2019,2024-05-28 15:47:08.005601,Smartwatch,Accessories,Central,Indore,4,6207.35,25.0,18622.05,12484.93,6137.12,New,UPI
ORD2020,2024-05-28 19:17:24.928985,Router,Electronics,North,Lucknow,1,2342.79,10.0,2108.51,1661.78,446.73,Regular,Cash
ORD2021,2024-05-28 22:47:41.852370,Gaming Mouse,Accessories,North,Jaipur,5,2273.82,5.0,10800.64,7185.12,3615.52,Regular,Net Banking
ORD2022,2024-05-29 02:17:58.775755,Headphones,Accessories,East,Bhubaneswar,3,2704.79,10.0,7302.93,5868.51,1434.42,Regular,Credit Card
ORD2023,2024-05-29 05:48:15.699139,Router,Electronics,Central,Indore,4,2666.61,5.0,10133.12,8156.3,1976.82,Regular,Debit Card
ORD2024,2024-05-29 09:18:32.622524,Mouse,Accessories,South,Hyderabad,7,802.61,5.0,5337.36,3812.36,1525.0,New,UPI
ORD2025,2024-05-29 12:48:49.545909,Laptop,Electronics,East,Patna,5,59882.66,5.0,284442.64,192054.88,92387.76,Premium,UPI
ORD2026,2024-05-29 16:19:06.469293,Bookshelf,Furniture,North,Chandigarh,4,6969.43,25.0,20908.29,15669.02,5239.27,Premium,Credit Card
ORD2027,2024-05-29 19:49:23.392678,Bluetooth Speaker,Accessories,East,Bhubaneswar,1,2959.85,15.0,2515.87,2019.32,496.55,New,UPI
ORD2028,2024-05-29 23:19:40.316063,Bluetooth Speaker,Accessories,West,Ahmedabad,6,2970.03,10.0,16038.16,9881.8,6156.36,Regular,Net Banking
ORD2029,2024-05-30 02:49:57.239447,Router,Electronics,West,Ahmedabad,10,2429.86,0.0,24298.6,20370.87,3927.73,New,UPI
ORD2030,2024-05-30 06:20:14.162832,Bookshelf,Furniture,South,Hyderabad,6,6533.35,5.0,37240.1,28357.41,8882.69,Regular,UPI
ORD2031,2024-05-30 09:50:31.086217,USB Drive,Accessories,South,Chennai,7,961.57,25.0,5048.24,3531.43,1516.81,New,UPI
ORD2032,2024-05-30 13:20:48.009601,Headphones,Accessories,North,Lucknow,1,2933.45,0.0,2933.45,2131.17,802.28,New,Net Banking
ORD2033,2024-05-30 16:51:04.932986,Bluetooth Speaker,Accessories,South,Bengaluru,4,3017.47,15.0,10259.4,7144.63,3114.77,New,Debit Card
ORD2034,2024-05-30 20:21:21.856371,External Hard Drive,Electronics,North,Delhi,9,5875.85,10.0,47594.38,33466.12,14128.26,Premium,Cash
ORD2035,2024-05-30 23:51:38.779755,Laptop,Electronics,West,Surat,10,50162.79,25.0,376220.93,281753.42,94467.51,Regular,UPI
ORD2036,2024-05-31 03:21:55.703140,Backpack,Accessories,Central,Indore,6,1834.99,5.0,10459.44,6433.18,4026.26,New,Credit Card
ORD2037,2024-05-31 06:52:12.626525,Bluetooth Speaker,Accessories,Central,Bhopal,2,3227.54,5.0,6132.33,3948.27,2184.06,Regular,Credit Card
ORD2038,2024-05-31 10:22:29.549909,Webcam,Electronics,Central,Indore,4,3495.38,5.0,13282.44,8723.37,4559.07,New,Net Banking
ORD2039,2024-05-31 13:52:46.473294,External Hard Drive,Electronics,West,Ahmedabad,6,6064.47,25.0,27290.12,19154.35,8135.77,New,Debit Card
ORD2040,2024-05-31 17:23:03.396679,Smartphone,Electronics,West,Pune,4,23080.64,0.0,92322.56,63957.78,28364.78,Premium,UPI
ORD2041,2024-05-31 20:53:20.320064,Router,Electronics,South,Hyderabad,10,2699.89,15.0,22949.06,17912.91,5036.15,New,Net Banking
ORD2042,2024-06-01 00:23:37.243448,External Hard Drive,Electronics,West,Pune,7,6762.13,10.0,42601.42,28321.2,14280.22,Regular,Cash
ORD2043,2024-06-01 03:53:54.166833,Keyboard,Accessories,East,Bhubaneswar,3,1639.86,15.0,4181.64,2568.65,1612.99,Regular,Debit Card
ORD2044,2024-06-01 07:24:11.090218,Bluetooth Speaker,Accessories,East,Patna,6,2749.41,5.0,15671.64,9620.2,6051.44,New,Debit Card
ORD2045,2024-06-01 10:54:28.013602,Monitor,Electronics,West,Ahmedabad,4,16207.84,15.0,55106.66,33219.85,21886.81,Regular,Net Banking
ORD2046,2024-06-01 14:24:44.936987,Laptop,Electronics,South,Bengaluru,3,58801.96,0.0,176405.88,107520.53,68885.35,Premium,Credit Card
ORD2047,2024-06-01 17:55:01.860372,Headphones,Accessories,South,Hyderabad,3,3235.91,20.0,7766.18,6326.84,1439.34,Regular,Debit Card
ORD2048,2024-06-01 21:25:18.783756,Mouse,Accessories,Central,Indore,2,720.92,20.0,1153.47,893.14,260.33,New,Credit Card
ORD2049,2024-06-02 00:55:35.707141,Tablet,Electronics,North,Lucknow,3,23064.38,10.0,62273.83,52869.41,9404.42,Regular,Debit Card
ORD2050,2024-06-02 04:25:52.630526,Power Bank,Accessories,East,Bhubaneswar,10,1817.62,10.0,16358.58,9898.22,6460.36,Premium,Debit Card
ORD2051,2024-06-02 07:56:09.553910,Power Bank,Accessories,Central,Nagpur,1,1826.34,15.0,1552.39,1260.93,291.46,New,Debit Card
ORD2052,2024-06-02 11:26:26.477295,Bluetooth Speaker,Accessories,West,Mumbai,3,2981.52,10.0,8050.1,6230.89,1819.21,Regular,Cash
ORD2053,2024-06-02 14:56:43.400680,Backpack,Accessories,East,Patna,9,1887.36,25.0,12739.68,9683.25,3056.43,New,Credit Card
ORD2054,2024-06-02 18:27:00.324064,Smartphone,Electronics,South,Hyderabad,4,27499.2,0.0,109996.8,75802.43,34194.37,Regular,Cash
ORD2055,2024-06-02 21:57:17.247449,Laptop,Electronics,South,Hyderabad,3,57315.92,5.0,163350.37,113394.86,49955.51,Regular,Credit Card
ORD2056,2024-06-03 01:27:34.170834,External Hard Drive,Electronics,Central,Indore,8,6731.47,5.0,51159.17,41510.05,9649.12,New,Cash
ORD2057,2024-06-03 04:57:51.094218,Mouse,Accessories,West,Pune,1,824.71,15.0,701.0,545.64,155.36,New,Cash
ORD2058,2024-06-03 08:28:08.017603,Headphones,Accessories,East,Patna,5,3117.13,5.0,14806.37,11365.06,3441.31,Regular,Cash
ORD2059,2024-06-03 11:58:24.940988,Laptop,Electronics,North,Lucknow,1,53263.24,15.0,45273.75,27511.15,17762.6,Regular,Net Banking
ORD2060,2024-06-03 15:28:41.864372,Tablet,Electronics,North,Chandigarh,7,21208.97,10.0,133616.51,86326.94,47289.57,Regular,Cash
ORD2061,2024-06-03 18:58:58.787757,Headphones,Accessories,Central,Nagpur,5,3170.6,10.0,14267.7,11994.23,2273.47,Regular,Debit Card
ORD2062,2024-06-03 22:29:15.711142,Webcam,Electronics,South,Chennai,2,3187.16,25.0,4780.74,3411.5,1369.24,New,UPI
ORD2063,2024-06-04 01:59:32.634526,Printer,Electronics,West,Mumbai,1,12622.19,25.0,9466.64,7529.28,1937.36,Regular,Cash
ORD2064,2024-06-04 05:29:49.557911,Tablet,Electronics,North,Chandigarh,7,23380.9,0.0,163666.3,114129.63,49536.67,New,UPI
ORD2065,2024-06-04 09:00:06.481296,Bluetooth Speaker,Accessories,West,Ahmedabad,1,3012.96,5.0,2862.31,2264.32,597.99,Premium,UPI
ORD2066,2024-06-04 12:30:23.404680,Laptop,Electronics,Central,Indore,3,59511.63,25.0,133901.17,84331.38,49569.79,Regular,Debit Card
ORD2067,2024-06-04 16:00:40.328065,Webcam,Electronics,West,Ahmedabad,6,3481.16,0.0,20886.96,12752.16,8134.8,New,UPI
ORD2068,2024-06-04 19:30:57.251450,Headphones,Accessories,North,Delhi,6,2806.85,20.0,13472.88,9653.91,3818.97,New,UPI
ORD2069,2024-06-04 23:01:14.174834,Smartphone,Electronics,West,Surat,7,24306.99,25.0,127611.7,95442.26,32169.44,New,UPI
ORD2070,2024-06-05 02:31:31.098219,Tablet,Electronics,West,Surat,1,23785.82,0.0,23785.82,16196.37,7589.45,New,Credit Card
ORD2071,2024-06-05 06:01:48.021604,Backpack,Accessories,East,Patna,7,1977.75,15.0,11767.61,9166.98,2600.63,Regular,Cash
ORD2072,2024-06-05 09:32:04.944988,Backpack,Accessories,Central,Nagpur,2,1771.87,15.0,3012.18,2180.68,831.5,Regular,Cash
ORD2073,2024-06-05 13:02:21.868373,Office Chair,Furniture,West,Mumbai,6,8400.32,0.0,50401.92,41938.39,8463.53,Regular,UPI
ORD2074,2024-06-05 16:32:38.791758,USB Drive,Accessories,Central,Bhopal,8,861.54,10.0,6203.09,3853.65,2349.44,Regular,Debit Card
ORD2075,2024-06-05 20:02:55.715143,Monitor,Electronics,West,Pune,5,15159.89,20.0,60639.56,37392.91,23246.65,Regular,Credit Card
ORD2076,2024-06-05 23:33:12.638527,Gaming Mouse,Accessories,North,Chandigarh,10,2231.72,0.0,22317.2,18440.27,3876.93,Regular,Debit Card
ORD2077,2024-06-06 03:03:29.561912,Printer,Electronics,South,Hyderabad,3,12312.14,25.0,27702.32,21255.35,6446.97,New,Debit Card
ORD2078,2024-06-06 06:33:46.485297,Backpack,Accessories,South,Bengaluru,8,1920.73,10.0,13829.26,10617.82,3211.44,New,UPI
ORD2079,2024-06-06 10:04:03.408681,USB Drive,Accessories,Central,Bhopal,8,938.02,0.0,7504.16,4554.19,2949.97,Premium,Net Banking
ORD2080,2024-06-06 13:34:20.332066,External Hard Drive,Electronics,West,Pune,4,6189.09,5.0,23518.54,19624.31,3894.23,Regular,UPI
ORD2081,2024-06-06 17:04:37.255451,Mouse,Accessories,West,Surat,8,783.21,25.0,4699.26,3726.31,972.95,New,Net Banking
ORD2082,2024-06-06 20:34:54.178835,Power Bank,Accessories,South,Bengaluru,5,1922.33,25.0,7208.74,5702.68,1506.06,New,Credit Card
ORD2083,2024-06-07 00:05:11.102220,Mouse,Accessories,North,Jaipur,5,821.34,15.0,3490.7,2890.24,600.46,Regular,Net Banking
ORD2084,2024-06-07 03:35:28.025605,Laptop,Electronics,West,Pune,3,51330.6,5.0,146292.21,108920.15,37372.06,Regular,UPI
ORD2085,2024-06-07 07:05:44.948989,Bluetooth Speaker,Accessories,East,Bhubaneswar,7,2895.32,5.0,19253.88,13452.04,5801.84,Regular,UPI
ORD2086,2024-06-07 10:36:01.872374,USB Drive,Accessories,South,Bengaluru,9,952.4,25.0,6428.7,4629.76,1798.94,New,Debit Card
ORD2087,2024-06-07 14:06:18.795759,Bluetooth Speaker,Accessories,West,Mumbai,9,2803.26,20.0,20183.47,16031.94,4151.53,Premium,UPI
ORD2088,2024-06-07 17:36:35.719143,Monitor,Electronics,North,Jaipur,1,15573.15,10.0,14015.84,11103.1,2912.74,Regular,UPI
ORD2089,2024-06-07 21:06:52.642528,External Hard Drive,Electronics,South,Hyderabad,1,6582.6,15.0,5595.21,4209.82,1385.39,New,Cash
ORD2090,2024-06-08 00:37:09.565913,Smartphone,Electronics,East,Kolkata,10,23237.37,5.0,220755.02,144488.6,76266.42,Regular,Cash
ORD2091,2024-06-08 04:07:26.489297,Laptop,Electronics,North,Jaipur,5,57077.67,15.0,242580.1,195209.31,47370.79,New,Debit Card
ORD2092,2024-06-08 07:37:43.412682,Webcam,Electronics,Central,Indore,1,3249.64,25.0,2437.23,1856.71,580.52,Regular,Net Banking
ORD2093,2024-06-08 11:08:00.336067,Printer,Electronics,South,Hyderabad,4,11756.25,10.0,42322.5,27734.59,14587.91,Regular,Net Banking
ORD2094,2024-06-08 14:38:17.259451,Gaming Mouse,Accessories,North,Delhi,1,2115.77,0.0,2115.77,1523.7,592.07,Regular,Cash
ORD2095,2024-06-08 18:08:34.182836,Office Chair,Furniture,South,Chennai,2,9342.02,5.0,17749.84,15074.97,2674.87,Regular,Credit Card
ORD2096,2024-06-08 21:38:51.106221,Power Bank,Accessories,West,Surat,2,1901.65,10.0,3422.97,2334.79,1088.18,New,Cash
ORD2097,2024-06-09 01:09:08.029605,Smartphone,Electronics,East,Patna,4,23341.58,15.0,79361.37,49929.42,29431.95,Regular,Credit Card
ORD2098,2024-06-09 04:39:24.952990,Tablet,Electronics,West,Surat,8,23372.79,25.0,140236.74,84901.69,55335.05,Regular,Net Banking
ORD2099,2024-06-09 08:09:41.876375,Office Desk,Furniture,North,Delhi,2,10817.31,10.0,19471.16,12581.45,6889.71,Regular,Cash
ORD2100,2024-06-09 11:39:58.799759,Gaming Mouse,Accessories,North,Lucknow,9,2213.23,0.0,19919.07,12882.49,7036.58,New,UPI
ORD2101,2024-06-09 15:10:15.723144,Printer,Electronics,East,Bhubaneswar,9,12040.29,10.0,97526.35,79436.88,18089.47,Regular,Credit Card
ORD2102,2024-06-09 18:40:32.646529,Printer,Electronics,Central,Indore,2,12297.17,25.0,18445.76,11787.55,6658.21,Regular,Credit Card
ORD2103,2024-06-09 22:10:49.569913,Keyboard,Accessories,Central,Indore,1,1421.91,15.0,1208.62,985.83,222.79,Regular,Credit Card
ORD2104,2024-06-10 01:41:06.493298,Smartwatch,Accessories,North,Jaipur,10,5411.83,5.0,51412.38,31962.0,19450.38,Regular,Net Banking
ORD2105,2024-06-10 05:11:23.416683,Smartphone,Electronics,East,Bhubaneswar,10,24773.81,5.0,235351.2,194555.68,40795.52,Regular,Debit Card
ORD2106,2024-06-10 08:41:40.340068,Office Desk,Furniture,Central,Indore,9,10971.37,20.0,78993.86,52458.9,26534.96,Premium,UPI
ORD2107,2024-06-10 12:11:57.263452,Tablet,Electronics,South,Hyderabad,2,23725.65,15.0,40333.61,30366.15,9967.46,New,Cash
ORD2108,2024-06-10 15:42:14.186837,Gaming Mouse,Accessories,Central,Indore,8,2056.41,20.0,13161.02,8422.16,4738.86,Regular,Credit Card
ORD2109,2024-06-10 19:12:31.110222,Office Desk,Furniture,North,Jaipur,3,11820.56,20.0,28369.34,19788.01,8581.33,Regular,Net Banking
ORD2110,2024-06-10 22:42:48.033606,Router,Electronics,Central,Indore,1,2467.0,25.0,1850.25,1149.82,700.43,Regular,Credit Card
ORD2111,2024-06-11 02:13:04.956991,Power Bank,Accessories,West,Pune,1,1819.03,25.0,1364.27,1016.22,348.05,Regular,Cash
ORD2112,2024-06-11 05:43:21.880376,Backpack,Accessories,Central,Bhopal,10,1901.71,25.0,14262.82,9790.99,4471.83,Premium,UPI
ORD2113,2024-06-11 09:13:38.803760,Router,Electronics,West,Surat,2,2486.07,0.0,4972.14,4042.54,929.6,Regular,Credit Card
ORD2114,2024-06-11 12:43:55.727145,External Hard Drive,Electronics,South,Chennai,7,5883.48,15.0,35006.71,22595.23,12411.48,Premium,Net Banking
ORD2115,2024-06-11 16:14:12.650530,Bluetooth Speaker,Accessories,Central,Nagpur,6,3162.67,5.0,18027.22,12078.18,5949.04,New,Net Banking
ORD2116,2024-06-11 19:44:29.573914,Router,Electronics,South,Chennai,2,2291.09,15.0,3894.85,2509.51,1385.34,Regular,Debit Card
ORD2117,2024-06-11 23:14:46.497299,Backpack,Accessories,South,Hyderabad,4,1850.96,25.0,5552.88,4114.44,1438.44,Regular,Net Banking
ORD2118,2024-06-12 02:45:03.420684,Smartwatch,Accessories,West,Mumbai,2,6364.12,0.0,12728.24,7992.53,4735.71,Regular,Debit Card
ORD2119,2024-06-12 06:15:20.344068,Headphones,Accessories,West,Pune,1,2869.61,15.0,2439.17,1578.97,860.2,Regular,UPI
ORD2120,2024-06-12 09:45:37.267453,Smartphone,Electronics,Central,Nagpur,3,24745.53,15.0,63101.1,48564.03,14537.07,Regular,Cash
ORD2121,2024-06-12 13:15:54.190838,Bookshelf,Furniture,South,Hyderabad,4,6320.07,20.0,20224.22,12510.78,7713.44,Regular,Debit Card
ORD2122,2024-06-12 16:46:11.114222,Mouse,Accessories,West,Surat,10,848.62,15.0,7213.27,5668.12,1545.15,Regular,Credit Card
ORD2123,2024-06-12 20:16:28.037607,Smartwatch,Accessories,West,Ahmedabad,5,6243.91,20.0,24975.64,15636.83,9338.81,Regular,Credit Card
ORD2124,2024-06-12 23:46:44.960992,Office Chair,Furniture,North,Lucknow,5,8516.5,20.0,34066.0,25425.92,8640.08,Regular,Cash
ORD2125,2024-06-13 03:17:01.884376,Backpack,Accessories,South,Bengaluru,7,1760.48,10.0,11091.02,9421.29,1669.73,Regular,Net Banking
ORD2126,2024-06-13 06:47:18.807761,Monitor,Electronics,South,Bengaluru,10,15585.95,25.0,116894.62,75218.56,41676.06,New,Credit Card
ORD2127,2024-06-13 10:17:35.731146,Bookshelf,Furniture,South,Chennai,8,6801.43,0.0,54411.44,36198.38,18213.06,Regular,Debit Card
ORD2128,2024-06-13 13:47:52.654530,Smartphone,Electronics,Central,Nagpur,9,23312.07,20.0,167846.9,138407.67,29439.23,Regular,Cash
ORD2129,2024-06-13 17:18:09.577915,Printer,Electronics,West,Pune,7,12044.41,15.0,71664.24,54219.13,17445.11,New,Credit Card
ORD2130,2024-06-13 20:48:26.501300,Office Chair,Furniture,West,Ahmedabad,5,9402.42,20.0,37609.68,27196.79,10412.89,New,Net Banking
ORD2131,2024-06-14 00:18:43.424684,Keyboard,Accessories,Central,Bhopal,9,1446.24,20.0,10412.93,7712.61,2700.32,New,Net Banking
ORD2132,2024-06-14 03:49:00.348069,External Hard Drive,Electronics,South,Chennai,8,6008.3,20.0,38453.12,25912.55,12540.57,Premium,Credit Card
ORD2133,2024-06-14 07:19:17.271454,Power Bank,Accessories,Central,Indore,10,1918.64,5.0,18227.08,14833.75,3393.33,Regular,Cash
ORD2134,2024-06-14 10:49:34.194838,Monitor,Electronics,East,Kolkata,9,14258.41,5.0,121909.41,95859.47,26049.94,New,UPI
ORD2135,2024-06-14 14:19:51.118223,Smartwatch,Accessories,Central,Nagpur,10,6015.38,5.0,57146.11,43466.28,13679.83,Regular,Credit Card
ORD2136,2024-06-14 17:50:08.041608,Keyboard,Accessories,North,Jaipur,8,1557.4,5.0,11836.24,9858.83,1977.41,New,Net Banking
ORD2137,2024-06-14 21:20:24.964992,Smartphone,Electronics,Central,Bhopal,6,24085.38,10.0,130061.05,96834.06,33226.99,New,UPI
ORD2138,2024-06-15 00:50:41.888377,Router,Electronics,South,Hyderabad,4,2574.32,20.0,8237.82,5996.88,2240.94,Premium,Cash
ORD2139,2024-06-15 04:20:58.811762,Printer,Electronics,South,Chennai,9,11903.3,10.0,96416.73,81368.33,15048.4,Premium,Net Banking
ORD2140,2024-06-15 07:51:15.735147,Keyboard,Accessories,West,Ahmedabad,9,1521.13,15.0,11636.64,7581.31,4055.33,Regular,Cash
ORD2141,2024-06-15 11:21:32.658531,Office Desk,Furniture,South,Bengaluru,10,12217.38,25.0,91630.35,58230.36,33399.99,Regular,Credit Card
ORD2142,2024-06-15 14:51:49.581916,Power Bank,Accessories,West,Mumbai,10,1916.69,0.0,19166.9,12277.75,6889.15,Regular,Cash
ORD2143,2024-06-15 18:22:06.505301,Keyboard,Accessories,East,Patna,9,1546.9,10.0,12529.89,10617.33,1912.56,Premium,Net Banking
ORD2144,2024-06-15 21:52:23.428685,Headphones,Accessories,West,Surat,10,2858.58,5.0,27156.51,20722.12,6434.39,Regular,Credit Card
ORD2145,2024-06-16 01:22:40.352070,Smartphone,Electronics,South,Bengaluru,3,22798.02,5.0,64974.36,43953.9,21020.46,New,Net Banking
ORD2146,2024-06-16 04:52:57.275455,Office Desk,Furniture,North,Jaipur,3,10804.77,15.0,27552.16,18246.27,9305.89,Regular,Net Banking
ORD2147,2024-06-16 08:23:14.198839,Bookshelf,Furniture,South,Hyderabad,6,7566.18,20.0,36317.66,22304.84,14012.82,Premium,UPI
ORD2148,2024-06-16 11:53:31.122224,Mouse,Accessories,East,Patna,6,870.74,0.0,5224.44,3307.0,1917.44,Premium,Debit Card
ORD2149,2024-06-16 15:23:48.045609,Power Bank,Accessories,North,Jaipur,6,1653.88,10.0,8930.95,7386.28,1544.67,Regular,Cash
ORD2150,2024-06-16 18:54:04.968993,Bookshelf,Furniture,South,Chennai,5,6981.88,20.0,27927.52,21974.36,5953.16,Regular,Cash
ORD2151,2024-06-16 22:24:21.892378,Router,Electronics,South,Hyderabad,5,2325.8,20.0,9303.2,7771.8,1531.4,New,UPI
ORD2152,2024-06-17 01:54:38.815763,Backpack,Accessories,North,Chandigarh,2,1961.55,25.0,2942.32,2077.08,865.24,Regular,Cash
ORD2153,2024-06-17 05:24:55.739147,Smartphone,Electronics,West,Ahmedabad,7,23734.16,25.0,124604.34,93491.8,31112.54,Regular,UPI
ORD2154,2024-06-17 08:55:12.662532,Office Chair,Furniture,Central,Bhopal,4,9002.96,10.0,32410.66,23365.42,9045.24,New,Cash
ORD2155,2024-06-17 12:25:29.585917,Laptop,Electronics,North,Jaipur,3,51321.82,10.0,138568.91,113674.5,24894.41,Regular,Cash
ORD2156,2024-06-17 15:55:46.509301,Bluetooth Speaker,Accessories,West,Mumbai,8,2899.66,10.0,20877.55,17700.94,3176.61,Premium,Net Banking
ORD2157,2024-06-17 19:26:03.432686,Monitor,Electronics,West,Mumbai,4,14300.42,10.0,51481.51,42894.08,8587.43,New,UPI
ORD2158,2024-06-17 22:56:20.356071,Bluetooth Speaker,Accessories,East,Kolkata,4,2985.26,5.0,11343.99,8502.48,2841.51,Regular,Cash
ORD2159,2024-06-18 02:26:37.279455,Office Chair,Furniture,West,Mumbai,8,8855.61,20.0,56675.9,34881.21,21794.69,Regular,Debit Card
ORD2160,2024-06-18 05:56:54.202840,Headphones,Accessories,East,Kolkata,1,2898.48,20.0,2318.78,1749.25,569.53,Regular,UPI
ORD2161,2024-06-18 09:27:11.126225,Office Chair,Furniture,East,Kolkata,9,8290.58,5.0,70884.46,44250.46,26634.0,Regular,UPI
ORD2162,2024-06-18 12:57:28.049609,Monitor,Electronics,North,Lucknow,7,14953.46,20.0,83739.38,53149.83,30589.55,New,UPI
ORD2163,2024-06-18 16:27:44.972994,Router,Electronics,West,Ahmedabad,2,2675.1,10.0,4815.18,3119.45,1695.73,Regular,Net Banking
ORD2164,2024-06-18 19:58:01.896379,Mouse,Accessories,West,Mumbai,6,836.84,0.0,5021.04,3468.9,1552.14,Regular,UPI
ORD2165,2024-06-18 23:28:18.819763,Headphones,Accessories,North,Chandigarh,8,3132.34,25.0,18794.04,14056.94,4737.1,Regular,Net Banking
ORD2166,2024-06-19 02:58:35.743148,Tablet,Electronics,South,Chennai,5,21410.8,25.0,80290.5,54869.6,25420.9,Regular,Debit Card
ORD2167,2024-06-19 06:28:52.666533,Smartphone,Electronics,Central,Indore,6,26042.1,20.0,125002.08,89134.83,35867.25,New,Credit Card
ORD2168,2024-06-19 09:59:09.589917,Webcam,Electronics,East,Patna,10,3475.87,0.0,34758.7,21266.15,13492.55,Regular,Net Banking
ORD2169,2024-06-19 13:29:26.513302,Printer,Electronics,East,Bhubaneswar,8,11160.66,25.0,66963.96,50553.74,16410.22,New,Cash
ORD2170,2024-06-19 16:59:43.436687,Laptop,Electronics,Central,Nagpur,6,54109.55,0.0,324657.3,248121.92,76535.38,New,UPI
ORD2171,2024-06-19 20:30:00.360072,Monitor,Electronics,West,Ahmedabad,9,13898.22,5.0,118829.78,74250.5,44579.28,New,Credit Card
ORD2172,2024-06-20 00:00:17.283456,Webcam,Electronics,West,Surat,9,3230.14,15.0,24710.57,19676.52,5034.05,Regular,Net Banking
ORD2173,2024-06-20 03:30:34.206841,Gaming Mouse,Accessories,West,Ahmedabad,9,1990.15,20.0,14329.08,10916.82,3412.26,Premium,Cash
ORD2174,2024-06-20 07:00:51.130226,Bluetooth Speaker,Accessories,Central,Bhopal,6,2869.71,5.0,16357.35,11817.08,4540.27,Premium,Credit Card
ORD2175,2024-06-20 10:31:08.053610,Tablet,Electronics,East,Kolkata,9,21255.85,5.0,181737.52,134161.36,47576.16,Premium,Debit Card
ORD2176,2024-06-20 14:01:24.976995,Gaming Mouse,Accessories,East,Patna,3,2287.76,0.0,6863.28,4981.1,1882.18,Regular,Net Banking
ORD2177,2024-06-20 17:31:41.900380,Office Chair,Furniture,South,Chennai,5,9068.41,20.0,36273.64,22252.0,14021.64,New,Net Banking
ORD2178,2024-06-20 21:01:58.823764,Router,Electronics,Central,Bhopal,2,2679.22,5.0,5090.52,3989.89,1100.63,Regular,Debit Card
ORD2179,2024-06-21 00:32:15.747149,Bookshelf,Furniture,West,Mumbai,8,6547.06,10.0,47138.83,34314.84,12823.99,Regular,Net Banking
ORD2180,2024-06-21 04:02:32.670534,Office Chair,Furniture,North,Lucknow,4,8578.72,5.0,32599.14,20967.96,11631.18,New,UPI
ORD2181,2024-06-21 07:32:49.593918,Smartphone,Electronics,Central,Bhopal,6,27205.38,10.0,146909.05,113146.81,33762.24,Regular,Net Banking
ORD2182,2024-06-21 11:03:06.517303,Smartwatch,Accessories,East,Kolkata,6,5932.85,15.0,30257.54,23412.27,6845.27,Regular,UPI
ORD2183,2024-06-21 14:33:23.440688,Smartphone,Electronics,North,Delhi,5,26445.25,10.0,119003.62,77753.86,41249.76,Premium,Net Banking
ORD2184,2024-06-21 18:03:40.364072,Smartwatch,Accessories,East,Patna,1,5990.6,10.0,5391.54,4308.51,1083.03,Regular,Cash
ORD2185,2024-06-21 21:33:57.287457,Smartwatch,Accessories,East,Patna,7,5965.3,0.0,41757.1,29819.84,11937.26,Premium,Cash
ORD2186,2024-06-22 01:04:14.210842,Headphones,Accessories,Central,Nagpur,10,2788.87,5.0,26494.26,17092.84,9401.42,New,Credit Card
ORD2187,2024-06-22 04:34:31.134226,Router,Electronics,South,Chennai,8,2675.6,15.0,18194.08,13907.65,4286.43,New,Cash
ORD2188,2024-06-22 08:04:48.057611,Laptop,Electronics,Central,Bhopal,1,50361.91,5.0,47843.81,35843.71,12000.1,Premium,Debit Card
ORD2189,2024-06-22 11:35:04.980996,Office Chair,Furniture,West,Surat,10,8658.47,10.0,77926.23,50075.52,27850.71,New,Credit Card
ORD2190,2024-06-22 15:05:21.904380,Headphones,Accessories,North,Jaipur,7,3104.08,25.0,16296.42,13331.89,2964.53,Regular,Cash
ORD2191,2024-06-22 18:35:38.827765,Power Bank,Accessories,Central,Nagpur,4,1802.61,10.0,6489.4,5279.99,1209.41,Regular,UPI
ORD2192,2024-06-22 22:05:55.751150,Mouse,Accessories,East,Kolkata,6,861.02,5.0,4907.81,3970.72,937.09,Premium,Net Banking
ORD2193,2024-06-23 01:36:12.674534,Tablet,Electronics,South,Chennai,9,19972.91,15.0,152792.76,106925.44,45867.32,New,Cash
ORD2194,2024-06-23 05:06:29.597919,Tablet,Electronics,East,Kolkata,5,22657.39,25.0,84965.21,68495.19,16470.02,New,UPI
ORD2195,2024-06-23 08:36:46.521304,External Hard Drive,Electronics,Central,Indore,8,6470.71,15.0,44000.83,35693.42,8307.41,Regular,Credit Card
ORD2196,2024-06-23 12:07:03.444688,Printer,Electronics,South,Bengaluru,5,11170.35,0.0,55851.75,47425.68,8426.07,Regular,Net Banking
ORD2197,2024-06-23 15:37:20.368073,Office Desk,Furniture,North,Jaipur,2,12583.8,10.0,22650.84,19013.14,3637.7,Regular,Cash
ORD2198,2024-06-23 19:07:37.291458,Office Desk,Furniture,North,Chandigarh,4,11787.14,10.0,42433.7,29521.63,12912.07,Premium,Credit Card
ORD2199,2024-06-23 22:37:54.214842,Bluetooth Speaker,Accessories,South,Bengaluru,2,3018.95,0.0,6037.9,3921.92,2115.98,Regular,Cash
ORD2200,2024-06-24 02:08:11.138227,Keyboard,Accessories,West,Mumbai,7,1640.18,5.0,10907.2,7341.81,3565.39,Premium,Credit Card
ORD2201,2024-06-24 05:38:28.061612,Smartphone,Electronics,East,Bhubaneswar,7,24931.15,10.0,157066.25,113668.11,43398.14,New,Cash
ORD2202,2024-06-24 09:08:44.984997,Office Desk,Furniture,South,Bengaluru,3,12776.09,5.0,36411.86,29179.17,7232.69,Regular,UPI
ORD2203,2024-06-24 12:39:01.908381,Bluetooth Speaker,Accessories,North,Chandigarh,7,3161.75,15.0,18812.41,14687.71,4124.7,Premium,Debit Card
ORD2204,2024-06-24 16:09:18.831766,Printer,Electronics,South,Bengaluru,1,12390.61,25.0,9292.96,7405.82,1887.14,Regular,UPI
ORD2205,2024-06-24 19:39:35.755151,Office Desk,Furniture,Central,Nagpur,1,12952.35,25.0,9714.26,6751.23,2963.03,New,Net Banking
ORD2206,2024-06-24 23:09:52.678535,Router,Electronics,South,Bengaluru,9,2375.8,25.0,16036.65,10611.87,5424.78,Premium,Cash
ORD2207,2024-06-25 02:40:09.601920,Router,Electronics,Central,Indore,6,2660.39,20.0,12769.87,7738.96,5030.91,Regular,Debit Card
ORD2208,2024-06-25 06:10:26.525305,Power Bank,Accessories,East,Kolkata,5,1756.0,0.0,8780.0,6642.47,2137.53,Regular,Debit Card
ORD2209,2024-06-25 09:40:43.448689,Router,Electronics,North,Delhi,6,2656.25,25.0,11953.12,9547.67,2405.45,New,Net Banking
ORD2210,2024-06-25 13:11:00.372074,Webcam,Electronics,Central,Indore,6,3495.65,10.0,18876.51,15521.87,3354.64,Regular,Net Banking
ORD2211,2024-06-25 16:41:17.295459,Office Desk,Furniture,East,Bhubaneswar,1,12858.5,0.0,12858.5,9246.03,3612.47,Premium,Debit Card
ORD2212,2024-06-25 20:11:34.218843,USB Drive,Accessories,West,Surat,5,971.07,15.0,4127.05,3433.34,693.71,Regular,Net Banking
ORD2213,2024-06-25 23:41:51.142228,Bluetooth Speaker,Accessories,Central,Indore,9,3058.59,15.0,23398.21,15222.95,8175.26,New,Net Banking
ORD2214,2024-06-26 03:12:08.065613,Headphones,Accessories,North,Delhi,4,3004.58,15.0,10215.57,7443.01,2772.56,New,Cash
ORD2215,2024-06-26 06:42:24.988997,Router,Electronics,North,Jaipur,3,2641.64,15.0,6736.18,4401.7,2334.48,New,UPI
ORD2216,2024-06-26 10:12:41.912382,Printer,Electronics,West,Surat,1,11440.77,20.0,9152.62,5921.92,3230.7,Regular,Credit Card
ORD2217,2024-06-26 13:42:58.835767,USB Drive,Accessories,South,Hyderabad,2,812.76,5.0,1544.24,1294.61,249.63,Regular,Debit Card
ORD2218,2024-06-26 17:13:15.759151,Keyboard,Accessories,North,Chandigarh,3,1472.13,5.0,4195.57,3375.06,820.51,New,Credit Card
ORD2219,2024-06-26 20:43:32.682536,Headphones,Accessories,North,Delhi,4,3004.66,25.0,9013.98,5434.98,3579.0,New,Debit Card
ORD2220,2024-06-27 00:13:49.605921,External Hard Drive,Electronics,North,Chandigarh,7,6236.44,20.0,34924.06,23298.83,11625.23,Regular,Debit Card
ORD2221,2024-06-27 03:44:06.529305,Office Desk,Furniture,West,Mumbai,6,11720.07,5.0,66804.4,43508.62,23295.78,Regular,UPI
ORD2222,2024-06-27 07:14:23.452690,Webcam,Electronics,North,Delhi,8,3243.14,15.0,22053.35,14043.21,8010.14,Regular,Debit Card
ORD2223,2024-06-27 10:44:40.376075,Smartwatch,Accessories,East,Patna,9,5732.75,5.0,49015.01,37954.93,11060.08,Regular,Debit Card
ORD2224,2024-06-27 14:14:57.299459,Bookshelf,Furniture,West,Ahmedabad,6,6636.13,0.0,39816.78,29532.48,10284.3,Premium,UPI
ORD2225,2024-06-27 17:45:14.222844,Webcam,Electronics,East,Kolkata,7,3360.69,25.0,17643.62,12588.43,5055.19,New,Net Banking
ORD2226,2024-06-27 21:15:31.146229,Power Bank,Accessories,North,Jaipur,4,1727.66,5.0,6565.11,4250.08,2315.03,Regular,Credit Card
ORD2227,2024-06-28 00:45:48.069613,USB Drive,Accessories,West,Mumbai,2,910.61,0.0,1821.22,1219.13,602.09,Regular,Debit Card
ORD2228,2024-06-28 04:16:04.992998,Mouse,Accessories,North,Jaipur,9,760.1,10.0,6156.81,4242.2,1914.61,New,UPI
ORD2229,2024-06-28 07:46:21.916383,Router,Electronics,West,Surat,9,2720.48,0.0,24484.32,19498.59,4985.73,Regular,Debit Card
ORD2230,2024-06-28 11:16:38.839767,Mouse,Accessories,Central,Bhopal,4,801.8,0.0,3207.2,2717.45,489.75,Regular,UPI
ORD2231,2024-06-28 14:46:55.763152,Backpack,Accessories,East,Bhubaneswar,3,1666.43,15.0,4249.4,2745.09,1504.31,New,Credit Card
ORD2232,2024-06-28 18:17:12.686537,Webcam,Electronics,East,Kolkata,10,3345.72,15.0,28438.62,19491.28,8947.34,New,Cash
ORD2233,2024-06-28 21:47:29.609921,Mouse,Accessories,East,Kolkata,6,836.76,25.0,3765.42,2523.02,1242.4,Regular,Net Banking
ORD2234,2024-06-29 01:17:46.533306,Smartwatch,Accessories,South,Hyderabad,3,5416.39,15.0,13811.79,8439.24,5372.55,Regular,Cash
ORD2235,2024-06-29 04:48:03.456691,Bluetooth Speaker,Accessories,Central,Nagpur,1,3262.69,0.0,3262.69,2136.42,1126.27,Regular,UPI
ORD2236,2024-06-29 08:18:20.380076,USB Drive,Accessories,Central,Nagpur,4,890.13,20.0,2848.42,2351.1,497.32,Regular,Debit Card
ORD2237,2024-06-29 11:48:37.303460,Headphones,Accessories,South,Chennai,1,3012.65,15.0,2560.75,2076.04,484.71,Premium,Net Banking
ORD2238,2024-06-29 15:18:54.226845,External Hard Drive,Electronics,West,Pune,2,7134.94,15.0,12129.4,7785.85,4343.55,New,Credit Card
ORD2239,2024-06-29 18:49:11.150230,External Hard Drive,Electronics,Central,Indore,3,6504.42,0.0,19513.26,13494.21,6019.05,New,Net Banking
ORD2240,2024-06-29 22:19:28.073614,Gaming Mouse,Accessories,Central,Bhopal,8,2397.01,10.0,17258.47,11696.08,5562.39,New,Debit Card
ORD2241,2024-06-30 01:49:44.996999,Mouse,Accessories,East,Patna,10,866.44,10.0,7797.96,4966.8,2831.16,Regular,Cash
ORD2242,2024-06-30 05:20:01.920384,Tablet,Electronics,East,Kolkata,4,23941.79,5.0,90978.8,68739.22,22239.58,Regular,UPI
ORD2243,2024-06-30 08:50:18.843768,External Hard Drive,Electronics,South,Hyderabad,4,6906.08,25.0,20718.24,15317.5,5400.74,Premium,Cash
ORD2244,2024-06-30 12:20:35.767153,Power Bank,Accessories,Central,Bhopal,10,1726.7,10.0,15540.3,10983.07,4557.23,Regular,Net Banking
ORD2245,2024-06-30 15:50:52.690538,Mouse,Accessories,North,Chandigarh,9,775.42,15.0,5931.96,4827.87,1104.09,Regular,Debit Card
ORD2246,2024-06-30 19:21:09.613922,Router,Electronics,West,Surat,7,2432.49,20.0,13621.94,10283.58,3338.36,New,UPI
ORD2247,2024-06-30 22:51:26.537307,Backpack,Accessories,South,Chennai,2,1972.51,5.0,3747.77,2491.59,1256.18,Regular,Debit Card
ORD2248,2024-07-01 02:21:43.460692,Tablet,Electronics,South,Hyderabad,3,21387.32,25.0,48121.47,33368.69,14752.78,New,Debit Card
ORD2249,2024-07-01 05:52:00.384076,Office Desk,Furniture,East,Kolkata,4,11060.85,20.0,35394.72,22565.52,12829.2,Premium,Net Banking
ORD2250,2024-07-01 09:22:17.307461,Bookshelf,Furniture,Central,Nagpur,4,7389.66,20.0,23646.91,17684.18,5962.73,Regular,Cash
ORD2251,2024-07-01 12:52:34.230846,Smartphone,Electronics,North,Lucknow,10,24330.32,15.0,206807.72,154414.49,52393.23,New,Debit Card
ORD2252,2024-07-01 16:22:51.154230,Tablet,Electronics,West,Surat,8,22532.12,0.0,180256.96,147368.34,32888.62,Regular,Debit Card
ORD2253,2024-07-01 19:53:08.077615,Printer,Electronics,North,Delhi,10,13018.46,0.0,130184.6,105964.3,24220.3,New,Debit Card
ORD2254,2024-07-01 23:23:25.001000,Office Chair,Furniture,North,Lucknow,10,9135.91,0.0,91359.1,73931.03,17428.07,Regular,UPI
ORD2255,2024-07-02 02:53:41.924384,Headphones,Accessories,East,Bhubaneswar,6,3082.62,10.0,16646.15,12272.18,4373.97,New,Debit Card
ORD2256,2024-07-02 06:23:58.847769,Office Desk,Furniture,East,Bhubaneswar,3,12342.87,0.0,37028.61,28253.01,8775.6,Regular,Debit Card
ORD2257,2024-07-02 09:54:15.771154,Mouse,Accessories,South,Chennai,9,817.98,25.0,5521.36,4383.33,1138.03,Regular,Net Banking
ORD2258,2024-07-02 13:24:32.694538,Webcam,Electronics,South,Bengaluru,10,3261.84,15.0,27725.64,17270.89,10454.75,Regular,Debit Card
ORD2259,2024-07-02 16:54:49.617923,Router,Electronics,North,Jaipur,8,2478.21,10.0,17843.11,12046.77,5796.34,Regular,Debit Card
ORD2260,2024-07-02 20:25:06.541308,Monitor,Electronics,South,Bengaluru,9,13522.99,25.0,91280.18,58626.75,32653.43,New,Net Banking
ORD2261,2024-07-02 23:55:23.464692,Bookshelf,Furniture,Central,Bhopal,5,7176.77,0.0,35883.85,26118.67,9765.18,Regular,UPI
ORD2262,2024-07-03 03:25:40.388077,External Hard Drive,Electronics,Central,Bhopal,3,6597.97,25.0,14845.43,12016.14,2829.29,Regular,Cash
ORD2263,2024-07-03 06:55:57.311462,Laptop,Electronics,South,Chennai,4,52999.51,20.0,169598.43,111541.15,58057.28,Regular,Net Banking
ORD2264,2024-07-03 10:26:14.234846,USB Drive,Accessories,West,Ahmedabad,5,904.3,15.0,3843.28,3008.23,835.05,Premium,UPI
ORD2265,2024-07-03 13:56:31.158231,Bookshelf,Furniture,Central,Indore,9,6990.28,15.0,53475.64,37510.81,15964.83,New,Cash
ORD2266,2024-07-03 17:26:48.081616,Power Bank,Accessories,North,Chandigarh,9,1710.33,25.0,11544.73,9533.28,2011.45,Regular,Debit Card
ORD2267,2024-07-03 20:57:05.005001,Office Desk,Furniture,Central,Nagpur,3,11503.89,5.0,32786.09,24809.15,7976.94,Regular,Net Banking
ORD2268,2024-07-04 00:27:21.928385,Smartphone,Electronics,Central,Bhopal,7,26312.7,15.0,156560.56,132158.76,24401.8,Regular,Debit Card
ORD2269,2024-07-04 03:57:38.851770,Tablet,Electronics,North,Jaipur,6,23125.22,20.0,111001.06,73418.04,37583.02,Regular,Net Banking
ORD2270,2024-07-04 07:27:55.775155,Power Bank,Accessories,North,Chandigarh,4,1789.12,15.0,6083.01,5054.92,1028.09,New,Cash
ORD2271,2024-07-04 10:58:12.698539,Smartphone,Electronics,Central,Indore,5,26087.54,5.0,123915.82,85410.71,38505.11,Regular,UPI
ORD2272,2024-07-04 14:28:29.621924,Bookshelf,Furniture,East,Kolkata,10,6931.12,15.0,58914.52,44509.44,14405.08,New,Net Banking
ORD2273,2024-07-04 17:58:46.545309,Bookshelf,Furniture,North,Chandigarh,2,7491.92,15.0,12736.26,8197.4,4538.86,Regular,UPI
ORD2274,2024-07-04 21:29:03.468693,External Hard Drive,Electronics,South,Hyderabad,7,6282.65,5.0,41779.62,33003.66,8775.96,Regular,Debit Card
ORD2275,2024-07-05 00:59:20.392078,Tablet,Electronics,East,Patna,4,23880.09,15.0,81192.31,68571.99,12620.32,New,Debit Card
ORD2276,2024-07-05 04:29:37.315463,Mouse,Accessories,West,Ahmedabad,2,806.77,25.0,1210.16,964.32,245.84,Regular,Cash
ORD2277,2024-07-05 07:59:54.238847,Backpack,Accessories,West,Surat,6,1812.85,10.0,9789.39,7380.7,2408.69,New,Cash
ORD2278,2024-07-05 11:30:11.162232,Gaming Mouse,Accessories,Central,Indore,2,2275.16,25.0,3412.74,2430.05,982.69,Regular,Credit Card
ORD2279,2024-07-05 15:00:28.085617,Router,Electronics,South,Bengaluru,10,2420.43,15.0,20573.66,14119.89,6453.77,Regular,Credit Card
ORD2280,2024-07-05 18:30:45.009001,Office Desk,Furniture,East,Bhubaneswar,2,12538.39,0.0,25076.78,17672.94,7403.84,Regular,Cash
ORD2281,2024-07-05 22:01:01.932386,USB Drive,Accessories,East,Bhubaneswar,7,867.68,0.0,6073.76,4142.74,1931.02,Premium,Debit Card
ORD2282,2024-07-06 01:31:18.855771,Office Desk,Furniture,East,Kolkata,1,11754.09,10.0,10578.68,8549.45,2029.23,Regular,UPI
ORD2283,2024-07-06 05:01:35.779155,Webcam,Electronics,North,Chandigarh,7,3622.29,15.0,21552.63,17743.8,3808.83,New,Cash
ORD2284,2024-07-06 08:31:52.702540,Power Bank,Accessories,Central,Bhopal,10,1756.24,20.0,14049.92,11765.61,2284.31,Premium,UPI
ORD2285,2024-07-06 12:02:09.625925,Mouse,Accessories,Central,Indore,5,752.0,15.0,3196.0,2251.87,944.13,New,Credit Card
ORD2286,2024-07-06 15:32:26.549309,Gaming Mouse,Accessories,East,Kolkata,1,2363.64,0.0,2363.64,1740.95,622.69,Regular,UPI
ORD2287,2024-07-06 19:02:43.472694,Printer,Electronics,West,Surat,6,13013.17,5.0,74175.07,55202.86,18972.21,Premium,Cash
ORD2288,2024-07-06 22:33:00.396079,Laptop,Electronics,South,Chennai,7,56394.04,10.0,355282.45,270999.52,84282.93,Regular,Debit Card
ORD2289,2024-07-07 02:03:17.319463,Router,Electronics,East,Kolkata,1,2655.58,5.0,2522.8,1515.23,1007.57,New,Cash
ORD2290,2024-07-07 05:33:34.242848,Tablet,Electronics,West,Pune,9,24141.27,20.0,173817.14,140908.76,32908.38,New,Net Banking
ORD2291,2024-07-07 09:03:51.166233,Bookshelf,Furniture,East,Patna,7,7160.68,15.0,42606.05,28419.73,14186.32,New,Net Banking
ORD2292,2024-07-07 12:34:08.089617,Backpack,Accessories,Central,Nagpur,1,1947.17,20.0,1557.74,1118.52,439.22,Regular,Net Banking
ORD2293,2024-07-07 16:04:25.013002,External Hard Drive,Electronics,West,Unknown,3,6317.03,5.0,18003.54,14589.93,3413.61,New,Debit Card
ORD2294,2024-07-07 19:34:41.936387,Monitor,Electronics,South,Hyderabad,5,15601.42,15.0,66306.04,56308.02,9998.02,Regular,Cash
ORD2295,2024-07-07 23:04:58.859771,External Hard Drive,Electronics,West,Surat,4,5922.55,25.0,17767.65,14191.39,3576.26,Regular,Net Banking
ORD2296,2024-07-08 02:35:15.783156,Printer,Electronics,North,Jaipur,2,12693.53,25.0,19040.3,11542.39,7497.91,Premium,Cash
ORD2297,2024-07-08 06:05:32.706541,USB Drive,Accessories,South,Bengaluru,1,959.36,20.0,767.49,531.25,236.24,Regular,Credit Card
ORD2298,2024-07-08 09:35:49.629925,Laptop,Electronics,South,Chennai,4,53912.93,25.0,161738.79,107039.16,54699.63,Premium,Net Banking
ORD2299,2024-07-08 13:06:06.553310,Backpack,Accessories,East,Kolkata,7,1850.02,25.0,9712.6,8168.62,1543.98,New,Net Banking
ORD2300,2024-07-08 16:36:23.476695,Webcam,Electronics,West,Mumbai,4,3750.85,0.0,15003.4,9993.12,5010.28,Regular,Debit Card
ORD2301,2024-07-08 20:06:40.400080,Smartwatch,Accessories,East,Kolkata,9,6460.33,25.0,43607.23,36448.56,7158.67,Regular,Cash
ORD2302,2024-07-08 23:36:57.323464,Webcam,Electronics,West,Mumbai,8,3224.57,0.0,25796.56,21524.12,4272.44,New,Debit Card
ORD2303,2024-07-09 03:07:14.246849,Router,Electronics,West,Surat,8,2663.74,10.0,19178.93,15532.11,3646.82,Regular,Debit Card
ORD2304,2024-07-09 06:37:31.170234,Monitor,Electronics,South,Chennai,5,14322.73,0.0,71613.65,44724.01,26889.64,Regular,Cash
ORD2305,2024-07-09 10:07:48.093618,Office Desk,Furniture,Central,Nagpur,1,12545.54,0.0,12545.54,7533.58,5011.96,New,Credit Card
ORD2306,2024-07-09 13:38:05.017003,Printer,Electronics,South,Bengaluru,9,11580.39,5.0,99012.33,79058.45,19953.88,New,Cash
ORD2307,2024-07-09 17:08:21.940388,Printer,Electronics,South,Hyderabad,2,10935.19,0.0,21870.38,17733.05,4137.33,New,Credit Card
ORD2308,2024-07-09 20:38:38.863772,Office Chair,Furniture,East,Patna,6,8477.77,0.0,50866.62,42755.7,8110.92,Regular,Debit Card
ORD2309,2024-07-10 00:08:55.787157,Keyboard,Accessories,South,Bengaluru,10,1472.6,5.0,13989.7,9157.6,4832.1,Premium,Credit Card
ORD2310,2024-07-10 03:39:12.710542,Mouse,Accessories,North,Jaipur,5,838.6,0.0,4193.0,3284.32,908.68,New,Credit Card
ORD2311,2024-07-10 07:09:29.633926,Backpack,Accessories,West,Pune,10,1656.25,25.0,12421.88,9065.07,3356.81,Regular,Credit Card
ORD2312,2024-07-10 10:39:46.557311,Office Chair,Furniture,East,Kolkata,8,9563.28,0.0,76506.24,52186.48,24319.76,Premium,Net Banking
ORD2313,2024-07-10 14:10:03.480696,Bookshelf,Furniture,East,Patna,3,7695.73,10.0,20778.47,15616.53,5161.94,Regular,Net Banking
ORD2314,2024-07-10 17:40:20.404080,Smartphone,Electronics,Central,Bhopal,6,26441.29,0.0,158647.74,116931.29,41716.45,Regular,Debit Card
ORD2315,2024-07-10 21:10:37.327465,Mouse,Accessories,West,Ahmedabad,6,795.8,0.0,4774.8,3213.79,1561.01,New,Cash
ORD2316,2024-07-11 00:40:54.250850,Gaming Mouse,Accessories,Central,Nagpur,10,2229.99,10.0,20069.91,13388.95,6680.96,Regular,Credit Card
ORD2317,2024-07-11 04:11:11.174234,Monitor,Electronics,North,Jaipur,3,13518.48,5.0,38527.67,27803.3,10724.37,Regular,Net Banking
ORD2318,2024-07-11 07:41:28.097619,Headphones,Accessories,West,Mumbai,7,2825.56,25.0,14834.19,10658.5,4175.69,Regular,Cash
ORD2319,2024-07-11 11:11:45.021004,Gaming Mouse,Accessories,Central,Bhopal,4,2375.55,0.0,9502.2,6418.86,3083.34,New,Credit Card
ORD2320,2024-07-11 14:42:01.944388,Bluetooth Speaker,Accessories,West,Pune,5,2713.04,25.0,10173.9,6775.13,3398.77,New,Cash
ORD2321,2024-07-11 18:12:18.867773,Bookshelf,Furniture,West,Surat,9,7566.71,20.0,54480.31,45685.93,8794.38,Regular,UPI
ORD2322,2024-07-11 21:42:35.791158,Backpack,Accessories,South,Chennai,6,1660.77,25.0,7473.46,6095.3,1378.16,Regular,Credit Card
ORD2323,2024-07-12 01:12:52.714542,Power Bank,Accessories,North,Delhi,10,1667.91,5.0,15845.14,12742.58,3102.56,Premium,Cash
ORD2324,2024-07-12 04:43:09.637927,Office Chair,Furniture,East,Patna,4,8415.63,5.0,31979.39,20900.8,11078.59,Regular,Credit Card
ORD2325,2024-07-12 08:13:26.561312,Smartphone,Electronics,South,Hyderabad,8,26496.93,0.0,211975.44,137216.53,74758.91,New,Credit Card
ORD2326,2024-07-12 11:43:43.484696,Smartwatch,Accessories,Central,Indore,9,5973.82,10.0,48387.94,38823.2,9564.74,Premium,UPI
ORD2327,2024-07-12 15:14:00.408081,Router,Electronics,South,Bengaluru,10,2322.6,5.0,22064.7,14257.52,7807.18,New,Cash
ORD2328,2024-07-12 18:44:17.331466,Tablet,Electronics,Central,Indore,5,22821.93,10.0,102698.68,74547.33,28151.35,Regular,Debit Card
ORD2329,2024-07-12 22:14:34.254850,Keyboard,Accessories,Central,Indore,2,1632.21,20.0,2611.54,1711.49,900.05,Regular,Net Banking
ORD2330,2024-07-13 01:44:51.178235,Printer,Electronics,South,Bengaluru,6,12173.88,10.0,65738.95,45656.85,20082.1,New,Credit Card
ORD2331,2024-07-13 05:15:08.101620,Printer,Electronics,South,Hyderabad,8,11036.88,15.0,75050.78,61043.57,14007.21,New,Credit Card
ORD2332,2024-07-13 08:45:25.025005,Webcam,Electronics,Central,Bhopal,5,3188.33,10.0,14347.48,11805.89,2541.59,Regular,Credit Card
ORD2333,2024-07-13 12:15:41.948389,Router,Electronics,Central,Bhopal,1,2647.94,5.0,2515.54,2136.12,379.42,Regular,Credit Card
ORD2334,2024-07-13 15:45:58.871774,Smartwatch,Accessories,East,Patna,8,6151.3,10.0,44289.36,37024.85,7264.51,Regular,Net Banking
ORD2335,2024-07-13 19:16:15.795159,Tablet,Electronics,South,Bengaluru,9,23859.69,10.0,193263.49,148390.16,44873.33,Regular,Debit Card
ORD2336,2024-07-13 22:46:32.718543,Gaming Mouse,Accessories,East,Kolkata,1,2220.79,15.0,1887.67,1336.34,551.33,Regular,UPI
ORD2337,2024-07-14 02:16:49.641928,Router,Electronics,West,Pune,8,2281.2,15.0,15512.16,9531.03,5981.13,Regular,Debit Card
ORD2338,2024-07-14 05:47:06.565313,Power Bank,Accessories,South,Bengaluru,10,1765.33,0.0,17653.3,13276.01,4377.29,Regular,Net Banking
ORD2339,2024-07-14 09:17:23.488697,Tablet,Electronics,West,Surat,2,22695.16,5.0,43120.8,28143.66,14977.14,Regular,Cash
ORD2340,2024-07-14 12:47:40.412082,External Hard Drive,Electronics,North,Lucknow,4,6350.35,0.0,25401.4,20639.5,4761.9,New,UPI
ORD2341,2024-07-14 16:17:57.335467,External Hard Drive,Electronics,North,Delhi,2,7149.47,15.0,12154.1,8960.3,3193.8,New,UPI
ORD2342,2024-07-14 19:48:14.258851,Router,Electronics,South,Bengaluru,2,2452.69,10.0,4414.84,3458.48,956.36,Regular,Cash
ORD2343,2024-07-14 23:18:31.182236,Tablet,Electronics,South,Chennai,10,22203.44,15.0,188729.24,145014.6,43714.64,Regular,Credit Card
ORD2344,2024-07-15 02:48:48.105621,Tablet,Electronics,South,Hyderabad,3,20791.72,20.0,49900.13,34273.05,15627.08,Premium,Net Banking
ORD2345,2024-07-15 06:19:05.029005,Keyboard,Accessories,East,Bhubaneswar,8,1395.64,10.0,10048.61,7936.11,2112.5,New,Cash
ORD2346,2024-07-15 09:49:21.952390,Bookshelf,Furniture,South,Bengaluru,4,7203.43,0.0,28813.72,23363.43,5450.29,New,Debit Card
ORD2347,2024-07-15 13:19:38.875775,Webcam,Electronics,North,Lucknow,7,3562.03,10.0,22440.79,17639.19,4801.6,New,Debit Card
ORD2348,2024-07-15 16:49:55.799159,Smartwatch,Accessories,South,Hyderabad,10,5405.21,20.0,43241.68,34342.62,8899.06,New,Cash
ORD2349,2024-07-15 20:20:12.722544,Monitor,Electronics,Central,Bhopal,3,14354.34,15.0,36603.57,25256.61,11346.96,Regular,Net Banking
ORD2350,2024-07-15 23:50:29.645929,Backpack,Accessories,East,Bhubaneswar,10,1851.69,5.0,17591.06,14704.75,2886.31,Premium,UPI
ORD2351,2024-07-16 03:20:46.569313,Printer,Electronics,East,Kolkata,3,12749.4,25.0,28686.15,20256.52,8429.63,Regular,UPI
ORD2352,2024-07-16 06:51:03.492698,Smartphone,Electronics,West,Ahmedabad,2,24061.84,5.0,45717.5,37683.22,8034.28,Regular,Credit Card
ORD2353,2024-07-16 10:21:20.416083,Office Chair,Furniture,Central,Indore,6,9265.39,5.0,52812.72,43013.44,9799.28,Regular,Net Banking
ORD2354,2024-07-16 13:51:37.339467,Smartwatch,Accessories,South,Hyderabad,6,5718.31,15.0,29163.38,18404.51,10758.87,New,Debit Card
ORD2355,2024-07-16 17:21:54.262852,Tablet,Electronics,West,Ahmedabad,1,22837.67,5.0,21695.79,18258.47,3437.32,Regular,Debit Card
ORD2356,2024-07-16 20:52:11.186237,Smartwatch,Accessories,West,Mumbai,7,6237.54,20.0,34930.22,29658.74,5271.48,Regular,Credit Card
ORD2357,2024-07-17 00:22:28.109621,Tablet,Electronics,West,Surat,4,20372.98,15.0,69268.13,52057.54,17210.59,New,Debit Card
ORD2358,2024-07-17 03:52:45.033006,Smartphone,Electronics,North,Jaipur,3,25825.45,5.0,73602.53,58571.24,15031.29,Regular,Credit Card
ORD2359,2024-07-17 07:23:01.956391,Office Desk,Furniture,West,Pune,8,11600.56,25.0,69603.36,58008.95,11594.41,Regular,Credit Card
ORD2360,2024-07-17 10:53:18.879775,Power Bank,Accessories,North,Delhi,2,1682.13,0.0,3364.26,2035.4,1328.86,New,Cash
ORD2361,2024-07-17 14:23:35.803160,Smartwatch,Accessories,West,Surat,9,6000.43,15.0,45903.29,38214.37,7688.92,New,UPI
ORD2362,2024-07-17 17:53:52.726545,Webcam,Electronics,West,Pune,8,3466.61,15.0,23572.95,17840.99,5731.96,Regular,Net Banking
ORD2363,2024-07-17 21:24:09.649929,Headphones,Accessories,South,Hyderabad,8,3164.32,10.0,22783.1,18388.56,4394.54,New,Net Banking
ORD2364,2024-07-18 00:54:26.573314,Printer,Electronics,Central,Nagpur,3,11002.84,5.0,31358.09,23053.86,8304.23,New,UPI
ORD2365,2024-07-18 04:24:43.496699,Office Chair,Furniture,North,Jaipur,4,9521.56,0.0,38086.24,27903.37,10182.87,Regular,Net Banking
ORD2366,2024-07-18 07:55:00.420084,Smartphone,Electronics,Central,Indore,2,23030.41,25.0,34545.62,28478.7,6066.92,Regular,Debit Card
ORD2367,2024-07-18 11:25:17.343468,Webcam,Electronics,East,Patna,2,3295.22,20.0,5272.35,3832.3,1440.05,Regular,Debit Card
ORD2368,2024-07-18 14:55:34.266853,Keyboard,Accessories,South,Bengaluru,4,1504.76,15.0,5116.18,3673.15,1443.03,Premium,Net Banking
ORD2369,2024-07-18 18:25:51.190238,Headphones,Accessories,North,Jaipur,6,2977.9,20.0,14293.92,10749.7,3544.22,Regular,Cash
ORD2370,2024-07-18 21:56:08.113622,Printer,Electronics,Central,Nagpur,5,13173.26,20.0,52693.04,38447.08,14245.96,Regular,Net Banking
ORD2371,2024-07-19 01:26:25.037007,USB Drive,Accessories,North,Chandigarh,1,916.11,20.0,732.89,521.5,211.39,Regular,Credit Card
ORD2372,2024-07-19 04:56:41.960392,External Hard Drive,Electronics,North,Lucknow,10,6275.67,10.0,56481.03,36437.66,20043.37,Regular,Credit Card
ORD2373,2024-07-19 08:26:58.883776,Keyboard,Accessories,South,Chennai,1,1620.04,20.0,1296.03,906.38,389.65,New,UPI
ORD2374,2024-07-19 11:57:15.807161,Printer,Electronics,West,Surat,6,11549.32,5.0,65831.12,44140.52,21690.6,Regular,Debit Card
ORD2375,2024-07-19 15:27:32.730546,USB Drive,Accessories,East,Patna,3,859.28,5.0,2448.95,1714.55,734.4,Regular,Cash
ORD2376,2024-07-19 18:57:49.653930,Bookshelf,Furniture,North,Unknown,3,6992.12,0.0,20976.36,15696.39,5279.97,Regular,Net Banking
ORD2377,2024-07-19 22:28:06.577315,Printer,Electronics,South,Bengaluru,7,12991.62,0.0,90941.34,68407.25,22534.09,Premium,Credit Card
ORD2378,2024-07-20 01:58:23.500700,Bookshelf,Furniture,South,Hyderabad,1,7291.92,25.0,5468.94,3607.67,1861.27,Regular,Debit Card
ORD2379,2024-07-20 05:28:40.424084,Router,Electronics,South,Hyderabad,1,2588.74,20.0,2070.99,1286.33,784.66,Premium,Debit Card
ORD2380,2024-07-20 08:58:57.347469,External Hard Drive,Electronics,East,Patna,10,6793.9,20.0,54351.2,42725.99,11625.21,New,Cash
ORD2381,2024-07-20 12:29:14.270854,Headphones,Accessories,West,Surat,3,3095.78,10.0,8358.61,6119.7,2238.91,Regular,Cash
ORD2382,2024-07-20 15:59:31.194238,Bookshelf,Furniture,South,Hyderabad,8,7363.71,20.0,47127.74,33485.45,13642.29,Premium,Cash
ORD2383,2024-07-20 19:29:48.117623,Bluetooth Speaker,Accessories,South,Bengaluru,1,2815.66,20.0,2252.53,1424.5,828.03,New,Cash
ORD2384,2024-07-20 23:00:05.041008,Tablet,Electronics,South,Hyderabad,10,20579.94,20.0,164639.52,115851.22,48788.3,New,Credit Card
ORD2385,2024-07-21 02:30:21.964392,Headphones,Accessories,Central,Indore,4,2917.3,15.0,9918.82,7980.13,1938.69,Regular,Cash
ORD2386,2024-07-21 06:00:38.887777,Smartphone,Electronics,Central,Indore,9,26754.8,15.0,204674.22,152555.75,52118.47,Regular,Debit Card
ORD2387,2024-07-21 09:30:55.811162,Headphones,Accessories,Central,Bhopal,4,3128.67,10.0,11263.21,7014.1,4249.11,New,Debit Card
ORD2388,2024-07-21 13:01:12.734546,Bookshelf,Furniture,South,Bengaluru,10,7093.06,10.0,63837.54,43605.43,20232.11,Regular,Net Banking
ORD2389,2024-07-21 16:31:29.657931,Bookshelf,Furniture,North,Delhi,8,6327.23,5.0,48086.95,40631.09,7455.86,New,Debit Card
ORD2390,2024-07-21 20:01:46.581316,Laptop,Electronics,South,Bengaluru,7,52093.83,10.0,328191.13,241590.31,86600.82,Regular,Debit Card
ORD2391,2024-07-21 23:32:03.504700,Keyboard,Accessories,South,Bengaluru,3,1591.05,25.0,3579.86,2404.23,1175.63,Premium,Credit Card
ORD2392,2024-07-22 03:02:20.428085,Bluetooth Speaker,Accessories,East,Patna,7,2845.49,5.0,18922.51,15674.67,3247.84,New,Debit Card
ORD2393,2024-07-22 06:32:37.351470,USB Drive,Accessories,West,Pune,7,941.45,20.0,5272.12,3606.13,1665.99,New,UPI
ORD2394,2024-07-22 10:02:54.274854,Headphones,Accessories,Central,Nagpur,10,2810.78,10.0,25297.02,19794.33,5502.69,Regular,Debit Card
ORD2395,2024-07-22 13:33:11.198239,Laptop,Electronics,Central,Indore,3,56170.04,25.0,126382.59,80481.08,45901.51,Regular,Net Banking
ORD2396,2024-07-22 17:03:28.121624,USB Drive,Accessories,South,Hyderabad,2,923.08,10.0,1661.54,1061.93,599.61,New,Net Banking
ORD2397,2024-07-22 20:33:45.045009,Smartwatch,Accessories,West,Mumbai,9,6302.36,10.0,51049.12,37793.12,13256.0,Regular,Cash
ORD2398,2024-07-23 00:04:01.968393,Bookshelf,Furniture,South,Hyderabad,1,6913.68,5.0,6568.0,4334.59,2233.41,Premium,Credit Card
ORD2399,2024-07-23 03:34:18.891778,Office Chair,Furniture,North,Lucknow,7,9238.81,5.0,61438.09,37620.57,23817.52,Regular,Net Banking
ORD2400,2024-07-23 07:04:35.815163,Bookshelf,Furniture,West,Pune,4,6981.76,0.0,27927.04,23224.58,4702.46,Regular,UPI
ORD2401,2024-07-23 10:34:52.738547,Power Bank,Accessories,North,Delhi,2,1961.04,5.0,3725.98,2287.74,1438.24,Regular,UPI
ORD2402,2024-07-23 14:05:09.661932,Monitor,Electronics,East,Bhubaneswar,2,15065.64,5.0,28624.72,22308.95,6315.77,Regular,Cash
ORD2403,2024-07-23 17:35:26.585317,Keyboard,Accessories,South,Hyderabad,8,1412.88,15.0,9607.58,6564.34,3043.24,New,Credit Card
ORD2404,2024-07-23 21:05:43.508701,Mouse,Accessories,West,Surat,7,826.86,10.0,5209.22,4341.24,867.98,Regular,Credit Card
ORD2405,2024-07-24 00:36:00.432086,Printer,Electronics,West,Surat,7,12116.32,5.0,80573.53,68206.55,12366.98,Premium,Debit Card
ORD2406,2024-07-24 04:06:17.355471,Office Chair,Furniture,South,Chennai,5,9546.89,10.0,42961.0,29379.21,13581.79,New,UPI
ORD2407,2024-07-24 07:36:34.278855,Bookshelf,Furniture,Central,Indore,10,6547.68,10.0,58929.12,44065.82,14863.3,Regular,UPI
ORD2408,2024-07-24 11:06:51.202240,Bluetooth Speaker,Accessories,South,Hyderabad,8,2856.56,15.0,19424.61,15408.5,4016.11,New,UPI
ORD2409,2024-07-24 14:37:08.125625,Power Bank,Accessories,East,Patna,2,1951.79,10.0,3513.22,2216.32,1296.9,Regular,UPI
ORD2410,2024-07-24 18:07:25.049009,Power Bank,Accessories,West,Pune,2,1954.81,25.0,2932.22,2279.41,652.81,Regular,Net Banking
ORD2411,2024-07-24 21:37:41.972394,Office Chair,Furniture,West,Mumbai,5,8896.06,5.0,42256.28,34926.9,7329.38,Regular,Credit Card
ORD2412,2024-07-25 01:07:58.895779,Mouse,Accessories,Central,Bhopal,1,727.64,10.0,654.88,422.15,232.73,Regular,Debit Card
ORD2413,2024-07-25 04:38:15.819163,External Hard Drive,Electronics,South,Hyderabad,6,6248.52,0.0,37491.12,30355.72,7135.4,New,Net Banking
ORD2414,2024-07-25 08:08:32.742548,Monitor,Electronics,West,Pune,4,14241.37,0.0,56965.48,35825.64,21139.84,Regular,Credit Card
ORD2415,2024-07-25 11:38:49.665933,Smartphone,Electronics,West,Pune,6,24573.38,15.0,125324.24,93000.04,32324.2,Regular,Cash
ORD2416,2024-07-25 15:09:06.589317,Backpack,Accessories,Central,Indore,7,1734.41,25.0,9105.65,6235.92,2869.73,New,UPI
ORD2417,2024-07-25 18:39:23.512702,Bookshelf,Furniture,North,Chandigarh,3,7460.59,5.0,21262.68,15265.09,5997.59,Premium,Debit Card
ORD2418,2024-07-25 22:09:40.436087,Office Desk,Furniture,West,Ahmedabad,8,10807.29,15.0,73489.57,49617.07,23872.5,New,Credit Card
ORD2419,2024-07-26 01:39:57.359471,Mouse,Accessories,West,Ahmedabad,7,823.14,0.0,5761.98,3832.49,1929.49,Regular,Cash
ORD2420,2024-07-26 05:10:14.282856,Smartphone,Electronics,South,Hyderabad,1,25821.35,25.0,19366.01,15217.52,4148.49,Regular,UPI
ORD2421,2024-07-26 08:40:31.206241,Bookshelf,Furniture,East,Kolkata,6,7224.88,5.0,41181.82,27006.14,14175.68,Regular,Cash
ORD2422,2024-07-26 12:10:48.129625,Backpack,Accessories,South,Bengaluru,7,1807.41,10.0,11386.68,7994.63,3392.05,New,Cash
ORD2423,2024-07-26 15:41:05.053010,Router,Electronics,West,Mumbai,4,2555.55,5.0,9711.09,6493.22,3217.87,Regular,Net Banking
ORD2424,2024-07-26 19:11:21.976395,Smartwatch,Accessories,Central,Indore,2,6372.59,20.0,10196.14,6725.97,3470.17,New,Cash
ORD2425,2024-07-26 22:41:38.899779,Router,Electronics,West,Mumbai,10,2642.1,5.0,25099.95,18994.99,6104.96,Regular,Net Banking
ORD2426,2024-07-27 02:11:55.823164,Headphones,Accessories,West,Mumbai,9,2720.78,10.0,22038.32,13473.28,8565.04,Regular,Net Banking
ORD2427,2024-07-27 05:42:12.746549,Smartphone,Electronics,East,Bhubaneswar,7,22652.18,20.0,126852.21,101129.71,25722.5,Regular,Cash
ORD2428,2024-07-27 09:12:29.669933,Bookshelf,Furniture,North,Lucknow,1,7474.52,25.0,5605.89,4129.07,1476.82,Premium,Credit Card
ORD2429,2024-07-27 12:42:46.593318,Tablet,Electronics,South,Chennai,8,22328.81,15.0,151835.91,122548.18,29287.73,Premium,Cash
ORD2430,2024-07-27 16:13:03.516703,USB Drive,Accessories,East,Bhubaneswar,3,982.34,25.0,2210.26,1443.86,766.4,Regular,Cash
ORD2431,2024-07-27 19:43:20.440088,Keyboard,Accessories,South,Chennai,4,1479.48,5.0,5622.02,4370.29,1251.73,Regular,Credit Card
ORD2432,2024-07-27 23:13:37.363472,Bluetooth Speaker,Accessories,North,Delhi,5,2806.05,15.0,11925.71,8409.37,3516.34,New,UPI
ORD2433,2024-07-28 02:43:54.286857,Mouse,Accessories,East,Kolkata,1,795.72,5.0,755.93,468.07,287.86,Regular,Debit Card
ORD2434,2024-07-28 06:14:11.210242,Power Bank,Accessories,South,Chennai,6,1777.16,0.0,10662.96,8403.68,2259.28,Regular,UPI
ORD2435,2024-07-28 09:44:28.133626,Smartwatch,Accessories,South,Bengaluru,10,6020.61,0.0,60206.1,47595.74,12610.36,New,Cash
ORD2436,2024-07-28 13:14:45.057011,Smartphone,Electronics,East,Kolkata,6,26539.74,10.0,143314.6,95695.35,47619.25,Regular,UPI
ORD2437,2024-07-28 16:45:01.980396,Webcam,Electronics,North,Lucknow,2,3608.91,25.0,5413.36,4487.74,925.62,Premium,Debit Card
ORD2438,2024-07-28 20:15:18.903780,Printer,Electronics,Central,Bhopal,10,11244.66,0.0,112446.6,88944.41,23502.19,New,UPI
ORD2439,2024-07-28 23:45:35.827165,Monitor,Electronics,Central,Nagpur,6,15703.43,20.0,75376.46,51006.45,24370.01,Regular,Debit Card
ORD2440,2024-07-29 03:15:52.750550,Gaming Mouse,Accessories,West,Surat,8,2240.43,20.0,14338.75,9460.38,4878.37,Regular,UPI
ORD2441,2024-07-29 06:46:09.673934,Monitor,Electronics,North,Lucknow,6,15234.93,5.0,86839.1,61657.71,25181.39,Regular,Net Banking
ORD2442,2024-07-29 10:16:26.597319,External Hard Drive,Electronics,West,Ahmedabad,4,6731.73,15.0,22887.88,15408.06,7479.82,New,Cash
ORD2443,2024-07-29 13:46:43.520704,Monitor,Electronics,Central,Nagpur,4,15191.9,20.0,48614.08,31806.04,16808.04,New,Debit Card
ORD2444,2024-07-29 17:17:00.444088,Router,Electronics,West,Pune,9,2478.76,5.0,21193.4,14830.62,6362.78,New,Cash
ORD2445,2024-07-29 20:47:17.367473,Office Desk,Furniture,North,Jaipur,6,12336.91,15.0,62918.24,38155.26,24762.98,Premium,Net Banking
ORD2446,2024-07-30 00:17:34.290858,Router,Electronics,West,Mumbai,8,2611.86,0.0,20894.88,14633.79,6261.09,Regular,UPI
ORD2447,2024-07-30 03:47:51.214242,Power Bank,Accessories,Central,Indore,8,1701.28,5.0,12929.73,8474.35,4455.38,Regular,Cash
ORD2448,2024-07-30 07:18:08.137627,Laptop,Electronics,West,Surat,7,54967.55,0.0,384772.85,217847.23,166925.62,Regular,UPI
ORD2449,2024-07-30 10:48:25.061012,External Hard Drive,Electronics,West,Ahmedabad,3,6445.62,10.0,17403.17,10801.07,6602.1,New,UPI
ORD2450,2024-07-30 14:18:41.984396,External Hard Drive,Electronics,East,Kolkata,10,5901.87,25.0,44264.02,33075.53,11188.49,Premium,Cash
ORD2451,2024-07-30 17:48:58.907781,Backpack,Accessories,East,Bhubaneswar,1,1920.4,25.0,1440.3,1034.14,406.16,Regular,Debit Card
ORD2452,2024-07-30 21:19:15.831166,Webcam,Electronics,North,Delhi,5,3414.17,10.0,15363.76,12101.37,3262.39,Regular,Debit Card
ORD2453,2024-07-31 00:49:32.754550,Office Desk,Furniture,West,Surat,10,10974.45,20.0,87795.6,74343.09,13452.51,Regular,Cash
ORD2454,2024-07-31 04:19:49.677935,Monitor,Electronics,North,Delhi,10,14873.7,25.0,111552.75,70265.24,41287.51,Regular,Debit Card
ORD2455,2024-07-31 07:50:06.601320,Tablet,Electronics,East,Kolkata,2,20510.52,15.0,34867.88,23295.45,11572.43,Regular,Credit Card
ORD2456,2024-07-31 11:20:23.524704,Gaming Mouse,Accessories,South,Chennai,10,2289.94,10.0,20609.46,15881.93,4727.53,New,UPI
ORD2457,2024-07-31 14:50:40.448089,Office Desk,Furniture,East,Kolkata,2,12172.25,20.0,19475.6,12840.81,6634.79,Regular,Cash
ORD2458,2024-07-31 18:20:57.371474,Mouse,Accessories,North,Chandigarh,7,763.22,5.0,5075.41,3083.5,1991.91,Premium,Net Banking
ORD2459,2024-07-31 21:51:14.294858,Office Chair,Furniture,West,Pune,3,9810.85,5.0,27960.92,17544.13,10416.79,New,Cash
ORD2460,2024-08-01 01:21:31.218243,Laptop,Electronics,West,Pune,8,52709.2,15.0,358422.56,253908.95,104513.61,Regular,Cash
ORD2461,2024-08-01 04:51:48.141628,Keyboard,Accessories,North,Chandigarh,9,1516.5,15.0,11601.22,8210.14,3391.08,New,UPI
ORD2462,2024-08-01 08:22:05.065013,Webcam,Electronics,North,Jaipur,8,3711.1,15.0,25235.48,21275.43,3960.05,New,Net Banking
ORD2463,2024-08-01 11:52:21.988397,Webcam,Electronics,North,Jaipur,6,3509.72,25.0,15793.74,11316.02,4477.72,Regular,UPI
ORD2464,2024-08-01 15:22:38.911782,Bluetooth Speaker,Accessories,Central,Indore,5,3276.51,15.0,13925.17,10715.65,3209.52,New,Debit Card
ORD2465,2024-08-01 18:52:55.835167,Office Chair,Furniture,East,Patna,3,9618.94,10.0,25971.14,18778.44,7192.7,Premium,Cash
ORD2466,2024-08-01 22:23:12.758551,Smartphone,Electronics,East,Bhubaneswar,3,27105.1,10.0,73183.77,48848.68,24335.09,Regular,UPI
ORD2467,2024-08-02 01:53:29.681936,Backpack,Accessories,North,Jaipur,7,1754.17,20.0,9823.35,6152.98,3670.37,New,Credit Card
ORD2468,2024-08-02 05:23:46.605321,Smartphone,Electronics,West,Ahmedabad,5,25241.78,10.0,113588.01,92547.93,21040.08,Regular,Cash
ORD2469,2024-08-02 08:54:03.528705,Monitor,Electronics,Central,Nagpur,6,16020.5,25.0,72092.25,46006.8,26085.45,Regular,Debit Card
ORD2470,2024-08-02 12:24:20.452090,Router,Electronics,Central,Bhopal,6,2701.75,5.0,15399.97,9613.02,5786.95,New,UPI
ORD2471,2024-08-02 15:54:37.375475,Tablet,Electronics,West,Surat,9,23955.2,20.0,172477.44,112706.62,59770.82,Regular,UPI
ORD2472,2024-08-02 19:24:54.298859,Bookshelf,Furniture,North,Jaipur,1,7530.81,10.0,6777.73,4070.85,2706.88,Regular,Credit Card
ORD2473,2024-08-02 22:55:11.222244,Smartwatch,Accessories,North,Chandigarh,8,6276.91,15.0,42682.99,26377.72,16305.27,New,Debit Card
ORD2474,2024-08-03 02:25:28.145629,Mouse,Accessories,North,Chandigarh,10,723.87,10.0,6514.83,4943.45,1571.38,Premium,Credit Card
ORD2475,2024-08-03 05:55:45.069013,Webcam,Electronics,South,Chennai,5,3370.47,0.0,16852.35,11137.5,5714.85,New,Cash
ORD2476,2024-08-03 09:26:01.992398,Office Chair,Furniture,North,Jaipur,6,8332.09,20.0,39994.03,27381.03,12613.0,New,Net Banking
ORD2477,2024-08-03 12:56:18.915783,Gaming Mouse,Accessories,South,Hyderabad,6,2048.09,25.0,9216.41,7454.46,1761.95,Regular,UPI
ORD2478,2024-08-03 16:26:35.839167,Smartphone,Electronics,South,Bengaluru,1,23954.54,10.0,21559.09,17101.21,4457.88,New,Credit Card
ORD2479,2024-08-03 19:56:52.762552,Webcam,Electronics,Central,Nagpur,3,3202.32,10.0,8646.26,6251.78,2394.48,Regular,UPI
ORD2480,2024-08-03 23:27:09.685937,Backpack,Accessories,West,Mumbai,6,1707.49,25.0,7683.7,5787.7,1896.0,Regular,UPI
ORD2481,2024-08-04 02:57:26.609321,Gaming Mouse,Accessories,Central,Indore,9,2401.07,5.0,20529.15,12757.9,7771.25,New,Credit Card
ORD2482,2024-08-04 06:27:43.532706,Office Chair,Furniture,West,Surat,6,8661.5,15.0,44173.65,34914.79,9258.86,Premium,UPI
ORD2483,2024-08-04 09:58:00.456091,Tablet,Electronics,North,Lucknow,6,20502.74,15.0,104563.97,76232.14,28331.83,Regular,Debit Card
ORD2484,2024-08-04 13:28:17.379475,Router,Electronics,West,Mumbai,1,2609.15,5.0,2478.69,1841.02,637.67,Regular,Debit Card
ORD2485,2024-08-04 16:58:34.302860,Office Desk,Furniture,South,Hyderabad,9,12788.41,5.0,109340.91,83796.88,25544.03,Regular,Net Banking
ORD2486,2024-08-04 20:28:51.226245,Webcam,Electronics,West,Mumbai,4,3369.83,0.0,13479.32,9773.1,3706.22,New,Debit Card
ORD2487,2024-08-04 23:59:08.149629,USB Drive,Accessories,South,Chennai,2,860.13,25.0,1290.2,942.39,347.81,Regular,Credit Card
ORD2488,2024-08-05 03:29:25.073014,Printer,Electronics,Central,Bhopal,1,11380.22,20.0,9104.18,6599.7,2504.48,Regular,Debit Card
ORD2489,2024-08-05 06:59:41.996399,Gaming Mouse,Accessories,South,Hyderabad,3,2153.03,15.0,5490.23,3976.05,1514.18,New,Net Banking
ORD2490,2024-08-05 10:29:58.919783,Keyboard,Accessories,South,Hyderabad,3,1376.17,5.0,3922.08,3088.84,833.24,Regular,Cash
ORD2491,2024-08-05 14:00:15.843168,Bluetooth Speaker,Accessories,Central,Bhopal,5,3101.48,5.0,14732.03,10412.63,4319.4,Regular,Cash
ORD2492,2024-08-05 17:30:32.766553,Printer,Electronics,North,Chandigarh,1,12773.34,25.0,9580.01,5754.94,3825.07,Regular,Credit Card
ORD2493,2024-08-05 21:00:49.689937,Tablet,Electronics,West,Surat,7,22720.2,20.0,127233.12,95808.55,31424.57,Regular,Net Banking
ORD2494,2024-08-06 00:31:06.613322,Laptop,Electronics,West,Mumbai,1,54133.2,5.0,51426.54,43103.96,8322.58,New,Debit Card
ORD2495,2024-08-06 04:01:23.536707,Keyboard,Accessories,Central,Indore,4,1436.69,0.0,5746.76,3817.23,1929.53,New,Net Banking
ORD2496,2024-08-06 07:31:40.460092,Webcam,Electronics,Central,Bhopal,6,3436.61,20.0,16495.73,13263.36,3232.37,New,UPI
ORD2497,2024-08-06 11:01:57.383476,Smartphone,Electronics,Central,Nagpur,1,24619.19,0.0,24619.19,17574.96,7044.23,Regular,Net Banking
ORD2498,2024-08-06 14:32:14.306861,Tablet,Electronics,North,Jaipur,7,22730.49,10.0,143202.09,108940.35,34261.74,New,Debit Card
ORD2499,2024-08-06 18:02:31.230246,Router,Electronics,Central,Indore,10,2714.03,15.0,23069.26,18979.51,4089.75,Premium,Credit Card
ORD2500,2024-08-06 21:32:48.153630,Office Desk,Furniture,West,Pune,7,10969.41,5.0,72946.58,57828.65,15117.93,Regular,UPI
ORD2501,2024-08-07 01:03:05.077015,External Hard Drive,Electronics,West,Mumbai,3,7089.36,20.0,17014.46,13971.31,3043.15,New,Net Banking
ORD2502,2024-08-07 04:33:22.000400,Webcam,Electronics,North,Jaipur,4,3787.14,0.0,15148.56,9125.19,6023.37,Regular,Cash
ORD2503,2024-08-07 08:03:38.923784,Office Desk,Furniture,West,Ahmedabad,6,11082.56,15.0,56521.06,36559.45,19961.61,Regular,Debit Card
ORD2504,2024-08-07 11:33:55.847169,USB Drive,Accessories,Central,Bhopal,7,843.05,15.0,5016.15,3540.77,1475.38,New,Credit Card
ORD2505,2024-08-07 15:04:12.770554,Headphones,Accessories,Central,Nagpur,4,2886.96,5.0,10970.45,8907.57,2062.88,New,Debit Card
ORD2506,2024-08-07 18:34:29.693938,Backpack,Accessories,East,Patna,10,1821.48,15.0,15482.58,12534.67,2947.91,New,Net Banking
ORD2507,2024-08-07 22:04:46.617323,Router,Electronics,North,Jaipur,9,2317.24,5.0,19812.4,12804.46,7007.94,New,Credit Card
ORD2508,2024-08-08 01:35:03.540708,Headphones,Accessories,South,Chennai,9,2820.2,10.0,22843.62,14518.51,8325.11,Regular,Cash
ORD2509,2024-08-08 05:05:20.464092,Webcam,Electronics,Central,Nagpur,9,3781.87,5.0,32334.99,26148.52,6186.47,Regular,UPI
ORD2510,2024-08-08 08:35:37.387477,Backpack,Accessories,West,Mumbai,10,1659.35,25.0,12445.12,9151.63,3293.49,Premium,Net Banking
ORD2511,2024-08-08 12:05:54.310862,External Hard Drive,Electronics,East,Kolkata,6,6368.54,0.0,38211.24,28914.16,9297.08,Regular,Credit Card
ORD2512,2024-08-08 15:36:11.234246,Gaming Mouse,Accessories,North,Lucknow,2,2315.72,25.0,3473.58,2786.86,686.72,New,UPI
ORD2513,2024-08-08 19:06:28.157631,Mouse,Accessories,East,Bhubaneswar,2,862.17,15.0,1465.69,957.0,508.69,Regular,Credit Card
ORD2514,2024-08-08 22:36:45.081016,Tablet,Electronics,East,Patna,4,21278.59,15.0,72347.21,45876.9,26470.31,New,Net Banking
ORD2515,2024-08-09 02:07:02.004400,Office Desk,Furniture,Central,Bhopal,9,11194.65,15.0,85639.07,69775.38,15863.69,New,Credit Card
ORD2516,2024-08-09 05:37:18.927785,Tablet,Electronics,West,Mumbai,3,23042.85,5.0,65672.12,41238.38,24433.74,Regular,Cash
ORD2517,2024-08-09 09:07:35.851170,Gaming Mouse,Accessories,South,Hyderabad,6,2319.93,20.0,11135.66,6926.88,4208.78,Regular,Credit Card
ORD2518,2024-08-09 12:37:52.774554,Backpack,Accessories,East,Patna,2,1972.81,5.0,3748.34,2508.65,1239.69,Regular,Net Banking
ORD2519,2024-08-09 16:08:09.697939,Webcam,Electronics,North,Lucknow,1,3247.68,0.0,3247.68,2205.86,1041.82,Regular,Credit Card
ORD2520,2024-08-09 19:38:26.621324,Backpack,Accessories,Central,Nagpur,5,1875.39,5.0,8908.1,5881.87,3026.23,Premium,UPI
ORD2521,2024-08-09 23:08:43.544708,Mouse,Accessories,South,Chennai,8,786.77,15.0,5350.04,4201.95,1148.09,Regular,UPI
ORD2522,2024-08-10 02:39:00.468093,Router,Electronics,East,Patna,10,2707.31,10.0,24365.79,20548.61,3817.18,Regular,Debit Card
ORD2523,2024-08-10 06:09:17.391478,Office Desk,Furniture,South,Hyderabad,10,11778.79,0.0,117787.9,76550.1,41237.8,Regular,Debit Card
ORD2524,2024-08-10 09:39:34.314862,Gaming Mouse,Accessories,West,Ahmedabad,2,2176.22,25.0,3264.33,2596.65,667.68,Regular,Cash
ORD2525,2024-08-10 13:09:51.238247,Monitor,Electronics,West,Mumbai,10,13880.39,10.0,124923.51,76335.83,48587.68,New,UPI
ORD2526,2024-08-10 16:40:08.161632,Smartwatch,Accessories,West,Ahmedabad,9,5785.12,0.0,52066.08,32787.35,19278.73,Premium,Debit Card
ORD2527,2024-08-10 20:10:25.085017,Keyboard,Accessories,South,Hyderabad,8,1470.25,0.0,11762.0,8571.9,3190.1,Regular,Credit Card
ORD2528,2024-08-10 23:40:42.008401,USB Drive,Accessories,South,Chennai,3,813.15,15.0,2073.53,1762.3,311.23,Regular,Cash
ORD2529,2024-08-11 03:10:58.931786,Smartphone,Electronics,North,Chandigarh,1,24687.87,25.0,18515.9,15504.13,3011.77,Premium,Net Banking
ORD2530,2024-08-11 06:41:15.855171,Headphones,Accessories,West,Ahmedabad,4,2901.79,5.0,11026.8,6924.67,4102.13,Premium,Debit Card
ORD2531,2024-08-11 10:11:32.778555,Office Chair,Furniture,North,Jaipur,8,9546.91,25.0,57281.46,37801.28,19480.18,New,Debit Card
ORD2532,2024-08-11 13:41:49.701940,Bookshelf,Furniture,West,Ahmedabad,3,6449.96,15.0,16447.4,13757.39,2690.01,New,UPI
ORD2533,2024-08-11 17:12:06.625325,Router,Electronics,Central,Bhopal,10,2630.11,15.0,22355.94,14255.96,8099.98,Regular,Cash
ORD2534,2024-08-11 20:42:23.548709,Headphones,Accessories,Central,Nagpur,2,3128.41,15.0,5318.3,4178.57,1139.73,Premium,UPI
ORD2535,2024-08-12 00:12:40.472094,External Hard Drive,Electronics,East,Kolkata,7,6164.32,10.0,38835.22,23311.89,15523.33,Regular,UPI
ORD2536,2024-08-12 03:42:57.395479,External Hard Drive,Electronics,East,Patna,4,5958.25,25.0,17874.75,13547.77,4326.98,Regular,Cash
ORD2537,2024-08-12 07:13:14.318863,Backpack,Accessories,North,Jaipur,6,1923.06,25.0,8653.77,6262.3,2391.47,Regular,Credit Card
ORD2538,2024-08-12 10:43:31.242248,Webcam,Electronics,West,Mumbai,5,3324.6,0.0,16623.0,11931.26,4691.74,New,Debit Card
ORD2539,2024-08-12 14:13:48.165633,Keyboard,Accessories,Central,Bhopal,2,1393.67,20.0,2229.87,1800.17,429.7,Premium,UPI
ORD2540,2024-08-12 17:44:05.089017,Office Chair,Furniture,South,Chennai,10,8746.27,5.0,83089.56,51530.78,31558.78,Regular,Debit Card
ORD2541,2024-08-12 21:14:22.012402,Bookshelf,Furniture,East,Kolkata,2,6861.24,15.0,11664.11,8098.78,3565.33,Premium,Cash
ORD2542,2024-08-13 00:44:38.935787,Laptop,Electronics,Central,Bhopal,9,53086.97,25.0,358337.05,254960.26,103376.79,Regular,Credit Card
ORD2543,2024-08-13 04:14:55.859171,Keyboard,Accessories,Central,Indore,10,1642.94,25.0,12322.05,7774.99,4547.06,Premium,Net Banking
ORD2544,2024-08-13 07:45:12.782556,Smartwatch,Accessories,South,Bengaluru,2,6456.98,0.0,12913.96,8024.95,4889.01,Regular,Credit Card
ORD2545,2024-08-13 11:15:29.705941,Headphones,Accessories,West,Pune,8,3223.79,5.0,24500.8,15800.65,8700.15,Regular,Cash
ORD2546,2024-08-13 14:45:46.629325,Office Chair,Furniture,North,Chandigarh,8,8817.78,20.0,56433.79,37261.08,19172.71,Premium,Credit Card
ORD2547,2024-08-13 18:16:03.552710,Bluetooth Speaker,Accessories,North,Delhi,1,3277.72,20.0,2622.18,2206.6,415.58,Regular,Net Banking
ORD2548,2024-08-13 21:46:20.476095,Smartwatch,Accessories,Central,Bhopal,1,6220.82,15.0,5287.7,3801.35,1486.35,Regular,UPI
ORD2549,2024-08-14 01:16:37.399479,Router,Electronics,Central,Indore,4,2666.0,20.0,8531.2,6207.06,2324.14,New,Credit Card
ORD2550,2024-08-14 04:46:54.322864,Office Desk,Furniture,West,Mumbai,2,12002.1,0.0,24004.2,14916.2,9088.0,Regular,Cash
ORD2551,2024-08-14 08:17:11.246249,Backpack,Accessories,North,Delhi,1,1677.82,5.0,1593.93,1229.03,364.9,Premium,Credit Card
ORD2552,2024-08-14 11:47:28.169633,Webcam,Electronics,Central,Nagpur,9,3770.82,5.0,32240.51,23396.76,8843.75,New,Net Banking
ORD2553,2024-08-14 15:17:45.093018,USB Drive,Accessories,East,Patna,3,897.56,15.0,2288.78,1567.72,721.06,Regular,Cash
ORD2554,2024-08-14 18:48:02.016403,Gaming Mouse,Accessories,South,Hyderabad,1,2406.16,25.0,1804.62,1232.13,572.49,Regular,Credit Card
ORD2555,2024-08-14 22:18:18.939787,Laptop,Electronics,East,Kolkata,2,52303.47,0.0,104606.94,64273.4,40333.54,New,Cash
ORD2556,2024-08-15 01:48:35.863172,Power Bank,Accessories,North,Chandigarh,8,1977.26,15.0,13445.37,11091.19,2354.18,New,Net Banking
ORD2557,2024-08-15 05:18:52.786557,Headphones,Accessories,West,Pune,5,2833.45,10.0,12750.52,10102.86,2647.66,Regular,UPI
ORD2558,2024-08-15 08:49:09.709941,External Hard Drive,Electronics,West,Ahmedabad,7,6328.62,20.0,35440.27,26787.03,8653.24,New,Net Banking
ORD2559,2024-08-15 12:19:26.633326,Laptop,Electronics,North,Lucknow,6,56034.18,0.0,336205.08,235014.22,101190.86,Premium,UPI
ORD2560,2024-08-15 15:49:43.556711,Smartphone,Electronics,North,Lucknow,1,25966.62,25.0,19474.96,14520.85,4954.11,Regular,Debit Card
ORD2561,2024-08-15 19:20:00.480096,Laptop,Electronics,North,Lucknow,6,57423.1,25.0,258403.95,186379.65,72024.3,Regular,Net Banking
ORD2562,2024-08-15 22:50:17.403480,Laptop,Electronics,North,Jaipur,7,54738.78,5.0,364012.89,243336.7,120676.19,New,UPI
ORD2563,2024-08-16 02:20:34.326865,Smartwatch,Accessories,West,Mumbai,4,5492.19,10.0,19771.88,13338.96,6432.92,Regular,Debit Card
ORD2564,2024-08-16 05:50:51.250250,Bookshelf,Furniture,Central,Bhopal,8,6994.47,25.0,41966.82,34354.88,7611.94,Regular,Debit Card
ORD2565,2024-08-16 09:21:08.173634,Laptop,Electronics,North,Delhi,8,53181.57,10.0,382907.3,290522.11,92385.19,New,Debit Card
ORD2566,2024-08-16 12:51:25.097019,Bookshelf,Furniture,North,Lucknow,7,7220.72,20.0,40436.03,24276.0,16160.03,Regular,Cash
ORD2567,2024-08-16 16:21:42.020404,Gaming Mouse,Accessories,West,Surat,2,2060.2,5.0,3914.38,2668.5,1245.88,Premium,Net Banking
ORD2568,2024-08-16 19:51:58.943788,Mouse,Accessories,Central,Indore,6,783.03,0.0,4698.18,3218.19,1479.99,New,Net Banking
ORD2569,2024-08-16 23:22:15.867173,Smartphone,Electronics,South,Chennai,6,27330.6,5.0,155784.42,120979.67,34804.75,Regular,Net Banking
ORD2570,2024-08-17 02:52:32.790558,Keyboard,Accessories,South,Hyderabad,7,1376.66,20.0,7709.3,5975.58,1733.72,Premium,Net Banking
ORD2571,2024-08-17 06:22:49.713942,Mouse,Accessories,West,Surat,6,816.37,25.0,3673.66,2630.48,1043.18,New,Cash
ORD2572,2024-08-17 09:53:06.637327,Backpack,Accessories,South,Bengaluru,2,1652.63,10.0,2974.73,2492.06,482.67,Premium,Net Banking
ORD2573,2024-08-17 13:23:23.560712,External Hard Drive,Electronics,North,Chandigarh,8,6054.09,20.0,38746.18,31696.6,7049.58,Regular,UPI
ORD2574,2024-08-17 16:53:40.484096,Webcam,Electronics,West,Pune,4,3573.45,25.0,10720.35,8753.73,1966.62,New,Debit Card
ORD2575,2024-08-17 20:23:57.407481,Smartphone,Electronics,West,Ahmedabad,9,24719.98,15.0,189107.85,129929.65,59178.2,New,Cash
ORD2576,2024-08-17 23:54:14.330866,Power Bank,Accessories,West,Pune,8,1817.46,10.0,13085.71,9261.41,3824.3,New,Cash
ORD2577,2024-08-18 03:24:31.254250,Office Desk,Furniture,West,Ahmedabad,3,12911.69,20.0,30988.06,21838.54,9149.52,New,Net Banking
ORD2578,2024-08-18 06:54:48.177635,Router,Electronics,West,Ahmedabad,3,2658.62,0.0,7975.86,5663.39,2312.47,New,Debit Card
ORD2579,2024-08-18 10:25:05.101020,Headphones,Accessories,South,Chennai,8,3232.79,0.0,25862.32,21266.66,4595.66,Regular,UPI
ORD2580,2024-08-18 13:55:22.024404,Office Chair,Furniture,South,Hyderabad,2,9209.26,25.0,13813.89,9148.67,4665.22,New,Debit Card
ORD2581,2024-08-18 17:25:38.947789,Tablet,Electronics,North,Chandigarh,9,21954.43,25.0,148192.4,118635.24,29557.16,Regular,Credit Card
ORD2582,2024-08-18 20:55:55.871174,Keyboard,Accessories,North,Jaipur,4,1487.76,0.0,5951.04,4335.39,1615.65,Regular,Debit Card
ORD2583,2024-08-19 00:26:12.794558,Smartwatch,Accessories,West,Mumbai,6,6287.77,15.0,32067.63,21237.46,10830.17,Premium,UPI
ORD2584,2024-08-19 03:56:29.717943,Keyboard,Accessories,Central,Indore,3,1506.39,5.0,4293.21,3141.87,1151.34,Regular,UPI
ORD2585,2024-08-19 07:26:46.641328,Smartwatch,Accessories,Central,Bhopal,3,5526.92,0.0,16580.76,10758.6,5822.16,Premium,UPI
ORD2586,2024-08-19 10:57:03.564712,Mouse,Accessories,West,Pune,3,742.71,25.0,1671.1,1047.85,623.25,New,Cash
ORD2587,2024-08-19 14:27:20.488097,Smartwatch,Accessories,North,Jaipur,10,5828.5,25.0,43713.75,35388.22,8325.53,New,Cash
ORD2588,2024-08-19 17:57:37.411482,External Hard Drive,Electronics,North,Jaipur,2,5938.17,15.0,10094.89,7821.83,2273.06,New,Credit Card
ORD2589,2024-08-19 21:27:54.334866,Office Desk,Furniture,Central,Nagpur,8,11374.15,0.0,90993.2,59258.84,31734.36,Regular,Debit Card
ORD2590,2024-08-20 00:58:11.258251,Headphones,Accessories,West,Surat,9,3093.84,15.0,23667.88,19776.26,3891.62,Premium,Net Banking
ORD2591,2024-08-20 04:28:28.181636,Headphones,Accessories,West,Ahmedabad,8,2707.46,0.0,21659.68,13127.92,8531.76,Regular,Credit Card
ORD2592,2024-08-20 07:58:45.105021,External Hard Drive,Electronics,West,Surat,10,6635.32,5.0,63035.54,43073.45,19962.09,Regular,Net Banking
ORD2593,2024-08-20 11:29:02.028405,Gaming Mouse,Accessories,West,Surat,3,2319.84,20.0,5567.62,3370.71,2196.91,Regular,Net Banking
ORD2594,2024-08-20 14:59:18.951790,Webcam,Electronics,Central,Nagpur,7,3269.11,0.0,22883.77,14544.34,8339.43,New,Credit Card
ORD2595,2024-08-20 18:29:35.875175,Mouse,Accessories,North,Jaipur,10,748.95,20.0,5991.6,3864.7,2126.9,Regular,Debit Card
ORD2596,2024-08-20 21:59:52.798559,Office Chair,Furniture,West,Ahmedabad,2,8151.94,0.0,16303.88,13085.23,3218.65,Regular,Net Banking
ORD2597,2024-08-21 01:30:09.721944,Gaming Mouse,Accessories,Central,Nagpur,4,2205.48,5.0,8380.82,7109.11,1271.71,New,Cash
ORD2598,2024-08-21 05:00:26.645329,USB Drive,Accessories,South,Bengaluru,6,927.83,25.0,4175.24,3410.46,764.78,New,Cash
ORD2599,2024-08-21 08:30:43.568713,Monitor,Electronics,West,Mumbai,5,14870.73,20.0,59482.92,45134.64,14348.28,Regular,Credit Card
ORD2600,2024-08-21 12:01:00.492098,Keyboard,Accessories,South,Chennai,9,1466.83,15.0,11221.25,8760.78,2460.47,Regular,Net Banking
ORD2601,2024-08-21 15:31:17.415483,Tablet,Electronics,Central,Nagpur,10,21799.42,0.0,217994.2,159289.51,58704.69,Regular,Credit Card
ORD2602,2024-08-21 19:01:34.338867,Smartwatch,Accessories,North,Lucknow,4,6337.83,25.0,19013.49,13416.6,5596.89,Regular,Cash
ORD2603,2024-08-21 22:31:51.262252,Power Bank,Accessories,West,Pune,5,1632.07,0.0,8160.35,6308.3,1852.05,Premium,Credit Card
ORD2604,2024-08-22 02:02:08.185637,Backpack,Accessories,North,Chandigarh,4,1902.17,15.0,6467.38,5453.81,1013.57,Regular,Net Banking
ORD2605,2024-08-22 05:32:25.109021,Office Chair,Furniture,West,Mumbai,8,9299.42,5.0,70675.59,42915.88,27759.71,New,Net Banking
ORD2606,2024-08-22 09:02:42.032406,External Hard Drive,Electronics,North,Delhi,8,6163.85,10.0,44379.72,30112.58,14267.14,Regular,Cash
ORD2607,2024-08-22 12:32:58.955791,Office Desk,Furniture,South,Bengaluru,3,12059.38,0.0,36178.14,24692.12,11486.02,Regular,UPI
ORD2608,2024-08-22 16:03:15.879175,Office Desk,Furniture,East,Patna,1,10918.3,15.0,9280.55,6529.45,2751.1,New,UPI
ORD2609,2024-08-22 19:33:32.802560,Bookshelf,Furniture,Central,Bhopal,6,6831.42,10.0,36889.67,27915.26,8974.41,Regular,Debit Card
ORD2610,2024-08-22 23:03:49.725945,Bookshelf,Furniture,South,Bengaluru,2,6543.66,0.0,13087.32,9533.31,3554.01,Regular,Cash
ORD2611,2024-08-23 02:34:06.649329,Bluetooth Speaker,Accessories,North,Chandigarh,2,2713.38,20.0,4341.41,2625.17,1716.24,Regular,Debit Card
ORD2612,2024-08-23 06:04:23.572714,Bluetooth Speaker,Accessories,West,Mumbai,3,2914.25,25.0,6557.06,4608.97,1948.09,Regular,Cash
ORD2613,2024-08-23 09:34:40.496099,Backpack,Accessories,East,Bhubaneswar,8,1881.4,25.0,11288.4,8521.19,2767.21,Regular,Net Banking
ORD2614,2024-08-23 13:04:57.419483,Monitor,Electronics,Central,Nagpur,3,16263.07,15.0,41470.83,30116.37,11354.46,Premium,Cash
ORD2615,2024-08-23 16:35:14.342868,Bookshelf,Furniture,North,Lucknow,7,7227.17,20.0,40472.15,33106.84,7365.31,Premium,Credit Card
ORD2616,2024-08-23 20:05:31.266253,Headphones,Accessories,West,Mumbai,10,2941.18,5.0,27941.21,19549.04,8392.17,Regular,Debit Card
ORD2617,2024-08-23 23:35:48.189637,Bluetooth Speaker,Accessories,South,Bengaluru,10,3299.7,10.0,29697.3,17911.62,11785.68,Regular,Cash
ORD2618,2024-08-24 03:06:05.113022,Office Desk,Furniture,North,Chandigarh,9,11479.06,15.0,87814.81,58943.46,28871.35,Regular,Debit Card
ORD2619,2024-08-24 06:36:22.036407,External Hard Drive,Electronics,West,Pune,8,6093.27,0.0,48746.16,30901.08,17845.08,Regular,Cash
ORD2620,2024-08-24 10:06:38.959791,Keyboard,Accessories,West,Mumbai,1,1489.1,25.0,1116.82,739.96,376.86,Regular,UPI
ORD2621,2024-08-24 13:36:55.883176,External Hard Drive,Electronics,West,Surat,7,6506.38,0.0,45544.66,31449.59,14095.07,New,Debit Card
ORD2622,2024-08-24 17:07:12.806561,Bluetooth Speaker,Accessories,South,Hyderabad,7,2912.89,10.0,18351.21,14115.09,4236.12,New,Net Banking
ORD2623,2024-08-24 20:37:29.729945,Printer,Electronics,East,Kolkata,8,12469.2,20.0,79802.88,54349.15,25453.73,Premium,Net Banking
ORD2624,2024-08-25 00:07:46.653330,Smartwatch,Accessories,East,Kolkata,10,5620.64,20.0,44965.12,36917.59,8047.53,Premium,Cash
ORD2625,2024-08-25 03:38:03.576715,Tablet,Electronics,Central,Indore,5,22045.49,15.0,93693.33,63232.88,30460.45,Regular,Net Banking
ORD2626,2024-08-25 07:08:20.500100,Power Bank,Accessories,South,Chennai,10,1800.05,15.0,15300.42,9704.04,5596.38,Premium,Net Banking
ORD2627,2024-08-25 10:38:37.423484,Bluetooth Speaker,Accessories,South,Hyderabad,9,3194.27,20.0,22998.74,14770.17,8228.57,Regular,Debit Card
ORD2628,2024-08-25 14:08:54.346869,Tablet,Electronics,South,Hyderabad,9,23878.66,15.0,182671.75,152283.38,30388.37,Regular,Cash
ORD2629,2024-08-25 17:39:11.270254,Webcam,Electronics,West,Ahmedabad,8,3614.29,20.0,23131.46,16509.01,6622.45,Regular,Debit Card
ORD2630,2024-08-25 21:09:28.193638,Laptop,Electronics,South,Chennai,6,52859.09,10.0,285439.09,200030.44,85408.65,Regular,Cash
ORD2631,2024-08-26 00:39:45.117023,Mouse,Accessories,Central,Nagpur,6,830.34,15.0,4234.73,2613.78,1620.95,Regular,Net Banking
ORD2632,2024-08-26 04:10:02.040408,Office Desk,Furniture,South,Hyderabad,1,11403.29,20.0,9122.63,7146.03,1976.6,Premium,Cash
ORD2633,2024-08-26 07:40:18.963792,Router,Electronics,Central,Indore,6,2733.27,15.0,13939.68,10784.62,3155.06,Regular,Cash
ORD2634,2024-08-26 11:10:35.887177,Gaming Mouse,Accessories,North,Lucknow,4,2341.84,0.0,9367.36,6500.34,2867.02,Regular,Credit Card
ORD2635,2024-08-26 14:40:52.810562,Printer,Electronics,West,Ahmedabad,4,11834.86,25.0,35504.58,27442.94,8061.64,Regular,Cash
ORD2636,2024-08-26 18:11:09.733946,Monitor,Electronics,Central,Nagpur,2,15853.03,0.0,31706.06,21936.25,9769.81,New,Credit Card
ORD2637,2024-08-26 21:41:26.657331,Office Desk,Furniture,North,Chandigarh,4,11780.77,5.0,44766.93,27678.92,17088.01,New,Debit Card
ORD2638,2024-08-27 01:11:43.580716,Gaming Mouse,Accessories,Central,Indore,5,2012.83,20.0,8051.32,6316.46,1734.86,Regular,Credit Card
ORD2639,2024-08-27 04:42:00.504100,External Hard Drive,Electronics,East,Kolkata,5,6768.8,5.0,32151.8,27049.32,5102.48,New,Debit Card
ORD2640,2024-08-27 08:12:17.427485,Router,Electronics,Central,Nagpur,5,2452.31,20.0,9809.24,7475.35,2333.89,Regular,Cash
ORD2641,2024-08-27 11:42:34.350870,Bluetooth Speaker,Accessories,West,Mumbai,4,3258.19,25.0,9774.57,6540.31,3234.26,New,Debit Card
ORD2642,2024-08-27 15:12:51.274254,Smartwatch,Accessories,South,Chennai,1,5767.87,15.0,4902.69,3272.45,1630.24,Regular,Net Banking
ORD2643,2024-08-27 18:43:08.197639,Monitor,Electronics,North,Delhi,10,16030.0,20.0,128240.0,106727.02,21512.98,New,Cash
ORD2644,2024-08-27 22:13:25.121024,Smartphone,Electronics,South,Hyderabad,8,25902.19,0.0,207217.52,140042.28,67175.24,New,Credit Card
ORD2645,2024-08-28 01:43:42.044408,Monitor,Electronics,North,Jaipur,3,16059.97,15.0,40952.92,32436.68,8516.24,New,UPI
ORD2646,2024-08-28 05:13:58.967793,Smartphone,Electronics,North,Delhi,2,23959.41,25.0,35939.12,27339.92,8599.2,Premium,Cash
ORD2647,2024-08-28 08:44:15.891178,Webcam,Electronics,North,Jaipur,9,3472.94,0.0,31256.46,23384.53,7871.93,Regular,Net Banking
ORD2648,2024-08-28 12:14:32.814562,Smartphone,Electronics,East,Bhubaneswar,7,26615.65,15.0,158363.12,102186.77,56176.35,Premium,Debit Card
ORD2649,2024-08-28 15:44:49.737947,Monitor,Electronics,West,Pune,9,15431.46,20.0,111106.51,67619.73,43486.78,Premium,Credit Card
ORD2650,2024-08-28 19:15:06.661332,Keyboard,Accessories,North,Lucknow,2,1457.98,20.0,2332.77,1684.65,648.12,Premium,Credit Card
ORD2651,2024-08-28 22:45:23.584716,Mouse,Accessories,North,Delhi,9,801.92,0.0,7217.28,6113.32,1103.96,Regular,Net Banking
ORD2652,2024-08-29 02:15:40.508101,Power Bank,Accessories,West,Mumbai,10,1978.6,10.0,17807.4,11555.93,6251.47,Regular,Net Banking
ORD2653,2024-08-29 05:45:57.431486,Bluetooth Speaker,Accessories,North,Delhi,9,3145.11,20.0,22644.79,16626.21,6018.58,New,Cash
ORD2654,2024-08-29 09:16:14.354870,Bluetooth Speaker,Accessories,North,Jaipur,9,3068.71,10.0,24856.55,19083.49,5773.06,New,UPI
ORD2655,2024-08-29 12:46:31.278255,Office Desk,Furniture,North,Chandigarh,10,12786.99,15.0,108689.42,78356.31,30333.11,Premium,UPI
ORD2656,2024-08-29 16:16:48.201640,Tablet,Electronics,Central,Nagpur,10,21744.93,10.0,195704.37,142224.91,53479.46,New,Debit Card
ORD2657,2024-08-29 19:47:05.125025,Bookshelf,Furniture,Central,Indore,4,7630.09,0.0,30520.36,23357.44,7162.92,Premium,Credit Card
ORD2658,2024-08-29 23:17:22.048409,External Hard Drive,Electronics,South,Hyderabad,10,6567.63,5.0,62392.48,50146.48,12246.0,Regular,Cash
ORD2659,2024-08-30 02:47:38.971794,Headphones,Accessories,West,Surat,3,2896.12,5.0,8253.94,5640.1,2613.84,Regular,Credit Card
ORD2660,2024-08-30 06:17:55.895179,Webcam,Electronics,East,Patna,6,3210.21,0.0,19261.26,15887.05,3374.21,New,Cash
ORD2661,2024-08-30 09:48:12.818563,Laptop,Electronics,West,Ahmedabad,3,53632.65,5.0,152853.05,110241.47,42611.58,Regular,Net Banking
ORD2662,2024-08-30 13:18:29.741948,Tablet,Electronics,West,Mumbai,9,22302.01,0.0,200718.09,153643.55,47074.54,Regular,Debit Card
ORD2663,2024-08-30 16:48:46.665333,Headphones,Accessories,West,Mumbai,3,3121.95,20.0,7492.68,4695.13,2797.55,Regular,Net Banking
ORD2664,2024-08-30 20:19:03.588717,Monitor,Electronics,South,Hyderabad,2,16125.35,10.0,29025.63,20989.01,8036.62,Regular,Credit Card
ORD2665,2024-08-30 23:49:20.512102,USB Drive,Accessories,North,Chandigarh,8,979.91,5.0,7447.32,4498.38,2948.94,New,Debit Card
ORD2666,2024-08-31 03:19:37.435487,Power Bank,Accessories,East,Kolkata,6,1656.88,20.0,7953.02,5549.27,2403.75,Regular,Cash
ORD2667,2024-08-31 06:49:54.358871,Office Desk,Furniture,Central,Bhopal,8,12242.17,5.0,93040.49,57091.6,35948.89,Regular,Cash
ORD2668,2024-08-31 10:20:11.282256,Backpack,Accessories,West,Ahmedabad,7,1859.97,15.0,11066.82,9121.77,1945.05,New,Debit Card
ORD2669,2024-08-31 13:50:28.205641,Backpack,Accessories,Central,Nagpur,3,1681.94,0.0,5045.82,3876.21,1169.61,New,Net Banking
ORD2670,2024-08-31 17:20:45.129025,Smartphone,Electronics,Central,Nagpur,8,25228.0,0.0,201824.0,161049.31,40774.69,Regular,Debit Card
ORD2671,2024-08-31 20:51:02.052410,Printer,Electronics,North,Lucknow,10,11603.6,20.0,92828.8,66550.81,26277.99,Regular,Net Banking
ORD2672,2024-09-01 00:21:18.975795,Printer,Electronics,West,Mumbai,1,10985.8,15.0,9337.93,7591.5,1746.43,Regular,Debit Card
ORD2673,2024-09-01 03:51:35.899179,Keyboard,Accessories,West,Mumbai,1,1369.76,10.0,1232.78,1008.73,224.05,New,Net Banking
ORD2674,2024-09-01 07:21:52.822564,Bookshelf,Furniture,Central,Bhopal,10,7362.9,15.0,62584.65,43133.63,19451.02,Regular,UPI
ORD2675,2024-09-01 10:52:09.745949,Smartwatch,Accessories,Central,Bhopal,8,6138.55,15.0,41742.14,28977.97,12764.17,Regular,Debit Card
ORD2676,2024-09-01 14:22:26.669333,Webcam,Electronics,West,Unknown,9,3650.59,25.0,24641.48,17915.84,6725.64,Regular,Net Banking
ORD2677,2024-09-01 17:52:43.592718,Backpack,Accessories,South,Hyderabad,10,1866.7,10.0,16800.3,10257.61,6542.69,Regular,Credit Card
ORD2678,2024-09-01 21:23:00.516103,Mouse,Accessories,West,Surat,6,741.49,10.0,4004.05,3399.21,604.84,Regular,Credit Card
ORD2679,2024-09-02 00:53:17.439487,Gaming Mouse,Accessories,North,Jaipur,5,2046.69,15.0,8698.43,6000.14,2698.29,New,Debit Card
ORD2680,2024-09-02 04:23:34.362872,Smartphone,Electronics,West,Ahmedabad,2,23762.42,5.0,45148.6,32403.64,12744.96,Regular,Debit Card
ORD2681,2024-09-02 07:53:51.286257,Mouse,Accessories,Central,Nagpur,9,783.86,25.0,5291.06,4173.0,1118.06,Regular,Cash
ORD2682,2024-09-02 11:24:08.209641,Keyboard,Accessories,South,Chennai,6,1631.75,5.0,9300.98,6272.38,3028.6,Regular,Net Banking
ORD2683,2024-09-02 14:54:25.133026,Router,Electronics,West,Surat,8,2586.95,15.0,17591.26,11441.49,6149.77,Premium,Debit Card
ORD2684,2024-09-02 18:24:42.056411,Smartphone,Electronics,East,Bhubaneswar,9,23775.86,5.0,203283.6,128447.29,74836.31,Regular,Credit Card
ORD2685,2024-09-02 21:54:58.979795,Tablet,Electronics,East,Patna,9,20046.33,10.0,162375.27,118859.4,43515.87,Regular,Credit Card
ORD2686,2024-09-03 01:25:15.903180,Printer,Electronics,South,Chennai,8,12442.14,10.0,89583.41,53873.18,35710.23,Regular,Credit Card
ORD2687,2024-09-03 04:55:32.826565,Printer,Electronics,West,Ahmedabad,10,12300.76,5.0,116857.22,90842.49,26014.73,New,Net Banking
ORD2688,2024-09-03 08:25:49.749949,Laptop,Electronics,Central,Nagpur,8,56933.4,10.0,409920.48,293235.54,116684.94,Premium,UPI
ORD2689,2024-09-03 11:56:06.673334,Headphones,Accessories,Central,Indore,3,2856.71,0.0,8570.13,6281.53,2288.6,New,Debit Card
ORD2690,2024-09-03 15:26:23.596719,Office Desk,Furniture,North,Jaipur,3,12040.71,10.0,32509.92,21645.14,10864.78,Premium,UPI
ORD2691,2024-09-03 18:56:40.520104,Monitor,Electronics,Central,Bhopal,2,14585.11,15.0,24794.69,15981.75,8812.94,New,Net Banking
ORD2692,2024-09-03 22:26:57.443488,Bookshelf,Furniture,West,Surat,1,7444.78,20.0,5955.82,4615.75,1340.07,Regular,Debit Card
ORD2693,2024-09-04 01:57:14.366873,Webcam,Electronics,South,Bengaluru,4,3198.58,5.0,12154.6,7931.71,4222.89,Regular,Cash
ORD2694,2024-09-04 05:27:31.290258,Office Chair,Furniture,North,Chandigarh,2,8595.8,25.0,12893.7,10250.77,2642.93,Premium,Debit Card
ORD2695,2024-09-04 08:57:48.213642,Power Bank,Accessories,South,Chennai,2,1837.06,5.0,3490.41,2271.97,1218.44,New,Debit Card
ORD2696,2024-09-04 12:28:05.137027,Tablet,Electronics,Central,Nagpur,5,20702.98,10.0,93163.41,70167.96,22995.45,Regular,Debit Card
ORD2697,2024-09-04 15:58:22.060412,Backpack,Accessories,West,Ahmedabad,4,1862.18,10.0,6703.85,5101.42,1602.43,Regular,Debit Card
ORD2698,2024-09-04 19:28:38.983796,USB Drive,Accessories,West,Pune,1,834.62,20.0,667.7,485.02,182.68,New,Debit Card
ORD2699,2024-09-04 22:58:55.907181,Power Bank,Accessories,South,Hyderabad,9,1628.21,20.0,11723.11,9955.24,1767.87,Regular,Net Banking
ORD2700,2024-09-05 02:29:12.830566,Power Bank,Accessories,West,Pune,4,1930.86,25.0,5792.58,4019.82,1772.76,Regular,Debit Card
ORD2701,2024-09-05 05:59:29.753950,Office Desk,Furniture,North,Jaipur,5,11600.27,15.0,49301.15,40467.88,8833.27,Regular,Net Banking
ORD2702,2024-09-05 09:29:46.677335,Smartwatch,Accessories,South,Hyderabad,7,5588.22,0.0,39117.54,25125.47,13992.07,Regular,Debit Card
ORD2703,2024-09-05 13:00:03.600720,Laptop,Electronics,West,Mumbai,2,51399.8,15.0,87379.66,59794.14,27585.52,Premium,Debit Card
ORD2704,2024-09-05 16:30:20.524104,Printer,Electronics,North,Jaipur,8,12926.15,25.0,77556.9,49352.7,28204.2,Regular,Net Banking
ORD2705,2024-09-05 20:00:37.447489,Gaming Mouse,Accessories,Central,Nagpur,2,2267.95,5.0,4309.1,3235.73,1073.37,Premium,Debit Card
ORD2706,2024-09-05 23:30:54.370874,Headphones,Accessories,South,Hyderabad,10,3273.81,10.0,29464.29,22380.02,7084.27,New,Credit Card
ORD2707,2024-09-06 03:01:11.294258,Office Chair,Furniture,West,Mumbai,5,9540.07,15.0,40545.3,28924.04,11621.26,New,Debit Card
ORD2708,2024-09-06 06:31:28.217643,Office Desk,Furniture,East,Patna,2,12642.1,10.0,22755.78,17750.42,5005.36,Premium,Cash
ORD2709,2024-09-06 10:01:45.141028,Laptop,Electronics,West,Surat,2,54998.03,10.0,98996.45,80871.5,18124.95,Premium,Net Banking
ORD2710,2024-09-06 13:32:02.064412,Gaming Mouse,Accessories,North,Chandigarh,4,2341.15,15.0,7959.91,6321.28,1638.63,New,Debit Card
ORD2711,2024-09-06 17:02:18.987797,Office Chair,Furniture,North,Chandigarh,4,8842.77,15.0,30065.42,19855.67,10209.75,Regular,Debit Card
ORD2712,2024-09-06 20:32:35.911182,Printer,Electronics,Central,Indore,8,12784.8,20.0,81822.72,55647.62,26175.1,Regular,Net Banking
ORD2713,2024-09-07 00:02:52.834566,Webcam,Electronics,South,Chennai,6,3680.42,25.0,16561.89,11511.66,5050.23,New,UPI
ORD2714,2024-09-07 03:33:09.757951,Printer,Electronics,Central,Bhopal,10,12428.25,25.0,93211.88,60675.49,32536.39,New,Credit Card
ORD2715,2024-09-07 07:03:26.681336,Office Desk,Furniture,Central,Indore,8,11591.32,0.0,92730.56,64012.75,28717.81,Regular,Credit Card
ORD2716,2024-09-07 10:33:43.604720,Printer,Electronics,South,Chennai,7,12313.71,20.0,68956.78,45477.78,23479.0,Premium,Debit Card
ORD2717,2024-09-07 14:04:00.528105,Router,Electronics,South,Hyderabad,10,2503.39,0.0,25033.9,21252.08,3781.82,Regular,Net Banking
ORD2718,2024-09-07 17:34:17.451490,Router,Electronics,West,Ahmedabad,4,2480.77,15.0,8434.62,6712.38,1722.24,Regular,Cash
ORD2719,2024-09-07 21:04:34.374874,Office Desk,Furniture,Central,Indore,2,13176.59,25.0,19764.89,16108.47,3656.42,Regular,Debit Card
ORD2720,2024-09-08 00:34:51.298259,Webcam,Electronics,Central,Indore,9,3503.08,25.0,23645.79,19638.7,4007.09,Regular,Credit Card
ORD2721,2024-09-08 04:05:08.221644,Webcam,Electronics,East,Kolkata,2,3172.39,0.0,6344.78,4861.69,1483.09,New,Debit Card
ORD2722,2024-09-08 07:35:25.145029,Keyboard,Accessories,West,Surat,1,1537.94,5.0,1461.04,940.9,520.14,Premium,Net Banking
ORD2723,2024-09-08 11:05:42.068413,Office Desk,Furniture,North,Delhi,8,12547.23,20.0,80302.27,63409.2,16893.07,Regular,Cash
ORD2724,2024-09-08 14:35:58.991798,Gaming Mouse,Accessories,Central,Bhopal,10,2369.48,20.0,18955.84,11447.49,7508.35,Regular,UPI
ORD2725,2024-09-08 18:06:15.915183,External Hard Drive,Electronics,Central,Nagpur,9,6672.49,20.0,48041.93,30185.11,17856.82,Premium,Cash
ORD2726,2024-09-08 21:36:32.838567,Backpack,Accessories,North,Jaipur,1,1627.0,25.0,1220.25,741.18,479.07,New,Debit Card
ORD2727,2024-09-09 01:06:49.761952,Smartphone,Electronics,South,Bengaluru,7,23098.72,10.0,145521.94,92240.72,53281.22,Premium,Credit Card
ORD2728,2024-09-09 04:37:06.685337,Smartwatch,Accessories,North,Lucknow,2,5593.49,25.0,8390.24,6611.52,1778.72,Regular,Net Banking
ORD2729,2024-09-09 08:07:23.608721,Printer,Electronics,South,Bengaluru,6,11307.03,10.0,61057.96,50151.19,10906.77,Regular,Debit Card
ORD2730,2024-09-09 11:37:40.532106,Gaming Mouse,Accessories,Central,Bhopal,5,2331.9,25.0,8744.62,5856.36,2888.26,New,UPI
ORD2731,2024-09-09 15:07:57.455491,Laptop,Electronics,South,Hyderabad,1,52907.36,15.0,44971.26,28322.08,16649.18,Premium,Net Banking
ORD2732,2024-09-09 18:38:14.378875,Tablet,Electronics,North,Chandigarh,2,21174.39,25.0,31761.58,21224.36,10537.22,Premium,Net Banking
ORD2733,2024-09-09 22:08:31.302260,Keyboard,Accessories,South,Hyderabad,2,1576.68,15.0,2680.36,2041.84,638.52,New,Net Banking
ORD2734,2024-09-10 01:38:48.225645,Printer,Electronics,Central,Nagpur,10,11789.85,10.0,106108.65,72955.08,33153.57,New,Debit Card
ORD2735,2024-09-10 05:09:05.149029,Printer,Electronics,West,Surat,10,10955.13,20.0,87641.04,73643.58,13997.46,Premium,UPI
ORD2736,2024-09-10 08:39:22.072414,Laptop,Electronics,East,Patna,6,55936.39,10.0,302056.51,191124.66,110931.85,New,Debit Card
ORD2737,2024-09-10 12:09:38.995799,Router,Electronics,North,Delhi,1,2315.03,0.0,2315.03,1962.19,352.84,Regular,Net Banking
ORD2738,2024-09-10 15:39:55.919183,Bluetooth Speaker,Accessories,Central,Nagpur,4,3043.0,20.0,9737.6,5872.87,3864.73,Regular,Net Banking
ORD2739,2024-09-10 19:10:12.842568,Backpack,Accessories,Central,Nagpur,10,1900.67,25.0,14255.03,10162.74,4092.29,Premium,Credit Card
ORD2740,2024-09-10 22:40:29.765953,Office Desk,Furniture,South,Hyderabad,5,13030.78,25.0,48865.42,32395.47,16469.95,Regular,Cash
ORD2741,2024-09-11 02:10:46.689337,Power Bank,Accessories,North,Delhi,2,1644.14,25.0,2466.21,1828.87,637.34,Regular,Debit Card
ORD2742,2024-09-11 05:41:03.612722,Gaming Mouse,Accessories,North,Jaipur,2,2113.75,25.0,3170.62,1978.9,1191.72,Premium,UPI
ORD2743,2024-09-11 09:11:20.536107,External Hard Drive,Electronics,North,Delhi,7,6698.2,25.0,35165.55,28799.03,6366.52,New,Net Banking
ORD2744,2024-09-11 12:41:37.459491,Office Chair,Furniture,West,Mumbai,7,8667.82,10.0,54607.27,34628.2,19979.07,New,Debit Card
ORD2745,2024-09-11 16:11:54.382876,Smartphone,Electronics,Central,Nagpur,6,24755.13,15.0,126251.16,94290.34,31960.82,New,Cash
ORD2746,2024-09-11 19:42:11.306261,External Hard Drive,Electronics,East,Bhubaneswar,1,5876.12,10.0,5288.51,3217.19,2071.32,Premium,Debit Card
ORD2747,2024-09-11 23:12:28.229645,Mouse,Accessories,Central,Nagpur,3,830.96,5.0,2368.24,1605.07,763.17,Regular,Cash
ORD2748,2024-09-12 02:42:45.153030,Webcam,Electronics,East,Patna,9,3768.3,10.0,30523.23,19456.44,11066.79,New,Debit Card
ORD2749,2024-09-12 06:13:02.076415,Office Chair,Furniture,West,Ahmedabad,10,9858.35,20.0,78866.8,66599.99,12266.81,Regular,Credit Card
ORD2750,2024-09-12 09:43:18.999799,External Hard Drive,Electronics,West,Mumbai,1,6929.69,25.0,5197.27,3133.98,2063.29,Regular,Debit Card
ORD2751,2024-09-12 13:13:35.923184,Office Desk,Furniture,North,Jaipur,2,10876.26,10.0,19577.27,13471.1,6106.17,Premium,Credit Card
ORD2752,2024-09-12 16:43:52.846569,Keyboard,Accessories,South,Hyderabad,8,1545.56,15.0,10509.81,7101.42,3408.39,New,Cash
ORD2753,2024-09-12 20:14:09.769953,Gaming Mouse,Accessories,West,Ahmedabad,7,2198.09,25.0,11539.97,8820.5,2719.47,Regular,Net Banking
ORD2754,2024-09-12 23:44:26.693338,Bookshelf,Furniture,North,Delhi,9,7613.05,0.0,68517.45,42076.19,26441.26,Regular,Net Banking
ORD2755,2024-09-13 03:14:43.616723,Gaming Mouse,Accessories,South,Hyderabad,10,2376.94,5.0,22580.93,18124.68,4456.25,New,Debit Card
ORD2756,2024-09-13 06:45:00.540108,USB Drive,Accessories,East,Bhubaneswar,4,987.85,20.0,3161.12,2265.36,895.76,Premium,UPI
ORD2757,2024-09-13 10:15:17.463492,External Hard Drive,Electronics,Central,Nagpur,4,6970.51,15.0,23699.73,16902.48,6797.25,New,Debit Card
ORD2758,2024-09-13 13:45:34.386877,Power Bank,Accessories,East,Kolkata,7,1816.88,5.0,12082.25,7934.38,4147.87,Regular,Credit Card
ORD2759,2024-09-13 17:15:51.310262,Headphones,Accessories,Central,Nagpur,1,3128.94,10.0,2816.05,2034.63,781.42,Regular,Credit Card
ORD2760,2024-09-13 20:46:08.233646,External Hard Drive,Electronics,East,Bhubaneswar,10,7104.08,5.0,67488.76,46632.94,20855.82,Regular,Cash
ORD2761,2024-09-14 00:16:25.157031,Laptop,Electronics,West,Mumbai,9,55859.28,25.0,377050.14,249337.27,127712.87,New,Debit Card
ORD2762,2024-09-14 03:46:42.080416,Headphones,Accessories,West,Surat,2,3203.99,25.0,4805.98,3086.24,1719.74,Premium,Cash
ORD2763,2024-09-14 07:16:59.003800,Keyboard,Accessories,Central,Nagpur,1,1632.66,0.0,1632.66,1276.88,355.78,New,UPI
ORD2764,2024-09-14 10:47:15.927185,Printer,Electronics,East,Bhubaneswar,7,12169.29,0.0,85185.03,51429.2,33755.83,Regular,Net Banking
ORD2765,2024-09-14 14:17:32.850570,Webcam,Electronics,West,Surat,6,3261.41,5.0,18590.04,11934.72,6655.32,Regular,Net Banking
ORD2766,2024-09-14 17:47:49.773954,Webcam,Electronics,West,Ahmedabad,3,3258.89,25.0,7332.5,5457.34,1875.16,Premium,Debit Card
ORD2767,2024-09-14 21:18:06.697339,Smartphone,Electronics,East,Patna,1,23076.59,10.0,20768.93,13635.2,7133.73,Regular,Cash
ORD2768,2024-09-15 00:48:23.620724,Laptop,Electronics,North,Lucknow,5,54739.55,10.0,246327.98,176086.11,70241.87,New,Cash
ORD2769,2024-09-15 04:18:40.544108,Office Chair,Furniture,North,Delhi,10,8964.25,20.0,71714.0,52941.38,18772.62,Regular,UPI
ORD2770,2024-09-15 07:48:57.467493,Power Bank,Accessories,North,Jaipur,4,1842.25,10.0,6632.1,4434.27,2197.83,New,Cash
ORD2771,2024-09-15 11:19:14.390878,External Hard Drive,Electronics,Central,Bhopal,5,6477.73,5.0,30769.22,21104.26,9664.96,New,Credit Card
ORD2772,2024-09-15 14:49:31.314262,External Hard Drive,Electronics,South,Hyderabad,1,7114.97,0.0,7114.97,4642.89,2472.08,Premium,Credit Card
ORD2773,2024-09-15 18:19:48.237647,Router,Electronics,South,Hyderabad,1,2395.66,10.0,2156.09,1541.83,614.26,Regular,Credit Card
ORD2774,2024-09-15 21:50:05.161032,Headphones,Accessories,West,Mumbai,5,3224.29,25.0,12091.09,10254.45,1836.64,New,Debit Card
ORD2775,2024-09-16 01:20:22.084416,Webcam,Electronics,South,Chennai,6,3220.23,0.0,19321.38,10008.64,9312.74,Regular,Credit Card
ORD2776,2024-09-16 04:50:39.007801,Headphones,Accessories,East,Bhubaneswar,5,3061.15,20.0,12244.6,9346.7,2897.9,New,Credit Card
ORD2777,2024-09-16 08:20:55.931186,Router,Electronics,North,Chandigarh,2,2574.16,20.0,4118.66,3125.95,992.71,New,Net Banking
ORD2778,2024-09-16 11:51:12.854570,Office Desk,Furniture,Central,Indore,9,12653.35,5.0,108186.14,86183.29,22002.85,New,Debit Card
ORD2779,2024-09-16 15:21:29.777955,Headphones,Accessories,Central,Nagpur,5,3001.81,10.0,13508.14,10509.06,2999.08,Regular,Credit Card
ORD2780,2024-09-16 18:51:46.701340,Backpack,Accessories,Central,Indore,5,1691.0,10.0,7609.5,4588.11,3021.39,Regular,UPI
ORD2781,2024-09-16 22:22:03.624724,Monitor,Electronics,East,Kolkata,10,14606.99,20.0,116855.92,79147.01,37708.91,Regular,Credit Card
ORD2782,2024-09-17 01:52:20.548109,Laptop,Electronics,West,Pune,9,52493.78,10.0,425199.62,347625.51,77574.11,New,Debit Card
ORD2783,2024-09-17 05:22:37.471494,Laptop,Electronics,North,Chandigarh,3,54110.16,5.0,154213.96,113329.92,40884.04,Regular,Cash
ORD2784,2024-09-17 08:52:54.394878,Bluetooth Speaker,Accessories,North,Chandigarh,5,3017.98,0.0,15089.9,9447.12,5642.78,Regular,Net Banking
ORD2785,2024-09-17 12:23:11.318263,USB Drive,Accessories,North,Jaipur,5,922.51,25.0,3459.41,2314.46,1144.95,Regular,Net Banking
ORD2786,2024-09-17 15:53:28.241648,Backpack,Accessories,West,Surat,2,1924.24,5.0,3656.06,2452.66,1203.4,Premium,Debit Card
ORD2787,2024-09-17 19:23:45.165033,USB Drive,Accessories,East,Patna,4,973.8,10.0,3505.68,2868.68,637.0,Regular,Credit Card
ORD2788,2024-09-17 22:54:02.088417,Printer,Electronics,East,Patna,2,11910.2,5.0,22629.38,16708.41,5920.97,Regular,UPI
ORD2789,2024-09-18 02:24:19.011802,Smartwatch,Accessories,North,Jaipur,5,5506.41,25.0,20649.04,15529.75,5119.29,Premium,Credit Card
ORD2790,2024-09-18 05:54:35.935187,Smartphone,Electronics,East,Kolkata,10,26485.33,15.0,225125.31,155734.07,69391.24,Regular,Credit Card
ORD2791,2024-09-18 09:24:52.858571,External Hard Drive,Electronics,West,Pune,2,6470.31,25.0,9705.46,5969.61,3735.85,Regular,UPI
ORD2792,2024-09-18 12:55:09.781956,Keyboard,Accessories,East,Patna,10,1513.93,25.0,11354.48,7026.29,4328.19,Regular,Net Banking
ORD2793,2024-09-18 16:25:26.705341,Smartwatch,Accessories,West,Mumbai,9,6114.95,15.0,46779.37,32983.93,13795.44,New,Credit Card
ORD2794,2024-09-18 19:55:43.628725,Laptop,Electronics,South,Bengaluru,10,56846.55,10.0,511618.95,329673.68,181945.27,Regular,Cash
ORD2795,2024-09-18 23:26:00.552110,Smartwatch,Accessories,Central,Indore,6,6468.12,10.0,34927.85,21867.13,13060.72,Regular,Cash
ORD2796,2024-09-19 02:56:17.475495,USB Drive,Accessories,West,Surat,8,981.39,0.0,7851.12,5225.4,2625.72,New,Debit Card
ORD2797,2024-09-19 06:26:34.398879,Bookshelf,Furniture,South,Hyderabad,9,7616.24,25.0,51409.62,40382.85,11026.77,New,Debit Card
ORD2798,2024-09-19 09:56:51.322264,Smartwatch,Accessories,South,Hyderabad,8,6371.36,5.0,48422.34,29937.33,18485.01,Premium,UPI
ORD2799,2024-09-19 13:27:08.245649,Bookshelf,Furniture,West,Ahmedabad,5,7544.94,0.0,37724.7,26862.12,10862.58,Regular,UPI
ORD2800,2024-09-19 16:57:25.169033,Smartwatch,Accessories,Central,Indore,5,5459.59,10.0,24568.16,19814.76,4753.4,New,Debit Card
ORD2801,2024-09-19 20:27:42.092418,Office Chair,Furniture,East,Kolkata,6,9628.4,10.0,51993.36,34678.59,17314.77,New,Credit Card
ORD2802,2024-09-19 23:57:59.015803,Monitor,Electronics,South,Hyderabad,1,13716.8,20.0,10973.44,7412.21,3561.23,Regular,Net Banking
ORD2803,2024-09-20 03:28:15.939187,Smartphone,Electronics,Central,Nagpur,8,26230.97,0.0,209847.76,172295.89,37551.87,New,Cash
ORD2804,2024-09-20 06:58:32.862572,Keyboard,Accessories,West,Ahmedabad,2,1400.81,10.0,2521.46,1922.62,598.84,New,UPI
ORD2805,2024-09-20 10:28:49.785957,Backpack,Accessories,East,Kolkata,6,1749.64,15.0,8923.16,7133.42,1789.74,Regular,Debit Card
ORD2806,2024-09-20 13:59:06.709341,Monitor,Electronics,East,Bhubaneswar,9,14052.55,20.0,101178.36,68022.32,33156.04,Regular,Cash
ORD2807,2024-09-20 17:29:23.632726,Keyboard,Accessories,South,Bengaluru,3,1483.04,5.0,4226.66,3589.26,637.4,Regular,UPI
ORD2808,2024-09-20 20:59:40.556111,Bluetooth Speaker,Accessories,West,Surat,2,2947.05,20.0,4715.28,2995.26,1720.02,New,UPI
ORD2809,2024-09-21 00:29:57.479495,Keyboard,Accessories,South,Hyderabad,10,1364.42,25.0,10233.15,8600.8,1632.35,Regular,Credit Card
ORD2810,2024-09-21 04:00:14.402880,Smartphone,Electronics,Central,Nagpur,5,26652.49,25.0,99946.84,82508.59,17438.25,New,UPI
ORD2811,2024-09-21 07:30:31.326265,External Hard Drive,Electronics,East,Kolkata,9,6960.44,5.0,59511.76,43918.11,15593.65,Regular,Net Banking
ORD2812,2024-09-21 11:00:48.249649,Bookshelf,Furniture,East,Kolkata,6,7402.51,15.0,37752.8,28175.83,9576.97,New,UPI
ORD2813,2024-09-21 14:31:05.173034,Smartwatch,Accessories,West,Mumbai,8,6417.13,5.0,48770.19,38711.92,10058.27,New,Net Banking
ORD2814,2024-09-21 18:01:22.096419,Bluetooth Speaker,Accessories,Central,Nagpur,8,3150.53,0.0,25204.24,17055.6,8148.64,Regular,Credit Card
ORD2815,2024-09-21 21:31:39.019803,Bookshelf,Furniture,Central,Indore,7,7612.48,5.0,50622.99,37049.32,13573.67,Premium,Net Banking
ORD2816,2024-09-22 01:01:55.943188,Office Chair,Furniture,East,Patna,5,9137.51,5.0,43403.17,35833.39,7569.78,New,Cash
ORD2817,2024-09-22 04:32:12.866573,Laptop,Electronics,West,Pune,2,55909.07,20.0,89454.51,55199.0,34255.51,Regular,UPI
ORD2818,2024-09-22 08:02:29.789957,Mouse,Accessories,West,Surat,10,857.59,15.0,7289.52,6023.93,1265.59,Regular,Debit Card
ORD2819,2024-09-22 11:32:46.713342,Webcam,Electronics,East,Patna,10,3394.59,5.0,32248.6,25224.68,7023.92,Regular,Debit Card
ORD2820,2024-09-22 15:03:03.636727,Laptop,Electronics,North,Chandigarh,5,50050.91,0.0,250254.55,198317.02,51937.53,Regular,Net Banking
ORD2821,2024-09-22 18:33:20.560112,Office Desk,Furniture,East,Bhubaneswar,7,12599.65,20.0,70558.04,43476.42,27081.62,Regular,Credit Card
ORD2822,2024-09-22 22:03:37.483496,Mouse,Accessories,South,Chennai,7,760.73,15.0,4526.34,2928.27,1598.07,Regular,Net Banking
ORD2823,2024-09-23 01:33:54.406881,Webcam,Electronics,Central,Nagpur,2,3481.97,15.0,5919.35,4920.85,998.5,New,Net Banking
ORD2824,2024-09-23 05:04:11.330266,Bluetooth Speaker,Accessories,South,Bengaluru,7,2844.26,10.0,17918.84,11307.02,6611.82,Premium,Net Banking
ORD2825,2024-09-23 08:34:28.253650,Laptop,Electronics,Central,Nagpur,6,58598.0,25.0,263691.0,199823.91,63867.09,New,Cash
ORD2826,2024-09-23 12:04:45.177035,Router,Electronics,East,Kolkata,7,2729.15,0.0,19104.05,15200.58,3903.47,New,Cash
ORD2827,2024-09-23 15:35:02.100420,Router,Electronics,West,Pune,8,2277.51,25.0,13665.06,8989.16,4675.9,New,Net Banking
ORD2828,2024-09-23 19:05:19.023804,Tablet,Electronics,East,Bhubaneswar,4,20826.84,20.0,66645.89,51630.41,15015.48,New,Credit Card
ORD2829,2024-09-23 22:35:35.947189,Office Desk,Furniture,North,Delhi,1,11254.95,20.0,9003.96,5549.99,3453.97,Regular,UPI
ORD2830,2024-09-24 02:05:52.870574,Keyboard,Accessories,South,Hyderabad,8,1551.96,0.0,12415.68,8997.55,3418.13,Regular,Debit Card
ORD2831,2024-09-24 05:36:09.793958,Office Chair,Furniture,North,Chandigarh,8,8871.62,15.0,60327.02,41240.05,19086.97,Regular,Cash
ORD2832,2024-09-24 09:06:26.717343,Tablet,Electronics,West,Ahmedabad,3,21807.55,5.0,62151.52,47324.37,14827.15,New,UPI
ORD2833,2024-09-24 12:36:43.640728,Headphones,Accessories,East,Kolkata,3,2794.25,0.0,8382.75,6892.73,1490.02,Regular,Cash
ORD2834,2024-09-24 16:07:00.564112,Backpack,Accessories,West,Mumbai,5,1769.3,20.0,7077.2,4468.35,2608.85,Regular,Cash
ORD2835,2024-09-24 19:37:17.487497,Backpack,Accessories,South,Bengaluru,3,1729.16,25.0,3890.61,2772.36,1118.25,Regular,Cash
ORD2836,2024-09-24 23:07:34.410882,Power Bank,Accessories,North,Jaipur,5,1840.03,0.0,9200.15,6493.45,2706.7,New,Net Banking
ORD2837,2024-09-25 02:37:51.334266,Smartphone,Electronics,East,Bhubaneswar,8,23586.19,15.0,160386.09,109214.72,51171.37,New,Net Banking
ORD2838,2024-09-25 06:08:08.257651,Backpack,Accessories,Central,Nagpur,1,1841.33,10.0,1657.2,1193.25,463.95,Regular,Cash
ORD2839,2024-09-25 09:38:25.181036,Smartwatch,Accessories,West,Ahmedabad,2,5853.29,10.0,10535.92,8641.37,1894.55,Regular,Cash
ORD2840,2024-09-25 13:08:42.104420,Tablet,Electronics,East,Kolkata,2,21323.7,5.0,40515.03,34171.0,6344.03,Regular,Debit Card
ORD2841,2024-09-25 16:38:59.027805,Headphones,Accessories,East,Patna,4,2883.33,5.0,10956.65,6581.78,4374.87,New,UPI
ORD2842,2024-09-25 20:09:15.951190,USB Drive,Accessories,North,Jaipur,9,931.29,15.0,7124.37,5590.91,1533.46,New,UPI
ORD2843,2024-09-25 23:39:32.874574,Smartphone,Electronics,Central,Nagpur,2,25312.09,25.0,37968.14,28619.26,9348.88,New,Credit Card
ORD2844,2024-09-26 03:09:49.797959,Keyboard,Accessories,West,Pune,9,1605.52,5.0,13727.2,11649.29,2077.91,Regular,Credit Card
ORD2845,2024-09-26 06:40:06.721344,Office Desk,Furniture,South,Chennai,7,11379.86,10.0,71693.12,44627.74,27065.38,Regular,Credit Card
ORD2846,2024-09-26 10:10:23.644728,Printer,Electronics,West,Surat,10,10896.29,15.0,92618.47,74357.5,18260.97,New,Net Banking
ORD2847,2024-09-26 13:40:40.568113,Smartphone,Electronics,North,Jaipur,8,23410.12,15.0,159188.82,132681.02,26507.8,Regular,Net Banking
ORD2848,2024-09-26 17:10:57.491498,USB Drive,Accessories,Central,Bhopal,1,871.8,15.0,741.03,613.59,127.44,Regular,Debit Card
ORD2849,2024-09-26 20:41:14.414882,Printer,Electronics,North,Lucknow,5,11231.17,0.0,56155.85,41563.37,14592.48,Regular,Net Banking
ORD2850,2024-09-27 00:11:31.338267,Webcam,Electronics,West,Surat,9,3208.46,25.0,21657.1,14767.74,6889.36,New,Credit Card
ORD2851,2024-09-27 03:41:48.261652,Office Desk,Furniture,South,Chennai,4,11868.81,25.0,35606.43,27060.03,8546.4,Regular,Cash
ORD2852,2024-09-27 07:12:05.185037,Monitor,Electronics,West,Pune,2,15530.8,5.0,29508.52,19963.04,9545.48,Regular,Credit Card
ORD2853,2024-09-27 10:42:22.108421,Webcam,Electronics,West,Surat,6,3676.1,25.0,16542.45,11630.46,4911.99,Premium,Debit Card
ORD2854,2024-09-27 14:12:39.031806,Office Chair,Furniture,West,Mumbai,2,8817.71,20.0,14108.34,10037.11,4071.23,Regular,Cash
ORD2855,2024-09-27 17:42:55.955191,USB Drive,Accessories,West,Ahmedabad,3,896.05,10.0,2419.33,1634.23,785.1,New,Net Banking
ORD2856,2024-09-27 21:13:12.878575,Keyboard,Accessories,Central,Bhopal,8,1576.64,5.0,11982.46,8213.46,3769.0,New,Cash
ORD2857,2024-09-28 00:43:29.801960,Backpack,Accessories,North,Chandigarh,3,1746.97,25.0,3930.68,2365.59,1565.09,Regular,Debit Card
ORD2858,2024-09-28 04:13:46.725345,External Hard Drive,Electronics,South,Chennai,2,6870.2,10.0,12366.36,8338.26,4028.1,Regular,Net Banking
ORD2859,2024-09-28 07:44:03.648729,Office Desk,Furniture,South,Chennai,6,13121.7,5.0,74793.69,53707.58,21086.11,Premium,UPI
ORD2860,2024-09-28 11:14:20.572114,Office Chair,Furniture,Central,Nagpur,3,9684.87,20.0,23243.69,14951.55,8292.14,Regular,Credit Card
ORD2861,2024-09-28 14:44:37.495499,Bookshelf,Furniture,South,Chennai,1,6935.03,10.0,6241.53,5001.94,1239.59,Premium,Credit Card
ORD2862,2024-09-28 18:14:54.418883,Office Chair,Furniture,West,Surat,3,9143.13,20.0,21943.51,16115.52,5827.99,Regular,Debit Card
ORD2863,2024-09-28 21:45:11.342268,USB Drive,Accessories,West,Surat,6,938.96,10.0,5070.38,4048.55,1021.83,Premium,Debit Card
ORD2864,2024-09-29 01:15:28.265653,Webcam,Electronics,South,Chennai,3,3394.51,0.0,10183.53,6436.25,3747.28,Regular,Credit Card
ORD2865,2024-09-29 04:45:45.189037,Webcam,Electronics,South,Bengaluru,9,3709.47,0.0,33385.23,26879.38,6505.85,Regular,Cash
ORD2866,2024-09-29 08:16:02.112422,Monitor,Electronics,South,Bengaluru,7,14810.75,10.0,93307.72,78337.96,14969.76,Regular,UPI
ORD2867,2024-09-29 11:46:19.035807,Office Chair,Furniture,East,Kolkata,5,9624.31,10.0,43309.4,29801.78,13507.62,Regular,UPI
ORD2868,2024-09-29 15:16:35.959191,Bluetooth Speaker,Accessories,South,Hyderabad,2,2852.84,20.0,4564.54,3062.75,1501.79,New,Debit Card
ORD2869,2024-09-29 18:46:52.882576,Webcam,Electronics,North,Delhi,9,3157.96,25.0,21316.23,16236.74,5079.49,Premium,Debit Card
ORD2870,2024-09-29 22:17:09.805961,Monitor,Electronics,Central,Indore,5,15398.07,15.0,65441.8,49668.92,15772.88,Regular,Cash
ORD2871,2024-09-30 01:47:26.729345,Bookshelf,Furniture,Central,Bhopal,7,6932.64,10.0,43675.63,27433.41,16242.22,Regular,Debit Card
ORD2872,2024-09-30 05:17:43.652730,Bluetooth Speaker,Accessories,South,Bengaluru,9,2735.89,5.0,23391.86,19454.77,3937.09,Premium,UPI
ORD2873,2024-09-30 08:48:00.576115,Smartphone,Electronics,South,Chennai,4,24938.06,5.0,94764.63,68208.17,26556.46,Premium,Credit Card
ORD2874,2024-09-30 12:18:17.499499,Backpack,Accessories,North,Chandigarh,9,1680.69,5.0,14369.9,11368.09,3001.81,Regular,UPI
ORD2875,2024-09-30 15:48:34.422884,Monitor,Electronics,West,Mumbai,1,15389.25,0.0,15389.25,10615.96,4773.29,New,Cash
ORD2876,2024-09-30 19:18:51.346269,USB Drive,Accessories,Central,Unknown,6,890.11,25.0,4005.5,2665.2,1340.3,Premium,Credit Card
ORD2877,2024-09-30 22:49:08.269653,Gaming Mouse,Accessories,North,Delhi,2,2055.29,20.0,3288.46,2064.55,1223.91,Regular,Credit Card
ORD2878,2024-10-01 02:19:25.193038,Backpack,Accessories,North,Lucknow,8,1768.3,25.0,10609.8,7094.03,3515.77,Regular,UPI
ORD2879,2024-10-01 05:49:42.116423,Webcam,Electronics,West,Ahmedabad,5,3312.9,0.0,16564.5,14052.62,2511.88,Premium,Credit Card
ORD2880,2024-10-01 09:19:59.039807,Tablet,Electronics,West,Ahmedabad,3,22673.63,25.0,51015.67,39000.97,12014.7,New,Credit Card
ORD2881,2024-10-01 12:50:15.963192,Headphones,Accessories,North,Lucknow,2,2877.09,25.0,4315.64,3455.51,860.13,New,Debit Card
ORD2882,2024-10-01 16:20:32.886577,USB Drive,Accessories,West,Pune,8,957.96,5.0,7280.5,6112.91,1167.59,Regular,Credit Card
ORD2883,2024-10-01 19:50:49.809961,Power Bank,Accessories,South,Chennai,7,1625.1,10.0,10238.13,6345.06,3893.07,New,Cash
ORD2884,2024-10-01 23:21:06.733346,Monitor,Electronics,South,Chennai,9,14710.25,5.0,125772.64,80642.1,45130.54,Regular,Credit Card
ORD2885,2024-10-02 02:51:23.656731,External Hard Drive,Electronics,West,Ahmedabad,8,6652.2,25.0,39913.2,33207.44,6705.76,New,Debit Card
ORD2886,2024-10-02 06:21:40.580116,Smartphone,Electronics,Central,Nagpur,4,22613.04,10.0,81406.94,60333.81,21073.13,New,Net Banking
ORD2887,2024-10-02 09:51:57.503500,Router,Electronics,East,Bhubaneswar,2,2357.92,20.0,3772.67,2862.37,910.3,Regular,Net Banking
ORD2888,2024-10-02 13:22:14.426885,Bookshelf,Furniture,Central,Indore,2,6758.39,15.0,11489.26,8121.86,3367.4,Regular,Cash
ORD2889,2024-10-02 16:52:31.350270,Monitor,Electronics,East,Kolkata,2,13565.53,10.0,24417.95,19622.44,4795.51,New,Cash
ORD2890,2024-10-02 20:22:48.273654,Office Chair,Furniture,West,Surat,6,9084.04,0.0,54504.24,39750.54,14753.7,New,Credit Card
ORD2891,2024-10-02 23:53:05.197039,Mouse,Accessories,East,Patna,7,820.94,5.0,5459.25,4403.06,1056.19,Regular,Credit Card
ORD2892,2024-10-03 03:23:22.120424,Office Desk,Furniture,Central,Nagpur,6,11346.05,5.0,64672.48,54845.28,9827.2,Regular,Net Banking
ORD2893,2024-10-03 06:53:39.043808,Power Bank,Accessories,Central,Nagpur,2,1815.65,25.0,2723.48,2074.42,649.06,Premium,Net Banking
ORD2894,2024-10-03 10:23:55.967193,Mouse,Accessories,North,Chandigarh,4,879.86,25.0,2639.58,1932.71,706.87,New,UPI
ORD2895,2024-10-03 13:54:12.890578,Bookshelf,Furniture,Central,Indore,3,7541.69,25.0,16968.8,11730.35,5238.45,Regular,Net Banking
ORD2896,2024-10-03 17:24:29.813962,Mouse,Accessories,Central,Indore,4,729.39,25.0,2188.17,1419.41,768.76,New,Net Banking
ORD2897,2024-10-03 20:54:46.737347,Router,Electronics,West,Surat,5,2313.94,5.0,10991.22,8399.1,2592.12,Regular,Cash
ORD2898,2024-10-04 00:25:03.660732,Power Bank,Accessories,South,Chennai,7,1797.99,10.0,11327.34,6973.78,4353.56,Premium,UPI
ORD2899,2024-10-04 03:55:20.584116,Power Bank,Accessories,Central,Indore,9,1708.27,20.0,12299.54,10320.2,1979.34,Regular,UPI
ORD2900,2024-10-04 07:25:37.507501,Monitor,Electronics,Central,Bhopal,2,13742.91,10.0,24737.24,18847.03,5890.21,Regular,Credit Card
ORD2901,2024-10-04 10:55:54.430886,Gaming Mouse,Accessories,South,Chennai,8,2092.0,0.0,16736.0,14055.57,2680.43,New,Credit Card
ORD2902,2024-10-04 14:26:11.354270,Monitor,Electronics,Central,Nagpur,3,13683.53,5.0,38998.06,26053.38,12944.68,Premium,UPI
ORD2903,2024-10-04 17:56:28.277655,Mouse,Accessories,North,Jaipur,9,804.79,10.0,6518.8,5453.82,1064.98,Regular,UPI
ORD2904,2024-10-04 21:26:45.201040,Laptop,Electronics,North,Jaipur,10,54892.75,5.0,521481.12,392691.6,128789.52,Regular,Credit Card
ORD2905,2024-10-05 00:57:02.124424,Office Desk,Furniture,East,Kolkata,4,10815.18,0.0,43260.72,34719.58,8541.14,Regular,Cash
ORD2906,2024-10-05 04:27:19.047809,Bookshelf,Furniture,West,Pune,3,6975.52,15.0,17787.58,11468.2,6319.38,New,Cash
ORD2907,2024-10-05 07:57:35.971194,Power Bank,Accessories,West,Ahmedabad,10,1807.13,15.0,15360.61,11136.87,4223.74,Regular,Cash
ORD2908,2024-10-05 11:27:52.894578,Webcam,Electronics,North,Delhi,6,3573.99,15.0,18227.35,13529.07,4698.28,New,Cash
ORD2909,2024-10-05 14:58:09.817963,Bookshelf,Furniture,Central,Bhopal,10,7658.14,5.0,72752.33,50796.67,21955.66,Regular,Credit Card
ORD2910,2024-10-05 18:28:26.741348,Smartwatch,Accessories,North,Delhi,9,6579.23,10.0,53291.76,35348.86,17942.9,Regular,Debit Card
ORD2911,2024-10-05 21:58:43.664732,Smartwatch,Accessories,North,Delhi,7,6032.32,5.0,40114.93,33142.7,6972.23,New,Net Banking
ORD2912,2024-10-06 01:29:00.588117,Webcam,Electronics,North,Chandigarh,4,3741.63,20.0,11973.22,7438.54,4534.68,New,Net Banking
ORD2913,2024-10-06 04:59:17.511502,Power Bank,Accessories,West,Mumbai,3,1650.66,10.0,4456.78,2845.64,1611.14,Regular,Net Banking
ORD2914,2024-10-06 08:29:34.434886,Power Bank,Accessories,Central,Indore,10,1811.22,0.0,18112.2,12318.61,5793.59,Regular,Net Banking
ORD2915,2024-10-06 11:59:51.358271,Headphones,Accessories,West,Pune,4,3107.34,25.0,9322.02,7736.74,1585.28,New,Credit Card
ORD2916,2024-10-06 15:30:08.281656,USB Drive,Accessories,Central,Nagpur,3,911.65,15.0,2324.71,1722.73,601.98,New,Debit Card
ORD2917,2024-10-06 19:00:25.205041,Router,Electronics,North,Lucknow,3,2365.36,10.0,6386.47,4427.7,1958.77,Regular,Credit Card
ORD2918,2024-10-06 22:30:42.128425,Printer,Electronics,East,Bhubaneswar,9,10950.38,10.0,88698.08,62148.04,26550.04,Premium,Debit Card
ORD2919,2024-10-07 02:00:59.051810,Monitor,Electronics,East,Patna,4,14660.01,15.0,49844.03,40345.97,9498.06,Regular,Credit Card
ORD2920,2024-10-07 05:31:15.975195,External Hard Drive,Electronics,East,Kolkata,9,6691.94,0.0,60227.46,36539.69,23687.77,Regular,UPI
ORD2921,2024-10-07 09:01:32.898579,Bluetooth Speaker,Accessories,North,Chandigarh,10,3295.03,5.0,31302.78,18870.4,12432.38,Regular,Debit Card
ORD2922,2024-10-07 12:31:49.821964,Monitor,Electronics,West,Mumbai,5,14209.6,5.0,67495.6,41274.99,26220.61,New,Net Banking
ORD2923,2024-10-07 16:02:06.745349,Mouse,Accessories,East,Kolkata,7,866.85,25.0,4550.96,3264.41,1286.55,New,Debit Card
ORD2924,2024-10-07 19:32:23.668733,Power Bank,Accessories,West,Surat,5,1644.57,10.0,7400.56,5515.73,1884.83,Regular,Cash
ORD2925,2024-10-07 23:02:40.592118,External Hard Drive,Electronics,East,Bhubaneswar,1,7060.29,15.0,6001.25,4537.65,1463.6,Regular,Debit Card
ORD2926,2024-10-08 02:32:57.515503,Bluetooth Speaker,Accessories,North,Delhi,2,3199.42,20.0,5119.07,4007.13,1111.94,Regular,Cash
ORD2927,2024-10-08 06:03:14.438887,Monitor,Electronics,West,Mumbai,5,13562.84,0.0,67814.2,43905.01,23909.19,Regular,Cash
ORD2928,2024-10-08 09:33:31.362272,Power Bank,Accessories,North,Jaipur,6,1727.35,5.0,9845.89,6553.14,3292.75,Premium,UPI
ORD2929,2024-10-08 13:03:48.285657,Laptop,Electronics,Central,Indore,7,50060.52,0.0,350423.64,231586.84,118836.8,Premium,Debit Card
ORD2930,2024-10-08 16:34:05.209041,External Hard Drive,Electronics,West,Mumbai,2,7144.16,0.0,14288.32,9105.85,5182.47,Regular,UPI
ORD2931,2024-10-08 20:04:22.132426,Printer,Electronics,North,Lucknow,10,11826.83,25.0,88701.22,58640.28,30060.94,New,Net Banking
ORD2932,2024-10-08 23:34:39.055811,Webcam,Electronics,Central,Bhopal,9,3613.52,0.0,32521.68,24502.26,8019.42,Regular,Debit Card
ORD2933,2024-10-09 03:04:55.979195,Router,Electronics,East,Kolkata,6,2367.1,15.0,12072.21,8349.18,3723.03,New,Credit Card
ORD2934,2024-10-09 06:35:12.902580,Tablet,Electronics,North,Delhi,2,23908.44,25.0,35862.66,28402.44,7460.22,Premium,Credit Card
ORD2935,2024-10-09 10:05:29.825965,Office Desk,Furniture,West,Surat,2,11458.02,15.0,19478.63,14299.35,5179.28,Regular,Credit Card
ORD2936,2024-10-09 13:35:46.749349,Smartphone,Electronics,South,Bengaluru,3,23801.07,25.0,53552.41,34970.25,18582.16,Regular,Cash
ORD2937,2024-10-09 17:06:03.672734,Laptop,Electronics,Central,Indore,1,52960.6,15.0,45016.51,32269.88,12746.63,Regular,Credit Card
ORD2938,2024-10-09 20:36:20.596119,Router,Electronics,Central,Nagpur,9,2481.24,25.0,16748.37,12533.51,4214.86,Regular,Net Banking
ORD2939,2024-10-10 00:06:37.519503,USB Drive,Accessories,Central,Nagpur,10,813.34,25.0,6100.05,4980.99,1119.06,New,Debit Card
ORD2940,2024-10-10 03:36:54.442888,Printer,Electronics,East,Patna,4,12234.81,10.0,44045.32,35607.53,8437.79,Premium,Debit Card
ORD2941,2024-10-10 07:07:11.366273,Webcam,Electronics,East,Patna,5,3172.17,15.0,13481.72,9526.45,3955.27,New,Cash
ORD2942,2024-10-10 10:37:28.289657,Tablet,Electronics,West,Pune,7,22172.49,10.0,139686.69,106429.94,33256.75,Regular,Cash
ORD2943,2024-10-10 14:07:45.213042,Mouse,Accessories,North,Chandigarh,1,793.26,25.0,594.94,401.26,193.68,Regular,Cash
ORD2944,2024-10-10 17:38:02.136427,Office Chair,Furniture,East,Kolkata,3,8536.58,5.0,24329.25,18447.67,5881.58,New,Net Banking
ORD2945,2024-10-10 21:08:19.059811,Power Bank,Accessories,East,Patna,3,1738.72,25.0,3912.12,3240.01,672.11,Premium,Debit Card
ORD2946,2024-10-11 00:38:35.983196,Smartwatch,Accessories,North,Delhi,2,6246.79,5.0,11868.9,8974.5,2894.4,Regular,UPI
ORD2947,2024-10-11 04:08:52.906581,Backpack,Accessories,East,Bhubaneswar,8,1623.46,5.0,12338.3,8339.99,3998.31,Regular,Cash
ORD2948,2024-10-11 07:39:09.829965,Bookshelf,Furniture,Central,Indore,5,6743.31,5.0,32030.72,24375.25,7655.47,Regular,Credit Card
ORD2949,2024-10-11 11:09:26.753350,Smartphone,Electronics,Central,Indore,1,25901.49,5.0,24606.42,20317.24,4289.18,Regular,UPI
ORD2950,2024-10-11 14:39:43.676735,Tablet,Electronics,North,Lucknow,2,20470.01,15.0,34799.02,22071.69,12727.33,New,UPI
ORD2951,2024-10-11 18:10:00.600120,Mouse,Accessories,North,Lucknow,1,809.66,20.0,647.73,466.76,180.97,Regular,Cash
ORD2952,2024-10-11 21:40:17.523504,External Hard Drive,Electronics,South,Hyderabad,6,6069.61,15.0,30955.01,21057.54,9897.47,Regular,Credit Card
ORD2953,2024-10-12 01:10:34.446889,Tablet,Electronics,Central,Indore,9,20480.95,20.0,147462.84,97379.57,50083.27,New,Cash
ORD2954,2024-10-12 04:40:51.370274,Power Bank,Accessories,North,Lucknow,7,1898.02,15.0,11293.22,7894.55,3398.67,Regular,Cash
ORD2955,2024-10-12 08:11:08.293658,Mouse,Accessories,West,Surat,5,762.64,5.0,3622.54,2530.32,1092.22,Regular,Credit Card
ORD2956,2024-10-12 11:41:25.217043,Smartwatch,Accessories,North,Lucknow,3,5850.92,0.0,17552.76,11455.08,6097.68,Regular,UPI
ORD2957,2024-10-12 15:11:42.140428,Router,Electronics,West,Surat,8,2615.01,25.0,15690.06,10997.26,4692.8,New,UPI
ORD2958,2024-10-12 18:41:59.063812,Office Chair,Furniture,South,Chennai,10,8423.14,20.0,67385.12,51107.1,16278.02,Regular,Credit Card
ORD2959,2024-10-12 22:12:15.987197,Mouse,Accessories,West,Pune,4,805.08,0.0,3220.32,1952.91,1267.41,New,UPI
ORD2960,2024-10-13 01:42:32.910582,Backpack,Accessories,South,Bengaluru,9,1950.42,5.0,16676.09,14129.76,2546.33,Regular,Net Banking
ORD2961,2024-10-13 05:12:49.833966,Bluetooth Speaker,Accessories,West,Ahmedabad,5,3032.3,20.0,12129.2,8174.91,3954.29,Premium,Cash
ORD2962,2024-10-13 08:43:06.757351,Monitor,Electronics,South,Bengaluru,6,13646.54,0.0,81879.24,61893.45,19985.79,New,Net Banking
ORD2963,2024-10-13 12:13:23.680736,Keyboard,Accessories,West,Surat,5,1526.91,15.0,6489.37,4353.64,2135.73,New,Net Banking
ORD2964,2024-10-13 15:43:40.604120,Power Bank,Accessories,Central,Bhopal,10,1652.46,5.0,15698.37,10963.49,4734.88,Regular,Net Banking
ORD2965,2024-10-13 19:13:57.527505,Mouse,Accessories,North,Delhi,7,765.14,15.0,4552.58,3356.66,1195.92,New,Debit Card
ORD2966,2024-10-13 22:44:14.450890,Bookshelf,Furniture,Central,Nagpur,7,7489.55,15.0,44562.82,33554.16,11008.66,New,Debit Card
ORD2967,2024-10-14 02:14:31.374274,Backpack,Accessories,West,Mumbai,1,1623.98,5.0,1542.78,1222.83,319.95,Regular,Net Banking
ORD2968,2024-10-14 05:44:48.297659,Monitor,Electronics,North,Delhi,2,13731.04,20.0,21969.66,17530.05,4439.61,Regular,Cash
ORD2969,2024-10-14 09:15:05.221044,Headphones,Accessories,East,Bhubaneswar,7,2918.02,25.0,15319.6,11178.34,4141.26,Regular,Net Banking
ORD2970,2024-10-14 12:45:22.144428,Printer,Electronics,North,Jaipur,8,13198.55,10.0,95029.56,58816.78,36212.78,Regular,Net Banking
ORD2971,2024-10-14 16:15:39.067813,Laptop,Electronics,West,Mumbai,4,52710.5,10.0,189757.8,140315.63,49442.17,Regular,Debit Card
ORD2972,2024-10-14 19:45:55.991198,Monitor,Electronics,West,Mumbai,6,13971.82,25.0,62873.19,45230.66,17642.53,Premium,Net Banking
ORD2973,2024-10-14 23:16:12.914582,Tablet,Electronics,North,Chandigarh,10,22217.46,5.0,211065.87,138004.71,73061.16,New,Cash
ORD2974,2024-10-15 02:46:29.837967,Smartwatch,Accessories,East,Kolkata,3,6023.11,10.0,16262.4,9798.76,6463.64,Regular,Cash
ORD2975,2024-10-15 06:16:46.761352,Headphones,Accessories,Central,Bhopal,7,2969.77,25.0,15591.29,10586.35,5004.94,Regular,Net Banking
ORD2976,2024-10-15 09:47:03.684736,Laptop,Electronics,Central,Bhopal,3,59913.19,0.0,179739.57,119503.82,60235.75,New,Cash
ORD2977,2024-10-15 13:17:20.608121,Keyboard,Accessories,East,Kolkata,7,1434.04,25.0,7528.71,5426.15,2102.56,Regular,Net Banking
ORD2978,2024-10-15 16:47:37.531506,Smartwatch,Accessories,Central,Bhopal,8,5751.99,20.0,36812.74,29096.8,7715.94,Regular,Debit Card
ORD2979,2024-10-15 20:17:54.454890,Mouse,Accessories,East,Patna,3,742.44,25.0,1670.49,1185.65,484.84,Regular,Net Banking
ORD2980,2024-10-15 23:48:11.378275,Monitor,Electronics,South,Hyderabad,2,15591.86,15.0,26506.16,22209.3,4296.86,Regular,UPI
ORD2981,2024-10-16 03:18:28.301660,Bookshelf,Furniture,Central,Bhopal,6,6749.92,15.0,34424.59,22559.41,11865.18,Regular,Debit Card
ORD2982,2024-10-16 06:48:45.225045,Router,Electronics,East,Bhubaneswar,4,2651.37,5.0,10075.21,6601.66,3473.55,Regular,Cash
ORD2983,2024-10-16 10:19:02.148429,Smartphone,Electronics,East,Patna,8,27358.79,15.0,186039.77,139736.78,46302.99,New,Cash
ORD2984,2024-10-16 13:49:19.071814,Printer,Electronics,East,Patna,2,10904.84,0.0,21809.68,17972.61,3837.07,Regular,Debit Card
ORD2985,2024-10-16 17:19:35.995199,Office Desk,Furniture,Central,Nagpur,4,13183.49,25.0,39550.47,30373.35,9177.12,New,UPI
ORD2986,2024-10-16 20:49:52.918583,Headphones,Accessories,Central,Indore,2,2852.46,0.0,5704.92,4383.77,1321.15,New,Debit Card
ORD2987,2024-10-17 00:20:09.841968,Keyboard,Accessories,East,Kolkata,2,1476.03,5.0,2804.46,2247.98,556.48,Regular,Credit Card
ORD2988,2024-10-17 03:50:26.765353,Headphones,Accessories,South,Chennai,2,3166.65,15.0,5383.3,4129.91,1253.39,New,UPI
ORD2989,2024-10-17 07:20:43.688737,External Hard Drive,Electronics,East,Kolkata,1,6714.93,10.0,6043.44,4773.33,1270.11,New,Debit Card
ORD2990,2024-10-17 10:51:00.612122,Tablet,Electronics,West,Mumbai,4,23225.12,25.0,69675.36,56892.15,12783.21,New,Credit Card
ORD2991,2024-10-17 14:21:17.535507,Office Desk,Furniture,South,Bengaluru,2,11919.2,10.0,21454.56,12915.17,8539.39,Regular,Net Banking
ORD2992,2024-10-17 17:51:34.458891,Tablet,Electronics,West,Ahmedabad,9,23830.7,20.0,171581.04,140937.65,30643.39,New,UPI
ORD2993,2024-10-17 21:21:51.382276,Keyboard,Accessories,East,Bhubaneswar,9,1586.98,5.0,13568.68,8871.42,4697.26,Regular,Net Banking
ORD2994,2024-10-18 00:52:08.305661,Smartphone,Electronics,South,Chennai,7,24046.14,20.0,134658.38,111500.69,23157.69,New,Credit Card
ORD2995,2024-10-18 04:22:25.229045,Office Desk,Furniture,North,Chandigarh,6,13076.35,10.0,70612.29,47066.33,23545.96,Regular,Cash
ORD2996,2024-10-18 07:52:42.152430,Smartphone,Electronics,South,Chennai,3,27305.27,10.0,73724.23,52625.07,21099.16,Premium,Cash
ORD2997,2024-10-18 11:22:59.075815,Keyboard,Accessories,Central,Indore,7,1474.52,10.0,9289.48,7742.51,1546.97,Regular,Cash
ORD2998,2024-10-18 14:53:15.999199,Router,Electronics,South,Bengaluru,1,2575.98,20.0,2060.78,1293.01,767.77,Regular,Net Banking
ORD2999,2024-10-18 18:23:32.922584,Tablet,Electronics,North,Jaipur,9,23384.98,5.0,199941.58,157218.22,42723.36,Regular,UPI
ORD3000,2024-10-18 21:53:49.845969,Smartphone,Electronics,East,Bhubaneswar,4,26586.5,25.0,79759.5,55681.08,24078.42,Regular,Net Banking
ORD3001,2024-10-19 01:24:06.769353,Gaming Mouse,Accessories,South,Hyderabad,6,1986.21,25.0,8937.94,5416.62,3521.32,Regular,Net Banking
ORD3002,2024-10-19 04:54:23.692738,Headphones,Accessories,North,Jaipur,6,3077.41,0.0,18464.46,15413.82,3050.64,New,Cash
ORD3003,2024-10-19 08:24:40.616123,Office Desk,Furniture,South,Chennai,3,13136.88,0.0,39410.64,24807.31,14603.33,Regular,Net Banking
ORD3004,2024-10-19 11:54:57.539507,Monitor,Electronics,East,Bhubaneswar,4,14194.04,10.0,51098.54,40548.5,10550.04,Premium,Credit Card
ORD3005,2024-10-19 15:25:14.462892,Printer,Electronics,West,Ahmedabad,10,12709.46,5.0,120739.87,84043.1,36696.77,Regular,Debit Card
ORD3006,2024-10-19 18:55:31.386277,Bookshelf,Furniture,South,Bengaluru,3,7047.95,5.0,20086.66,16122.47,3964.19,Premium,Debit Card
ORD3007,2024-10-19 22:25:48.309661,Webcam,Electronics,East,Bhubaneswar,6,3305.03,15.0,16855.65,13275.03,3580.62,Regular,Debit Card
ORD3008,2024-10-20 01:56:05.233046,USB Drive,Accessories,Central,Indore,1,819.19,15.0,696.31,528.02,168.29,Regular,Cash
ORD3009,2024-10-20 05:26:22.156431,Power Bank,Accessories,South,Bengaluru,8,1893.57,20.0,12118.85,10116.88,2001.97,Regular,Cash
ORD3010,2024-10-20 08:56:39.079815,USB Drive,Accessories,South,Chennai,8,866.96,15.0,5895.33,3682.99,2212.34,Regular,Debit Card
ORD3011,2024-10-20 12:26:56.003200,Office Desk,Furniture,South,Hyderabad,9,11701.41,25.0,78984.52,63159.56,15824.96,Regular,UPI
ORD3012,2024-10-20 15:57:12.926585,Router,Electronics,East,Patna,6,2492.62,25.0,11216.79,8611.09,2605.7,New,Debit Card
ORD3013,2024-10-20 19:27:29.849969,USB Drive,Accessories,West,Surat,1,901.3,20.0,721.04,489.36,231.68,Regular,Net Banking
ORD3014,2024-10-20 22:57:46.773354,Office Desk,Furniture,South,Bengaluru,3,11294.85,0.0,33884.55,24955.74,8928.81,Premium,Debit Card
ORD3015,2024-10-21 02:28:03.696739,Headphones,Accessories,West,Pune,1,3102.39,10.0,2792.15,2125.26,666.89,Regular,Debit Card
ORD3016,2024-10-21 05:58:20.620124,Gaming Mouse,Accessories,North,Delhi,5,2284.72,5.0,10852.42,8509.03,2343.39,New,UPI
ORD3017,2024-10-21 09:28:37.543508,Tablet,Electronics,East,Kolkata,3,20426.12,0.0,61278.36,39632.69,21645.67,New,Cash
ORD3018,2024-10-21 12:58:54.466893,USB Drive,Accessories,West,Pune,2,905.92,25.0,1358.88,850.02,508.86,Premium,Cash
ORD3019,2024-10-21 16:29:11.390278,Bookshelf,Furniture,South,Hyderabad,3,7152.96,0.0,21458.88,13422.83,8036.05,New,Net Banking
ORD3020,2024-10-21 19:59:28.313662,Bluetooth Speaker,Accessories,West,Pune,9,2811.75,20.0,20244.6,13634.07,6610.53,Regular,Debit Card
ORD3021,2024-10-21 23:29:45.237047,Headphones,Accessories,South,Chennai,8,3236.68,10.0,23304.1,14880.68,8423.42,New,Credit Card
ORD3022,2024-10-22 03:00:02.160432,Printer,Electronics,West,Ahmedabad,3,11958.78,25.0,26907.26,19747.52,7159.74,New,Net Banking
ORD3023,2024-10-22 06:30:19.083816,Gaming Mouse,Accessories,North,Delhi,2,2030.61,20.0,3248.98,2304.37,944.61,Regular,Cash
ORD3024,2024-10-22 10:00:36.007201,Headphones,Accessories,Central,Bhopal,5,2900.64,0.0,14503.2,11940.0,2563.2,New,UPI
ORD3025,2024-10-22 13:30:52.930586,Office Desk,Furniture,North,Chandigarh,1,11944.71,5.0,11347.47,8843.66,2503.81,Regular,Cash
ORD3026,2024-10-22 17:01:09.853970,Laptop,Electronics,Central,Indore,4,49611.59,15.0,168679.41,109886.72,58792.69,Regular,Cash
ORD3027,2024-10-22 20:31:26.777355,Gaming Mouse,Accessories,South,Bengaluru,8,1994.04,20.0,12761.86,7803.01,4958.85,Regular,UPI
ORD3028,2024-10-23 00:01:43.700740,Keyboard,Accessories,West,Mumbai,1,1366.66,25.0,1025.0,796.72,228.28,Regular,Debit Card
ORD3029,2024-10-23 03:32:00.624124,External Hard Drive,Electronics,South,Bengaluru,5,6549.58,0.0,32747.9,26573.51,6174.39,Premium,Debit Card
ORD3030,2024-10-23 07:02:17.547509,Headphones,Accessories,Central,Indore,4,2901.65,15.0,9865.61,7648.3,2217.31,Regular,Cash
ORD3031,2024-10-23 10:32:34.470894,Mouse,Accessories,North,Jaipur,6,862.9,15.0,4400.79,3348.77,1052.02,New,Net Banking
ORD3032,2024-10-23 14:02:51.394278,Laptop,Electronics,North,Lucknow,7,55651.57,0.0,389560.99,258017.45,131543.54,New,Credit Card
ORD3033,2024-10-23 17:33:08.317663,USB Drive,Accessories,East,Bhubaneswar,9,946.78,10.0,7668.92,5549.62,2119.3,Regular,Net Banking
ORD3034,2024-10-23 21:03:25.241048,Office Desk,Furniture,North,Jaipur,1,12449.12,0.0,12449.12,9725.76,2723.36,Premium,Net Banking
ORD3035,2024-10-24 00:33:42.164432,Keyboard,Accessories,North,Jaipur,10,1506.1,25.0,11295.75,7323.53,3972.22,Regular,Cash
ORD3036,2024-10-24 04:03:59.087817,Gaming Mouse,Accessories,Central,Nagpur,4,2307.68,5.0,8769.18,6306.23,2462.95,New,Cash
ORD3037,2024-10-24 07:34:16.011202,Smartphone,Electronics,Central,Nagpur,6,25223.53,25.0,113505.88,71424.38,42081.5,Regular,Credit Card
ORD3038,2024-10-24 11:04:32.934586,Backpack,Accessories,South,Chennai,10,1758.76,15.0,14949.46,10953.17,3996.29,Regular,Credit Card
ORD3039,2024-10-24 14:34:49.857971,Monitor,Electronics,Central,Bhopal,7,14807.41,5.0,98469.28,73200.52,25268.76,Regular,Credit Card
ORD3040,2024-10-24 18:05:06.781356,Laptop,Electronics,East,Patna,7,58723.51,20.0,328851.66,241326.61,87525.05,New,Cash
ORD3041,2024-10-24 21:35:23.704740,External Hard Drive,Electronics,South,Bengaluru,8,6582.26,15.0,44759.37,32108.86,12650.51,New,Cash
ORD3042,2024-10-25 01:05:40.628125,Bookshelf,Furniture,West,Ahmedabad,10,6828.21,10.0,61453.89,45897.67,15556.22,New,Net Banking
ORD3043,2024-10-25 04:35:57.551510,Smartphone,Electronics,West,Surat,8,23398.72,0.0,187189.76,158961.52,28228.24,New,Cash
ORD3044,2024-10-25 08:06:14.474894,Smartwatch,Accessories,Central,Bhopal,8,5994.43,20.0,38364.35,28989.41,9374.94,Premium,Debit Card
ORD3045,2024-10-25 11:36:31.398279,Smartphone,Electronics,South,Hyderabad,8,23762.02,25.0,142572.12,112367.07,30205.05,New,Debit Card
ORD3046,2024-10-25 15:06:48.321664,Smartwatch,Accessories,West,Mumbai,8,6546.7,5.0,49754.92,32242.69,17512.23,Regular,Credit Card
ORD3047,2024-10-25 18:37:05.245049,Laptop,Electronics,North,Lucknow,6,54900.8,20.0,263523.84,193032.75,70491.09,Regular,Cash
ORD3048,2024-10-25 22:07:22.168433,Office Chair,Furniture,North,Lucknow,9,8116.11,10.0,65740.49,39567.65,26172.84,Regular,Debit Card
ORD3049,2024-10-26 01:37:39.091818,Tablet,Electronics,North,Chandigarh,3,20208.66,0.0,60625.98,36852.38,23773.6,Premium,Net Banking
ORD3050,2024-10-26 05:07:56.015203,Gaming Mouse,Accessories,Central,Indore,6,2105.1,20.0,10104.48,6877.31,3227.17,Regular,UPI
ORD3051,2024-10-26 08:38:12.938587,Monitor,Electronics,Central,Bhopal,5,13776.49,25.0,51661.84,37023.46,14638.38,Premium,Net Banking
ORD3052,2024-10-26 12:08:29.861972,External Hard Drive,Electronics,West,Unknown,8,7012.15,5.0,53292.34,39644.66,13647.68,New,UPI
ORD3053,2024-10-26 15:38:46.785357,Keyboard,Accessories,East,Patna,4,1606.31,20.0,5140.19,4225.24,914.95,New,Net Banking
ORD3054,2024-10-26 19:09:03.708741,Tablet,Electronics,South,Chennai,4,24071.79,0.0,96287.16,76349.85,19937.31,New,Debit Card
ORD3055,2024-10-26 22:39:20.632126,Office Chair,Furniture,North,Chandigarh,10,9371.64,25.0,70287.3,47443.52,22843.78,New,Cash
ORD3056,2024-10-27 02:09:37.555511,Webcam,Electronics,South,Chennai,10,3601.83,20.0,28814.64,22644.59,6170.05,Regular,UPI
ORD3057,2024-10-27 05:39:54.478895,Printer,Electronics,South,Chennai,5,13016.39,5.0,61827.85,45588.63,16239.22,Premium,Cash
ORD3058,2024-10-27 09:10:11.402280,Gaming Mouse,Accessories,West,Ahmedabad,6,2396.41,0.0,14378.46,11427.93,2950.53,New,Cash
ORD3059,2024-10-27 12:40:28.325665,Power Bank,Accessories,East,Bhubaneswar,4,1935.9,10.0,6969.24,4897.72,2071.52,Premium,Debit Card
ORD3060,2024-10-27 16:10:45.249049,Office Desk,Furniture,North,Jaipur,2,12867.53,10.0,23161.55,14429.03,8732.52,Regular,Credit Card
ORD3061,2024-10-27 19:41:02.172434,Webcam,Electronics,North,Jaipur,2,3620.19,15.0,6154.32,4644.18,1510.14,Regular,Credit Card
ORD3062,2024-10-27 23:11:19.095819,Router,Electronics,North,Jaipur,3,2250.8,20.0,5401.92,3993.42,1408.5,New,UPI
ORD3063,2024-10-28 02:41:36.019203,Power Bank,Accessories,East,Kolkata,2,1774.63,5.0,3371.8,2826.92,544.88,New,Debit Card
ORD3064,2024-10-28 06:11:52.942588,Keyboard,Accessories,Central,Bhopal,1,1540.7,20.0,1232.56,789.49,443.07,Premium,Cash
ORD3065,2024-10-28 09:42:09.865973,External Hard Drive,Electronics,West,Mumbai,8,6561.27,0.0,52490.16,40104.23,12385.93,New,Net Banking
ORD3066,2024-10-28 13:12:26.789357,Bookshelf,Furniture,Central,Bhopal,5,7449.58,15.0,31660.72,22748.81,8911.91,Regular,Net Banking
ORD3067,2024-10-28 16:42:43.712742,Tablet,Electronics,East,Patna,10,23403.17,5.0,222330.11,154459.53,67870.58,Regular,UPI
ORD3068,2024-10-28 20:13:00.636127,Power Bank,Accessories,South,Chennai,1,1835.53,20.0,1468.42,1172.74,295.68,Premium,UPI
ORD3069,2024-10-28 23:43:17.559511,Backpack,Accessories,North,Lucknow,9,1627.92,5.0,13918.72,11172.04,2746.68,Regular,UPI
ORD3070,2024-10-29 03:13:34.482896,Keyboard,Accessories,Central,Indore,8,1460.8,0.0,11686.4,9099.62,2586.78,New,Debit Card
ORD3071,2024-10-29 06:43:51.406281,Tablet,Electronics,West,Pune,4,20806.79,15.0,70743.09,43924.41,26818.68,Regular,Net Banking
ORD3072,2024-10-29 10:14:08.329665,USB Drive,Accessories,North,Chandigarh,8,870.98,5.0,6619.45,4542.78,2076.67,New,Debit Card
ORD3073,2024-10-29 13:44:25.253050,Mouse,Accessories,East,Bhubaneswar,10,818.77,0.0,8187.7,5008.31,3179.39,Regular,Debit Card
ORD3074,2024-10-29 17:14:42.176435,Gaming Mouse,Accessories,East,Kolkata,7,2009.24,10.0,12658.21,8682.52,3975.69,New,Cash
ORD3075,2024-10-29 20:44:59.099819,Backpack,Accessories,West,Mumbai,7,1628.01,5.0,10826.27,8249.4,2576.87,Regular,Debit Card
ORD3076,2024-10-30 00:15:16.023204,Smartwatch,Accessories,Central,Indore,1,5924.25,15.0,5035.61,3674.37,1361.24,New,Debit Card
ORD3077,2024-10-30 03:45:32.946589,Webcam,Electronics,West,Surat,6,3705.5,25.0,16674.75,12935.17,3739.58,Premium,Cash
ORD3078,2024-10-30 07:15:49.869973,Tablet,Electronics,East,Kolkata,4,19935.07,25.0,59805.21,44128.2,15677.01,Regular,Credit Card
ORD3079,2024-10-30 10:46:06.793358,Smartphone,Electronics,North,Delhi,10,26745.24,5.0,254079.78,187753.13,66326.65,Premium,Cash
ORD3080,2024-10-30 14:16:23.716743,Smartphone,Electronics,North,Chandigarh,10,24419.4,5.0,231984.3,168824.56,63159.74,New,UPI
ORD3081,2024-10-30 17:46:40.640128,Tablet,Electronics,North,Chandigarh,10,20320.24,0.0,203202.4,140429.39,62773.01,Regular,Credit Card
ORD3082,2024-10-30 21:16:57.563512,External Hard Drive,Electronics,North,Lucknow,2,6587.75,20.0,10540.4,7500.98,3039.42,Regular,Net Banking
ORD3083,2024-10-31 00:47:14.486897,Backpack,Accessories,West,Surat,10,1962.85,25.0,14721.38,9246.64,5474.74,Regular,Debit Card
ORD3084,2024-10-31 04:17:31.410282,Gaming Mouse,Accessories,West,Pune,7,2218.71,20.0,12424.78,10047.01,2377.77,Premium,Credit Card
ORD3085,2024-10-31 07:47:48.333666,External Hard Drive,Electronics,North,Chandigarh,9,6742.63,25.0,45512.75,37425.27,8087.48,Premium,Net Banking
ORD3086,2024-10-31 11:18:05.257051,Power Bank,Accessories,Central,Indore,5,1913.91,5.0,9091.07,7196.2,1894.87,New,Cash
ORD3087,2024-10-31 14:48:22.180436,Smartphone,Electronics,North,Lucknow,8,26496.7,15.0,180177.56,134393.81,45783.75,Premium,Cash
ORD3088,2024-10-31 18:18:39.103820,Laptop,Electronics,South,Bengaluru,5,50304.31,15.0,213793.32,158697.67,55095.65,Regular,UPI
ORD3089,2024-10-31 21:48:56.027205,Monitor,Electronics,South,Chennai,7,15722.99,25.0,82545.7,59233.22,23312.48,Premium,UPI
ORD3090,2024-11-01 01:19:12.950590,Backpack,Accessories,South,Bengaluru,7,1961.8,25.0,10299.45,6775.36,3524.09,Regular,Credit Card
ORD3091,2024-11-01 04:49:29.873974,Laptop,Electronics,South,Hyderabad,9,57207.17,0.0,514864.53,358320.46,156544.07,Premium,Debit Card
ORD3092,2024-11-01 08:19:46.797359,Backpack,Accessories,East,Kolkata,3,1921.12,5.0,5475.19,4640.09,835.1,Premium,Cash
ORD3093,2024-11-01 11:50:03.720744,USB Drive,Accessories,East,Kolkata,1,897.4,5.0,852.53,542.59,309.94,New,Credit Card
ORD3094,2024-11-01 15:20:20.644128,Backpack,Accessories,Central,Bhopal,2,1734.86,20.0,2775.78,2042.06,733.72,Regular,Credit Card
ORD3095,2024-11-01 18:50:37.567513,Gaming Mouse,Accessories,North,Jaipur,6,2277.55,0.0,13665.3,11159.51,2505.79,New,Credit Card
ORD3096,2024-11-01 22:20:54.490898,Tablet,Electronics,North,Chandigarh,10,21965.68,10.0,197691.12,141003.27,56687.85,Regular,UPI
ORD3097,2024-11-02 01:51:11.414282,Tablet,Electronics,North,Delhi,10,23739.27,15.0,201783.8,151620.87,50162.93,Regular,Cash
ORD3098,2024-11-02 05:21:28.337667,Smartwatch,Accessories,West,Pune,9,6569.26,15.0,50254.84,40553.06,9701.78,Regular,UPI
ORD3099,2024-11-02 08:51:45.261052,Keyboard,Accessories,North,Jaipur,3,1595.94,5.0,4548.43,3351.69,1196.74,Regular,UPI
ORD3100,2024-11-02 12:22:02.184436,Bookshelf,Furniture,Central,Nagpur,10,7689.75,0.0,76897.5,60200.54,16696.96,Regular,Credit Card
ORD3101,2024-11-02 15:52:19.107821,Smartphone,Electronics,East,Bhubaneswar,2,24241.85,10.0,43635.33,29969.53,13665.8,New,Net Banking
ORD3102,2024-11-02 19:22:36.031206,Headphones,Accessories,East,Bhubaneswar,1,3237.45,15.0,2751.83,2155.39,596.44,New,Net Banking
ORD3103,2024-11-02 22:52:52.954590,Smartphone,Electronics,West,Mumbai,2,24149.67,0.0,48299.34,29474.93,18824.41,Regular,Net Banking
ORD3104,2024-11-03 02:23:09.877975,Monitor,Electronics,North,Chandigarh,3,13854.11,10.0,37406.1,23873.5,13532.6,New,Credit Card
ORD3105,2024-11-03 05:53:26.801360,Webcam,Electronics,North,Delhi,7,3584.96,25.0,18821.04,14291.27,4529.77,New,Debit Card
ORD3106,2024-11-03 09:23:43.724744,Monitor,Electronics,South,Chennai,2,14864.97,5.0,28243.44,20116.07,8127.37,Regular,Cash
ORD3107,2024-11-03 12:54:00.648129,Bookshelf,Furniture,West,Surat,5,7590.38,20.0,30361.52,24504.4,5857.12,New,Credit Card
ORD3108,2024-11-03 16:24:17.571514,Office Desk,Furniture,South,Bengaluru,2,11981.27,15.0,20368.16,13962.24,6405.92,New,Credit Card
ORD3109,2024-11-03 19:54:34.494898,Bookshelf,Furniture,North,Jaipur,7,7598.69,15.0,45212.21,35799.12,9413.09,New,UPI
ORD3110,2024-11-03 23:24:51.418283,Backpack,Accessories,Central,Bhopal,10,1648.31,10.0,14834.79,9416.8,5417.99,Premium,Net Banking
ORD3111,2024-11-04 02:55:08.341668,Gaming Mouse,Accessories,North,Chandigarh,8,2345.43,20.0,15010.75,12497.0,2513.75,New,Credit Card
ORD3112,2024-11-04 06:25:25.265053,External Hard Drive,Electronics,Central,Bhopal,8,6836.85,25.0,41021.1,28903.87,12117.23,Premium,Debit Card
ORD3113,2024-11-04 09:55:42.188437,Keyboard,Accessories,West,Mumbai,8,1565.99,0.0,12527.92,8239.93,4287.99,New,Cash
ORD3114,2024-11-04 13:25:59.111822,Office Chair,Furniture,South,Hyderabad,10,8739.24,5.0,83022.78,66193.07,16829.71,Premium,Debit Card
ORD3115,2024-11-04 16:56:16.035207,Smartphone,Electronics,North,Jaipur,9,26418.8,0.0,237769.2,199006.05,38763.15,Regular,Credit Card
ORD3116,2024-11-04 20:26:32.958591,Bluetooth Speaker,Accessories,North,Lucknow,1,2989.98,10.0,2690.98,2232.22,458.76,Regular,Credit Card
ORD3117,2024-11-04 23:56:49.881976,Bluetooth Speaker,Accessories,West,Ahmedabad,1,3129.12,15.0,2659.75,1754.06,905.69,Premium,UPI
ORD3118,2024-11-05 03:27:06.805361,Printer,Electronics,West,Surat,10,12125.35,25.0,90940.12,69842.19,21097.93,Regular,Debit Card
ORD3119,2024-11-05 06:57:23.728745,Bluetooth Speaker,Accessories,West,Ahmedabad,2,2794.46,15.0,4750.58,3499.82,1250.76,Premium,UPI
ORD3120,2024-11-05 10:27:40.652130,Smartphone,Electronics,Central,Indore,6,22822.79,0.0,136936.74,106985.39,29951.35,Regular,Debit Card
ORD3121,2024-11-05 13:57:57.575515,Power Bank,Accessories,West,Pune,1,1751.83,25.0,1313.87,948.26,365.61,Regular,Net Banking
ORD3122,2024-11-05 17:28:14.498899,Smartphone,Electronics,North,Jaipur,5,27163.94,5.0,129028.71,92570.46,36458.25,Regular,Net Banking
ORD3123,2024-11-05 20:58:31.422284,Office Chair,Furniture,South,Hyderabad,5,9053.52,10.0,40740.84,33435.06,7305.78,Premium,Debit Card
ORD3124,2024-11-06 00:28:48.345669,External Hard Drive,Electronics,Central,Nagpur,4,6892.85,5.0,26192.83,21420.87,4771.96,Regular,UPI
ORD3125,2024-11-06 03:59:05.269053,Webcam,Electronics,South,Hyderabad,5,3553.17,10.0,15989.26,12741.83,3247.43,New,Net Banking
ORD3126,2024-11-06 07:29:22.192438,Smartwatch,Accessories,North,Jaipur,1,6549.49,5.0,6222.02,4829.68,1392.34,Regular,Credit Card
ORD3127,2024-11-06 10:59:39.115823,Bluetooth Speaker,Accessories,West,Pune,6,2921.67,0.0,17530.02,13490.96,4039.06,Premium,Cash
ORD3128,2024-11-06 14:29:56.039207,Smartwatch,Accessories,East,Bhubaneswar,7,5468.46,20.0,30623.38,18804.15,11819.23,Regular,UPI
ORD3129,2024-11-06 18:00:12.962592,Tablet,Electronics,Central,Bhopal,8,23234.94,25.0,139409.64,109768.93,29640.71,Premium,Debit Card
ORD3130,2024-11-06 21:30:29.885977,Smartwatch,Accessories,West,Mumbai,2,6246.55,10.0,11243.79,8539.95,2703.84,New,Cash
ORD3131,2024-11-07 01:00:46.809361,Backpack,Accessories,North,Jaipur,7,1809.91,0.0,12669.37,8559.46,4109.91,Regular,Cash
ORD3132,2024-11-07 04:31:03.732746,Bluetooth Speaker,Accessories,Central,Indore,6,2895.83,15.0,14768.73,11889.2,2879.53,Regular,Credit Card
ORD3133,2024-11-07 08:01:20.656131,Mouse,Accessories,South,Hyderabad,9,750.12,15.0,5738.42,4637.28,1101.14,New,UPI
ORD3134,2024-11-07 11:31:37.579515,USB Drive,Accessories,South,Bengaluru,8,896.81,5.0,6815.76,5677.85,1137.91,Regular,Cash
ORD3135,2024-11-07 15:01:54.502900,USB Drive,Accessories,East,Bhubaneswar,4,929.92,0.0,3719.68,2227.72,1491.96,Regular,UPI
ORD3136,2024-11-07 18:32:11.426285,Laptop,Electronics,North,Chandigarh,9,55867.75,20.0,402247.8,296783.45,105464.35,New,Credit Card
ORD3137,2024-11-07 22:02:28.349669,Monitor,Electronics,East,Bhubaneswar,1,14812.47,10.0,13331.22,11018.1,2313.12,New,Debit Card
ORD3138,2024-11-08 01:32:45.273054,Monitor,Electronics,North,Jaipur,6,15119.08,5.0,86178.76,58532.64,27646.12,New,Cash
ORD3139,2024-11-08 05:03:02.196439,Mouse,Accessories,East,Bhubaneswar,8,737.27,10.0,5308.34,4242.22,1066.12,Regular,Cash
ORD3140,2024-11-08 08:33:19.119823,Headphones,Accessories,South,Chennai,4,3117.5,10.0,11223.0,9517.01,1705.99,Regular,Cash
ORD3141,2024-11-08 12:03:36.043208,Router,Electronics,West,Pune,2,2617.13,0.0,5234.26,3993.66,1240.6,New,UPI
ORD3142,2024-11-08 15:33:52.966593,Printer,Electronics,Central,Indore,2,10827.49,15.0,18406.73,15570.73,2836.0,Regular,Cash
ORD3143,2024-11-08 19:04:09.889977,Mouse,Accessories,North,Lucknow,10,763.28,25.0,5724.6,4172.96,1551.64,New,UPI
ORD3144,2024-11-08 22:34:26.813362,Gaming Mouse,Accessories,South,Chennai,1,2020.53,10.0,1818.48,1160.67,657.81,Premium,Net Banking
ORD3145,2024-11-09 02:04:43.736747,Gaming Mouse,Accessories,South,Hyderabad,5,2419.22,20.0,9676.88,6230.93,3445.95,New,Net Banking
ORD3146,2024-11-09 05:35:00.660132,Monitor,Electronics,North,Chandigarh,6,15280.03,20.0,73344.14,57416.99,15927.15,Premium,UPI
ORD3147,2024-11-09 09:05:17.583516,Keyboard,Accessories,West,Mumbai,4,1489.72,25.0,4469.16,2682.51,1786.65,Regular,Net Banking
ORD3148,2024-11-09 12:35:34.506901,Mouse,Accessories,West,Surat,4,794.08,15.0,2699.87,2066.67,633.2,Premium,Credit Card
ORD3149,2024-11-09 16:05:51.430286,External Hard Drive,Electronics,North,Delhi,5,7104.21,15.0,30192.89,19257.57,10935.32,New,Credit Card
ORD3150,2024-11-09 19:36:08.353670,Printer,Electronics,South,Chennai,5,12383.65,5.0,58822.34,49769.12,9053.22,New,Net Banking
ORD3151,2024-11-09 23:06:25.277055,Gaming Mouse,Accessories,North,Delhi,9,2054.21,5.0,17563.5,11254.37,6309.13,Regular,Debit Card
ORD3152,2024-11-10 02:36:42.200440,Tablet,Electronics,West,Pune,8,21771.9,5.0,165466.44,122133.43,43333.01,New,UPI
ORD3153,2024-11-10 06:06:59.123824,Mouse,Accessories,North,Jaipur,9,843.87,15.0,6455.61,4953.79,1501.82,Regular,Net Banking
ORD3154,2024-11-10 09:37:16.047209,Backpack,Accessories,Central,Bhopal,3,1772.41,10.0,4785.51,3851.73,933.78,Regular,UPI
ORD3155,2024-11-10 13:07:32.970594,Mouse,Accessories,West,Surat,3,769.53,0.0,2308.59,1650.22,658.37,Regular,Net Banking
ORD3156,2024-11-10 16:37:49.893978,Printer,Electronics,South,Hyderabad,1,13178.92,25.0,9884.19,8237.98,1646.21,Premium,Credit Card
ORD3157,2024-11-10 20:08:06.817363,Printer,Electronics,West,Pune,10,13045.53,25.0,97841.48,70451.89,27389.59,Premium,Debit Card
ORD3158,2024-11-10 23:38:23.740748,Smartphone,Electronics,Central,Nagpur,6,27207.8,25.0,122435.1,81176.31,41258.79,Regular,UPI
ORD3159,2024-11-11 03:08:40.664132,Keyboard,Accessories,West,Pune,4,1389.5,5.0,5280.1,3950.88,1329.22,Regular,Debit Card
ORD3160,2024-11-11 06:38:57.587517,Webcam,Electronics,North,Jaipur,8,3313.98,0.0,26511.84,20268.34,6243.5,Premium,Credit Card
ORD3161,2024-11-11 10:09:14.510902,Power Bank,Accessories,South,Chennai,2,1779.14,20.0,2846.62,2069.06,777.56,Premium,Cash
ORD3162,2024-11-11 13:39:31.434286,Mouse,Accessories,Central,Nagpur,2,853.14,15.0,1450.34,1136.04,314.3,New,Cash
ORD3163,2024-11-11 17:09:48.357671,Printer,Electronics,West,Ahmedabad,7,12568.39,20.0,70382.98,49631.98,20751.0,Regular,UPI
ORD3164,2024-11-11 20:40:05.281056,Laptop,Electronics,West,Surat,5,58846.34,5.0,279520.11,168015.12,111504.99,New,Credit Card
ORD3165,2024-11-12 00:10:22.204440,Bookshelf,Furniture,Central,Indore,1,7589.07,10.0,6830.16,4549.81,2280.35,Premium,UPI
ORD3166,2024-11-12 03:40:39.127825,External Hard Drive,Electronics,Central,Indore,7,6865.0,5.0,45652.25,38187.03,7465.22,New,UPI
ORD3167,2024-11-12 07:10:56.051210,Bookshelf,Furniture,Central,Bhopal,7,6666.48,0.0,46665.36,36903.24,9762.12,Regular,UPI
ORD3168,2024-11-12 10:41:12.974594,External Hard Drive,Electronics,North,Jaipur,10,6221.08,5.0,59100.26,38260.53,20839.73,Regular,Debit Card
ORD3169,2024-11-12 14:11:29.897979,Printer,Electronics,East,Bhubaneswar,6,11645.97,25.0,52406.86,32317.38,20089.48,Premium,Net Banking
ORD3170,2024-11-12 17:41:46.821364,Bookshelf,Furniture,West,Mumbai,4,6724.31,10.0,24207.52,16647.49,7560.03,Regular,Credit Card
ORD3171,2024-11-12 21:12:03.744748,Monitor,Electronics,West,Surat,8,14247.3,10.0,102580.56,82995.42,19585.14,New,Debit Card
ORD3172,2024-11-13 00:42:20.668133,Router,Electronics,West,Pune,2,2626.24,15.0,4464.61,2797.06,1667.55,Regular,Net Banking
ORD3173,2024-11-13 04:12:37.591518,Tablet,Electronics,North,Unknown,2,19949.56,15.0,33914.25,24955.41,8958.84,Premium,UPI
ORD3174,2024-11-13 07:42:54.514902,Router,Electronics,West,Pune,2,2614.2,25.0,3921.3,2622.37,1298.93,Regular,Cash
ORD3175,2024-11-13 11:13:11.438287,Office Chair,Furniture,West,Surat,3,9582.41,10.0,25872.51,20221.02,5651.49,Regular,Debit Card
ORD3176,2024-11-13 14:43:28.361672,Gaming Mouse,Accessories,North,Chandigarh,6,2009.06,25.0,9040.77,5425.39,3615.38,Regular,Credit Card
ORD3177,2024-11-13 18:13:45.285057,Monitor,Electronics,East,Kolkata,1,13685.54,10.0,12316.99,8243.68,4073.31,Regular,Credit Card
ORD3178,2024-11-13 21:44:02.208441,Smartphone,Electronics,North,Chandigarh,2,23927.32,0.0,47854.64,36839.1,11015.54,Regular,Net Banking
ORD3179,2024-11-14 01:14:19.131826,Gaming Mouse,Accessories,South,Chennai,10,2071.65,5.0,19680.68,14498.51,5182.17,New,Debit Card
ORD3180,2024-11-14 04:44:36.055211,USB Drive,Accessories,North,Delhi,2,914.6,15.0,1554.82,1235.64,319.18,Regular,UPI
ORD3181,2024-11-14 08:14:52.978595,External Hard Drive,Electronics,East,Bhubaneswar,1,6728.09,0.0,6728.09,4302.07,2426.02,Premium,Net Banking
ORD3182,2024-11-14 11:45:09.901980,Headphones,Accessories,East,Kolkata,3,3080.49,5.0,8779.4,6433.05,2346.35,New,Credit Card
ORD3183,2024-11-14 15:15:26.825365,Tablet,Electronics,West,Ahmedabad,10,21372.33,15.0,181664.81,117890.01,63774.8,Regular,Debit Card
ORD3184,2024-11-14 18:45:43.748749,Smartwatch,Accessories,West,Ahmedabad,7,5998.08,25.0,31489.92,23926.2,7563.72,New,Cash
ORD3185,2024-11-14 22:16:00.672134,Gaming Mouse,Accessories,Central,Nagpur,1,2261.6,0.0,2261.6,1431.22,830.38,New,UPI
ORD3186,2024-11-15 01:46:17.595519,Keyboard,Accessories,South,Chennai,7,1385.83,20.0,7760.65,4944.88,2815.77,Regular,Credit Card
ORD3187,2024-11-15 05:16:34.518903,Power Bank,Accessories,North,Lucknow,5,1702.62,20.0,6810.48,4645.1,2165.38,Regular,Debit Card
ORD3188,2024-11-15 08:46:51.442288,Power Bank,Accessories,Central,Nagpur,9,1940.58,15.0,14845.44,10398.88,4446.56,New,Cash
ORD3189,2024-11-15 12:17:08.365673,Bookshelf,Furniture,North,Jaipur,2,6779.26,0.0,13558.52,9825.04,3733.48,Regular,Credit Card
ORD3190,2024-11-15 15:47:25.289057,Router,Electronics,Central,Bhopal,1,2650.58,5.0,2518.05,1876.39,641.66,Regular,Cash
ORD3191,2024-11-15 19:17:42.212442,Smartwatch,Accessories,Central,Indore,9,5701.19,5.0,48745.17,34960.2,13784.97,New,Credit Card
ORD3192,2024-11-15 22:47:59.135827,Router,Electronics,East,Bhubaneswar,8,2270.82,0.0,18166.56,11107.21,7059.35,Regular,Net Banking
ORD3193,2024-11-16 02:18:16.059211,Smartwatch,Accessories,Central,Nagpur,10,6000.48,20.0,48003.84,32924.16,15079.68,Regular,Net Banking
ORD3194,2024-11-16 05:48:32.982596,Smartwatch,Accessories,North,Chandigarh,6,6470.98,0.0,38825.88,23891.33,14934.55,Regular,Net Banking
ORD3195,2024-11-16 09:18:49.905981,Laptop,Electronics,South,Hyderabad,5,58512.13,20.0,234048.52,147338.45,86710.07,New,Debit Card
ORD3196,2024-11-16 12:49:06.829365,Smartphone,Electronics,West,Mumbai,8,23764.7,20.0,152094.08,94785.93,57308.15,Regular,Net Banking
ORD3197,2024-11-16 16:19:23.752750,USB Drive,Accessories,South,Chennai,8,973.79,25.0,5842.74,3736.57,2106.17,New,Debit Card
ORD3198,2024-11-16 19:49:40.676135,Laptop,Electronics,Central,Bhopal,5,54776.87,25.0,205413.26,164994.12,40419.14,New,UPI
ORD3199,2024-11-16 23:19:57.599519,Power Bank,Accessories,North,Chandigarh,7,1637.64,5.0,10890.31,8242.8,2647.51,Premium,Net Banking
ORD3200,2024-11-17 02:50:14.522904,External Hard Drive,Electronics,East,Bhubaneswar,1,5886.3,15.0,5003.36,3635.92,1367.44,New,Debit Card
ORD3201,2024-11-17 06:20:31.446289,Headphones,Accessories,West,Mumbai,4,2991.07,10.0,10767.85,8431.92,2335.93,New,Credit Card
ORD3202,2024-11-17 09:50:48.369673,Office Chair,Furniture,West,Ahmedabad,2,9083.38,0.0,18166.76,15265.64,2901.12,Premium,Debit Card
ORD3203,2024-11-17 13:21:05.293058,Smartphone,Electronics,South,Bengaluru,10,22899.56,20.0,183196.48,129047.04,54149.44,Regular,Debit Card
ORD3204,2024-11-17 16:51:22.216443,Headphones,Accessories,South,Chennai,3,3253.34,0.0,9760.02,6752.5,3007.52,New,Credit Card
ORD3205,2024-11-17 20:21:39.139827,Headphones,Accessories,Central,Nagpur,1,3130.93,15.0,2661.29,2247.31,413.98,Premium,Debit Card
ORD3206,2024-11-17 23:51:56.063212,Router,Electronics,North,Chandigarh,2,2650.64,15.0,4506.09,3572.58,933.51,New,Credit Card
ORD3207,2024-11-18 03:22:12.986597,Webcam,Electronics,Central,Bhopal,1,3558.82,10.0,3202.94,2544.02,658.92,Regular,Cash
ORD3208,2024-11-18 06:52:29.909981,Router,Electronics,West,Mumbai,8,2581.77,10.0,18588.74,13941.29,4647.45,New,Net Banking
ORD3209,2024-11-18 10:22:46.833366,Bookshelf,Furniture,West,Mumbai,4,6843.0,20.0,21897.6,15914.13,5983.47,Regular,UPI
ORD3210,2024-11-18 13:53:03.756751,Bluetooth Speaker,Accessories,West,Mumbai,3,3107.58,25.0,6992.06,5157.68,1834.38,Regular,Debit Card
ORD3211,2024-11-18 17:23:20.680136,Printer,Electronics,South,Chennai,1,13147.64,10.0,11832.88,9028.74,2804.14,New,Credit Card
ORD3212,2024-11-18 20:53:37.603520,Office Desk,Furniture,West,Mumbai,2,12354.52,25.0,18531.78,12864.94,5666.84,Regular,Net Banking
ORD3213,2024-11-19 00:23:54.526905,Laptop,Electronics,Central,Nagpur,3,53257.97,25.0,119830.43,95333.94,24496.49,Regular,Debit Card
ORD3214,2024-11-19 03:54:11.450290,Printer,Electronics,East,Kolkata,3,11484.57,20.0,27562.97,22802.99,4759.98,Regular,Net Banking
ORD3215,2024-11-19 07:24:28.373674,Headphones,Accessories,Central,Indore,6,3278.01,5.0,18684.66,13879.36,4805.3,Premium,Cash
ORD3216,2024-11-19 10:54:45.297059,Bookshelf,Furniture,East,Bhubaneswar,10,6559.0,25.0,49192.5,34206.93,14985.57,Regular,Debit Card
ORD3217,2024-11-19 14:25:02.220444,Headphones,Accessories,North,Delhi,8,3183.72,20.0,20375.81,15768.79,4607.02,Regular,Credit Card
ORD3218,2024-11-19 17:55:19.143828,Office Chair,Furniture,South,Hyderabad,6,8937.47,10.0,48262.34,31155.33,17107.01,Regular,Cash
ORD3219,2024-11-19 21:25:36.067213,Laptop,Electronics,Central,Bhopal,2,54381.36,0.0,108762.72,91593.78,17168.94,Regular,Debit Card
ORD3220,2024-11-20 00:55:52.990598,Bookshelf,Furniture,South,Chennai,2,7346.55,10.0,13223.79,10109.55,3114.24,Regular,Net Banking
ORD3221,2024-11-20 04:26:09.913982,Bluetooth Speaker,Accessories,Central,Indore,7,2788.82,15.0,16593.48,10236.39,6357.09,Regular,Cash
ORD3222,2024-11-20 07:56:26.837367,Tablet,Electronics,Central,Indore,1,21851.7,10.0,19666.53,14404.5,5262.03,Regular,Credit Card
ORD3223,2024-11-20 11:26:43.760752,Router,Electronics,South,Bengaluru,1,2267.92,5.0,2154.52,1696.87,457.65,Premium,Debit Card
ORD3224,2024-11-20 14:57:00.684136,Printer,Electronics,North,Jaipur,7,12408.98,20.0,69490.29,46521.07,22969.22,Regular,Net Banking
ORD3225,2024-11-20 18:27:17.607521,Gaming Mouse,Accessories,West,Surat,9,2005.69,25.0,13538.41,8295.63,5242.78,New,Net Banking
ORD3226,2024-11-20 21:57:34.530906,Headphones,Accessories,South,Bengaluru,5,2752.37,15.0,11697.57,8449.04,3248.53,Regular,Cash
ORD3227,2024-11-21 01:27:51.454290,Backpack,Accessories,West,Surat,1,1924.14,20.0,1539.31,1244.39,294.92,Regular,Debit Card
ORD3228,2024-11-21 04:58:08.377675,Monitor,Electronics,East,Patna,5,14828.87,20.0,59315.48,39319.26,19996.22,Premium,Net Banking
ORD3229,2024-11-21 08:28:25.301060,Office Chair,Furniture,East,Patna,1,8461.76,25.0,6346.32,4945.39,1400.93,Regular,Cash
ORD3230,2024-11-21 11:58:42.224444,Gaming Mouse,Accessories,West,Mumbai,10,2240.74,10.0,20166.66,14155.94,6010.72,Premium,UPI
ORD3231,2024-11-21 15:28:59.147829,Webcam,Electronics,South,Hyderabad,9,3513.5,0.0,31621.5,19444.31,12177.19,Regular,Net Banking
ORD3232,2024-11-21 18:59:16.071214,Bluetooth Speaker,Accessories,East,Patna,4,2946.54,15.0,10018.24,6772.24,3246.0,Regular,Cash
ORD3233,2024-11-21 22:29:32.994598,Mouse,Accessories,South,Chennai,9,864.87,25.0,5837.87,3960.85,1877.02,Regular,UPI
ORD3234,2024-11-22 01:59:49.917983,Bluetooth Speaker,Accessories,South,Hyderabad,2,3149.67,5.0,5984.37,4944.08,1040.29,New,Cash
ORD3235,2024-11-22 05:30:06.841368,Bluetooth Speaker,Accessories,East,Patna,7,2790.96,5.0,18559.88,15691.21,2868.67,Regular,Net Banking
ORD3236,2024-11-22 09:00:23.764752,Office Chair,Furniture,Central,Bhopal,2,9127.39,0.0,18254.78,11910.18,6344.6,Regular,UPI
ORD3237,2024-11-22 12:30:40.688137,Printer,Electronics,South,Chennai,4,11012.99,0.0,44051.96,31172.41,12879.55,Regular,Cash
ORD3238,2024-11-22 16:00:57.611522,Printer,Electronics,East,Bhubaneswar,6,11387.17,10.0,61490.72,51908.98,9581.74,Premium,Debit Card
ORD3239,2024-11-22 19:31:14.534906,Headphones,Accessories,West,Surat,2,3245.92,5.0,6167.25,4328.28,1838.97,Premium,UPI
ORD3240,2024-11-22 23:01:31.458291,Power Bank,Accessories,South,Chennai,2,1786.35,15.0,3036.79,2087.16,949.63,New,Cash
ORD3241,2024-11-23 02:31:48.381676,Keyboard,Accessories,South,Bengaluru,2,1617.63,25.0,2426.45,1522.53,903.92,Premium,Debit Card
ORD3242,2024-11-23 06:02:05.305061,Webcam,Electronics,Central,Nagpur,3,3266.2,0.0,9798.6,7724.44,2074.16,New,UPI
ORD3243,2024-11-23 09:32:22.228445,USB Drive,Accessories,West,Ahmedabad,5,846.96,0.0,4234.8,3014.12,1220.68,Regular,Cash
ORD3244,2024-11-23 13:02:39.151830,Router,Electronics,West,Surat,9,2426.41,0.0,21837.69,16589.34,5248.35,New,Net Banking
ORD3245,2024-11-23 16:32:56.075215,Headphones,Accessories,West,Mumbai,6,2919.8,25.0,13139.1,9558.22,3580.88,Regular,UPI
ORD3246,2024-11-23 20:03:12.998599,Headphones,Accessories,North,Delhi,9,3147.17,15.0,24075.85,15496.04,8579.81,Premium,UPI
ORD3247,2024-11-23 23:33:29.921984,Smartwatch,Accessories,West,Mumbai,10,6119.29,5.0,58133.26,37443.19,20690.07,New,Debit Card
ORD3248,2024-11-24 03:03:46.845369,Smartphone,Electronics,East,Kolkata,5,25266.25,15.0,107381.56,89657.06,17724.5,Regular,Cash
ORD3249,2024-11-24 06:34:03.768753,Webcam,Electronics,East,Bhubaneswar,6,3571.66,25.0,16072.47,13217.67,2854.8,New,Net Banking
ORD3250,2024-11-24 10:04:20.692138,External Hard Drive,Electronics,South,Hyderabad,10,6801.85,15.0,57815.72,43515.49,14300.23,New,Debit Card
ORD3251,2024-11-24 13:34:37.615523,Tablet,Electronics,North,Lucknow,8,23728.39,10.0,170844.41,102559.79,68284.62,Regular,UPI
ORD3252,2024-11-24 17:04:54.538907,Router,Electronics,North,Lucknow,3,2457.37,25.0,5529.08,3916.38,1612.7,Regular,Debit Card
ORD3253,2024-11-24 20:35:11.462292,Monitor,Electronics,Central,Nagpur,2,15908.78,0.0,31817.56,23309.77,8507.79,New,Debit Card
ORD3254,2024-11-25 00:05:28.385677,Monitor,Electronics,East,Bhubaneswar,3,14985.29,5.0,42708.08,30423.5,12284.58,Regular,Debit Card
ORD3255,2024-11-25 03:35:45.309061,Backpack,Accessories,East,Patna,9,1879.95,10.0,15227.6,12659.65,2567.95,Regular,UPI
ORD3256,2024-11-25 07:06:02.232446,Smartwatch,Accessories,North,Lucknow,6,6449.79,10.0,34828.87,21253.15,13575.72,New,Credit Card
ORD3257,2024-11-25 10:36:19.155831,Smartwatch,Accessories,North,Jaipur,10,5438.66,25.0,40789.95,31152.6,9637.35,Regular,Debit Card
ORD3258,2024-11-25 14:06:36.079215,External Hard Drive,Electronics,West,Ahmedabad,4,6560.62,20.0,20993.98,14243.56,6750.42,Premium,Credit Card
ORD3259,2024-11-25 17:36:53.002600,Power Bank,Accessories,East,Bhubaneswar,10,1976.18,0.0,19761.8,14621.15,5140.65,Regular,Net Banking
ORD3260,2024-11-25 21:07:09.925985,Monitor,Electronics,East,Bhubaneswar,3,14988.67,5.0,42717.71,32635.45,10082.26,Regular,Net Banking
ORD3261,2024-11-26 00:37:26.849369,Office Desk,Furniture,South,Bengaluru,2,12874.33,5.0,24461.23,17372.5,7088.73,Regular,Net Banking
ORD3262,2024-11-26 04:07:43.772754,Headphones,Accessories,West,Mumbai,4,2811.54,5.0,10683.85,6806.61,3877.24,Regular,Cash
ORD3263,2024-11-26 07:38:00.696139,Smartphone,Electronics,North,Jaipur,9,25521.44,25.0,172269.72,125715.47,46554.25,Regular,UPI
ORD3264,2024-11-26 11:08:17.619523,Bookshelf,Furniture,North,Jaipur,4,7518.43,0.0,30073.72,25058.6,5015.12,Premium,Credit Card
ORD3265,2024-11-26 14:38:34.542908,USB Drive,Accessories,East,Kolkata,5,887.68,25.0,3328.8,2443.24,885.56,New,Cash
ORD3266,2024-11-26 18:08:51.466293,Smartphone,Electronics,South,Chennai,8,24933.61,5.0,189495.44,119521.4,69974.04,Premium,Credit Card
ORD3267,2024-11-26 21:39:08.389677,Office Chair,Furniture,South,Chennai,2,8247.63,15.0,14020.97,11301.47,2719.5,Premium,UPI
ORD3268,2024-11-27 01:09:25.313062,Power Bank,Accessories,West,Ahmedabad,3,1635.18,15.0,4169.71,2732.98,1436.73,Premium,Debit Card
ORD3269,2024-11-27 04:39:42.236447,Webcam,Electronics,West,Pune,6,3478.1,0.0,20868.6,14452.64,6415.96,Regular,Cash
ORD3270,2024-11-27 08:09:59.159831,Router,Electronics,Central,Indore,7,2671.74,5.0,17767.07,12564.68,5202.39,Premium,UPI
ORD3271,2024-11-27 11:40:16.083216,Headphones,Accessories,East,Patna,4,3258.79,25.0,9776.37,6696.08,3080.29,New,Cash
ORD3272,2024-11-27 15:10:33.006601,External Hard Drive,Electronics,North,Delhi,1,6706.25,20.0,5365.0,3761.47,1603.53,Regular,Net Banking
ORD3273,2024-11-27 18:40:49.929985,Smartwatch,Accessories,South,Bengaluru,7,6391.68,20.0,35793.41,28594.29,7199.12,New,Cash
ORD3274,2024-11-27 22:11:06.853370,Headphones,Accessories,Central,Bhopal,9,3140.91,20.0,22614.55,14831.52,7783.03,Regular,Debit Card
ORD3275,2024-11-28 01:41:23.776755,Backpack,Accessories,West,Ahmedabad,1,1872.53,15.0,1591.65,1142.18,449.47,Regular,Debit Card
ORD3276,2024-11-28 05:11:40.700140,External Hard Drive,Electronics,West,Mumbai,1,6849.74,25.0,5137.3,3108.08,2029.22,New,Credit Card
ORD3277,2024-11-28 08:41:57.623524,Gaming Mouse,Accessories,North,Jaipur,1,2202.33,20.0,1761.86,1280.73,481.13,Premium,Cash
ORD3278,2024-11-28 12:12:14.546909,Gaming Mouse,Accessories,East,Bhubaneswar,10,2181.49,5.0,20724.15,13013.15,7711.0,Regular,Net Banking
ORD3279,2024-11-28 15:42:31.470294,Office Desk,Furniture,North,Jaipur,7,11181.94,5.0,74359.9,49862.7,24497.2,Regular,Debit Card
ORD3280,2024-11-28 19:12:48.393678,Bluetooth Speaker,Accessories,West,Surat,9,3206.29,20.0,23085.29,15726.12,7359.17,New,Credit Card
ORD3281,2024-11-28 22:43:05.317063,Backpack,Accessories,Central,Nagpur,3,1636.06,10.0,4417.36,2741.36,1676.0,Premium,Net Banking
ORD3282,2024-11-29 02:13:22.240448,Router,Electronics,Central,Nagpur,8,2383.72,20.0,15255.81,10528.67,4727.14,Regular,Net Banking
ORD3283,2024-11-29 05:43:39.163832,Tablet,Electronics,East,Bhubaneswar,9,22087.63,10.0,178909.8,129622.72,49287.08,Regular,Net Banking
ORD3284,2024-11-29 09:13:56.087217,Mouse,Accessories,East,Patna,3,875.46,0.0,2626.38,1858.88,767.5,Regular,UPI
ORD3285,2024-11-29 12:44:13.010602,Router,Electronics,Central,Nagpur,3,2642.99,0.0,7928.97,5313.25,2615.72,Regular,Debit Card
ORD3286,2024-11-29 16:14:29.933986,Office Desk,Furniture,West,Mumbai,1,11684.81,5.0,11100.57,7478.61,3621.96,Regular,UPI
ORD3287,2024-11-29 19:44:46.857371,Smartwatch,Accessories,North,Chandigarh,2,6256.74,25.0,9385.11,7117.63,2267.48,Regular,UPI
ORD3288,2024-11-29 23:15:03.780756,Webcam,Electronics,East,Bhubaneswar,7,3801.96,15.0,22621.66,17635.82,4985.84,Regular,Debit Card
ORD3289,2024-11-30 02:45:20.704140,External Hard Drive,Electronics,South,Hyderabad,3,6550.55,25.0,14738.74,10967.58,3771.16,Regular,Cash
ORD3290,2024-11-30 06:15:37.627525,Bookshelf,Furniture,East,Patna,7,6946.72,5.0,46195.69,38991.33,7204.36,Premium,Credit Card
ORD3291,2024-11-30 09:45:54.550910,Headphones,Accessories,East,Bhubaneswar,5,3031.8,5.0,14401.05,12042.42,2358.63,Regular,Debit Card
ORD3292,2024-11-30 13:16:11.474294,Backpack,Accessories,West,Pune,10,1732.15,25.0,12991.12,8114.48,4876.64,Regular,Credit Card
ORD3293,2024-11-30 16:46:28.397679,Headphones,Accessories,South,Hyderabad,8,3244.41,15.0,22061.99,14678.8,7383.19,Regular,Cash
ORD3294,2024-11-30 20:16:45.321064,Backpack,Accessories,North,Lucknow,5,1907.02,5.0,9058.34,7401.56,1656.78,Regular,Debit Card
ORD3295,2024-11-30 23:47:02.244448,Mouse,Accessories,East,Patna,3,832.88,15.0,2123.84,1290.05,833.79,Premium,Net Banking
ORD3296,2024-12-01 03:17:19.167833,Office Desk,Furniture,Central,Nagpur,9,12213.82,0.0,109924.38,78117.41,31806.97,New,Debit Card
ORD3297,2024-12-01 06:47:36.091218,Office Chair,Furniture,West,Mumbai,7,9845.05,0.0,68915.35,57794.13,11121.22,Regular,Cash
ORD3298,2024-12-01 10:17:53.014602,Office Chair,Furniture,South,Hyderabad,5,8635.87,10.0,38861.42,29910.84,8950.58,New,UPI
ORD3299,2024-12-01 13:48:09.937987,Bookshelf,Furniture,Central,Indore,7,6696.39,5.0,44530.99,27742.06,16788.93,New,Debit Card
ORD3300,2024-12-01 17:18:26.861372,External Hard Drive,Electronics,Central,Nagpur,10,6164.78,10.0,55483.02,43662.61,11820.41,New,Net Banking
ORD3301,2024-12-01 20:48:43.784756,Smartphone,Electronics,South,Bengaluru,9,26208.88,20.0,188703.94,130983.4,57720.54,Premium,Debit Card
ORD3302,2024-12-02 00:19:00.708141,Webcam,Electronics,North,Jaipur,5,3708.1,5.0,17613.47,14625.93,2987.54,Premium,UPI
ORD3303,2024-12-02 03:49:17.631526,Gaming Mouse,Accessories,West,Pune,7,2242.73,0.0,15699.11,10543.19,5155.92,New,Debit Card
ORD3304,2024-12-02 07:19:34.554910,External Hard Drive,Electronics,Central,Nagpur,9,6697.58,15.0,51236.49,36803.58,14432.91,Regular,Net Banking
ORD3305,2024-12-02 10:49:51.478295,Webcam,Electronics,Central,Nagpur,1,3394.27,0.0,3394.27,2670.11,724.16,New,Cash
ORD3306,2024-12-02 14:20:08.401680,Bluetooth Speaker,Accessories,Central,Indore,4,2723.85,10.0,9805.86,6514.87,3290.99,Regular,Net Banking
ORD3307,2024-12-02 17:50:25.325065,Office Desk,Furniture,West,Ahmedabad,1,11408.73,15.0,9697.42,6259.16,3438.26,Regular,Cash
ORD3308,2024-12-02 21:20:42.248449,Bookshelf,Furniture,East,Kolkata,8,7118.02,0.0,56944.16,34205.05,22739.11,New,Net Banking
ORD3309,2024-12-03 00:50:59.171834,Office Chair,Furniture,North,Jaipur,3,9563.28,0.0,28689.84,20713.79,7976.05,New,Credit Card
ORD3310,2024-12-03 04:21:16.095219,Printer,Electronics,South,Hyderabad,2,12665.27,0.0,25330.54,21078.92,4251.62,Regular,Debit Card
ORD3311,2024-12-03 07:51:33.018603,Laptop,Electronics,East,Bhubaneswar,4,51474.36,25.0,154423.08,103520.88,50902.2,Regular,Debit Card
ORD3312,2024-12-03 11:21:49.941988,Tablet,Electronics,West,Pune,3,20026.36,15.0,51067.22,31194.14,19873.08,New,UPI
ORD3313,2024-12-03 14:52:06.865373,Bluetooth Speaker,Accessories,West,Pune,5,3210.34,0.0,16051.7,12120.76,3930.94,Regular,Credit Card
ORD3314,2024-12-03 18:22:23.788757,Mouse,Accessories,West,Mumbai,8,732.09,0.0,5856.72,3596.27,2260.45,Regular,UPI
ORD3315,2024-12-03 21:52:40.712142,Office Desk,Furniture,South,Hyderabad,10,11743.95,0.0,117439.5,76811.92,40627.58,Regular,Debit Card
ORD3316,2024-12-04 01:22:57.635527,Webcam,Electronics,West,Mumbai,8,3215.96,0.0,25727.68,17890.58,7837.1,Regular,UPI
ORD3317,2024-12-04 04:53:14.558911,Printer,Electronics,North,Jaipur,7,12153.72,0.0,85076.04,61157.42,23918.62,Regular,Cash
ORD3318,2024-12-04 08:23:31.482296,Webcam,Electronics,East,Kolkata,8,3404.34,20.0,21787.78,13958.56,7829.22,Regular,Credit Card
ORD3319,2024-12-04 11:53:48.405681,Headphones,Accessories,West,Mumbai,5,2821.5,15.0,11991.38,7465.24,4526.14,Regular,Net Banking
ORD3320,2024-12-04 15:24:05.329065,Power Bank,Accessories,West,Mumbai,10,1834.26,20.0,14674.08,11552.14,3121.94,Premium,Cash
ORD3321,2024-12-04 18:54:22.252450,USB Drive,Accessories,Central,Nagpur,10,875.41,25.0,6565.58,4342.58,2223.0,New,Net Banking
ORD3322,2024-12-04 22:24:39.175835,Headphones,Accessories,South,Bengaluru,6,2800.07,10.0,15120.38,12097.91,3022.47,Regular,UPI
ORD3323,2024-12-05 01:54:56.099219,Laptop,Electronics,East,Kolkata,8,57200.95,20.0,366086.08,289065.9,77020.18,New,Debit Card
ORD3324,2024-12-05 05:25:13.022604,Office Desk,Furniture,South,Hyderabad,1,12808.34,25.0,9606.26,6240.18,3366.08,New,Cash
ORD3325,2024-12-05 08:55:29.945989,Printer,Electronics,East,Kolkata,6,11456.98,5.0,65304.79,54011.8,11292.99,Regular,Credit Card
ORD3326,2024-12-05 12:25:46.869373,Tablet,Electronics,Central,Indore,6,20620.27,15.0,105163.38,67338.2,37825.18,Premium,Net Banking
ORD3327,2024-12-05 15:56:03.792758,Laptop,Electronics,West,Surat,5,50327.77,0.0,251638.85,201131.52,50507.33,New,Cash
ORD3328,2024-12-05 19:26:20.716143,Monitor,Electronics,Central,Nagpur,4,15083.71,20.0,48267.87,34035.29,14232.58,Premium,Debit Card
ORD3329,2024-12-05 22:56:37.639527,Headphones,Accessories,South,Hyderabad,1,3198.78,20.0,2559.02,1652.5,906.52,Regular,Credit Card
ORD3330,2024-12-06 02:26:54.562912,Tablet,Electronics,Central,Nagpur,10,20903.48,0.0,209034.8,174445.36,34589.44,Regular,Credit Card
ORD3331,2024-12-06 05:57:11.486297,Power Bank,Accessories,North,Lucknow,8,1785.83,0.0,14286.64,12012.41,2274.23,New,Net Banking
ORD3332,2024-12-06 09:27:28.409681,Smartphone,Electronics,Central,Nagpur,6,23304.02,10.0,125841.71,91593.04,34248.67,Regular,Cash
ORD3333,2024-12-06 12:57:45.333066,Office Chair,Furniture,South,Bengaluru,3,8827.56,20.0,21186.14,15196.68,5989.46,Regular,Cash
ORD3334,2024-12-06 16:28:02.256451,Power Bank,Accessories,South,Chennai,3,1625.56,20.0,3901.34,3219.43,681.91,Regular,Credit Card
ORD3335,2024-12-06 19:58:19.179835,Backpack,Accessories,East,Patna,6,1947.86,5.0,11102.8,8316.38,2786.42,Regular,UPI
ORD3336,2024-12-06 23:28:36.103220,Mouse,Accessories,Central,Bhopal,7,828.25,25.0,4348.31,2898.19,1450.12,Regular,Credit Card
ORD3337,2024-12-07 02:58:53.026605,Smartphone,Electronics,North,Jaipur,8,24164.07,5.0,183646.93,129709.7,53937.23,Regular,Debit Card
ORD3338,2024-12-07 06:29:09.949989,Smartwatch,Accessories,South,Hyderabad,5,6457.44,20.0,25829.76,20896.21,4933.55,Regular,Cash
ORD3339,2024-12-07 09:59:26.873374,USB Drive,Accessories,Central,Bhopal,10,842.93,5.0,8007.83,6525.51,1482.32,Premium,Net Banking
ORD3340,2024-12-07 13:29:43.796759,Bookshelf,Furniture,South,Chennai,6,6410.23,20.0,30769.1,25686.45,5082.65,Regular,Cash
ORD3341,2024-12-07 17:00:00.720144,Smartwatch,Accessories,North,Jaipur,1,6531.15,15.0,5551.48,3730.96,1820.52,New,Credit Card
ORD3342,2024-12-07 20:30:17.643528,Gaming Mouse,Accessories,East,Kolkata,6,2115.97,10.0,11426.24,8798.07,2628.17,Regular,Debit Card
ORD3343,2024-12-08 00:00:34.566913,Monitor,Electronics,South,Chennai,9,16307.92,5.0,139432.72,86043.54,53389.18,Regular,UPI
ORD3344,2024-12-08 03:30:51.490298,Power Bank,Accessories,Central,Bhopal,10,1849.54,20.0,14796.32,11562.96,3233.36,New,Cash
ORD3345,2024-12-08 07:01:08.413682,Office Desk,Furniture,West,Ahmedabad,4,13152.1,5.0,49977.98,37023.68,12954.3,Regular,Credit Card
ORD3346,2024-12-08 10:31:25.337067,Router,Electronics,East,Bhubaneswar,10,2626.71,25.0,19700.32,13050.31,6650.01,Regular,Credit Card
ORD3347,2024-12-08 14:01:42.260452,Backpack,Accessories,Central,Nagpur,1,1657.97,10.0,1492.17,1139.51,352.66,Regular,Credit Card
ORD3348,2024-12-08 17:31:59.183836,Backpack,Accessories,East,Bhubaneswar,9,1926.8,15.0,14740.02,9342.16,5397.86,New,Debit Card
ORD3349,2024-12-08 21:02:16.107221,Smartphone,Electronics,North,Delhi,4,23239.39,0.0,92957.56,63531.99,29425.57,Premium,Credit Card
ORD3350,2024-12-09 00:32:33.030606,Gaming Mouse,Accessories,South,Hyderabad,2,2284.57,0.0,4569.14,3199.44,1369.7,Premium,Credit Card
ORD3351,2024-12-09 04:02:49.953990,Office Chair,Furniture,East,Patna,1,9000.73,5.0,8550.69,6791.68,1759.01,Premium,Credit Card
ORD3352,2024-12-09 07:33:06.877375,USB Drive,Accessories,North,Lucknow,3,937.39,20.0,2249.74,1523.52,726.22,New,Cash
ORD3353,2024-12-09 11:03:23.800760,Bluetooth Speaker,Accessories,Central,Indore,7,3158.99,25.0,16584.7,10154.13,6430.57,Regular,Credit Card
ORD3354,2024-12-09 14:33:40.724144,Keyboard,Accessories,West,Ahmedabad,10,1591.1,10.0,14319.9,9238.99,5080.91,Regular,Debit Card
ORD3355,2024-12-09 18:03:57.647529,Bluetooth Speaker,Accessories,South,Bengaluru,2,3200.99,15.0,5441.68,4092.27,1349.41,Regular,Cash
ORD3356,2024-12-09 21:34:14.570914,Printer,Electronics,West,Ahmedabad,9,12833.34,15.0,98175.05,59279.33,38895.72,New,Credit Card
ORD3357,2024-12-10 01:04:31.494298,Monitor,Electronics,West,Ahmedabad,2,14737.72,15.0,25054.12,19994.64,5059.48,Regular,UPI
ORD3358,2024-12-10 04:34:48.417683,Webcam,Electronics,Central,Indore,5,3772.46,0.0,18862.3,15566.68,3295.62,Premium,Debit Card
ORD3359,2024-12-10 08:05:05.341068,Monitor,Electronics,Central,Nagpur,8,15658.74,10.0,112742.93,81608.9,31134.03,New,UPI
ORD3360,2024-12-10 11:35:22.264452,Gaming Mouse,Accessories,East,Patna,10,2349.15,0.0,23491.5,18250.72,5240.78,New,Debit Card
ORD3361,2024-12-10 15:05:39.187837,Power Bank,Accessories,West,Mumbai,8,1976.11,5.0,15018.44,10748.23,4270.21,New,UPI
ORD3362,2024-12-10 18:35:56.111222,Tablet,Electronics,West,Pune,3,20312.22,15.0,51796.16,35075.88,16720.28,New,Credit Card
ORD3363,2024-12-10 22:06:13.034606,Printer,Electronics,West,Mumbai,2,11689.39,10.0,21040.9,13491.77,7549.13,Regular,UPI
ORD3364,2024-12-11 01:36:29.957991,Keyboard,Accessories,North,Lucknow,9,1591.96,15.0,12178.49,8884.7,3293.79,Regular,UPI
ORD3365,2024-12-11 05:06:46.881376,Headphones,Accessories,North,Chandigarh,3,2751.78,0.0,8255.34,6872.34,1383.0,New,Debit Card
ORD3366,2024-12-11 08:37:03.804760,Mouse,Accessories,East,Bhubaneswar,8,806.52,0.0,6452.16,5306.86,1145.3,Regular,Credit Card
ORD3367,2024-12-11 12:07:20.728145,Power Bank,Accessories,South,Hyderabad,2,1929.02,0.0,3858.04,3201.81,656.23,Regular,Debit Card
ORD3368,2024-12-11 15:37:37.651530,Keyboard,Accessories,North,Chandigarh,3,1355.7,15.0,3457.04,2909.46,547.58,New,Credit Card
ORD3369,2024-12-11 19:07:54.574914,Backpack,Accessories,West,Pune,1,1958.23,10.0,1762.41,1130.3,632.11,Regular,Net Banking
ORD3370,2024-12-11 22:38:11.498299,Monitor,Electronics,North,Delhi,6,16434.43,10.0,88745.92,56498.43,32247.49,New,Cash
ORD3371,2024-12-12 02:08:28.421684,Bookshelf,Furniture,West,Pune,7,6751.19,5.0,44895.41,31738.38,13157.03,Regular,Cash
ORD3372,2024-12-12 05:38:45.345069,Gaming Mouse,Accessories,East,Unknown,4,2317.39,15.0,7879.13,6085.27,1793.86,New,Debit Card
ORD3373,2024-12-12 09:09:02.268453,Router,Electronics,Central,Bhopal,1,2313.59,5.0,2197.91,1560.35,637.56,Regular,Credit Card
ORD3374,2024-12-12 12:39:19.191838,Mouse,Accessories,East,Patna,3,843.66,25.0,1898.24,1562.42,335.82,New,UPI
ORD3375,2024-12-12 16:09:36.115223,Monitor,Electronics,North,Chandigarh,9,14944.57,5.0,127776.07,99582.17,28193.9,Premium,Cash
ORD3376,2024-12-12 19:39:53.038607,Backpack,Accessories,West,Mumbai,5,1929.7,5.0,9166.07,6952.4,2213.67,Regular,Debit Card
ORD3377,2024-12-12 23:10:09.961992,Tablet,Electronics,Central,Indore,6,20735.47,5.0,118192.18,73014.34,45177.84,Regular,Debit Card
ORD3378,2024-12-13 02:40:26.885377,Printer,Electronics,Central,Nagpur,4,12414.38,0.0,49657.52,31971.19,17686.33,Regular,Debit Card
ORD3379,2024-12-13 06:10:43.808761,USB Drive,Accessories,East,Bhubaneswar,1,951.5,25.0,713.62,504.56,209.06,New,Credit Card
ORD3380,2024-12-13 09:41:00.732146,Gaming Mouse,Accessories,South,Chennai,5,2069.1,5.0,9828.22,8295.94,1532.28,Regular,Debit Card
ORD3381,2024-12-13 13:11:17.655531,Monitor,Electronics,Central,Nagpur,5,15954.86,10.0,71796.87,49080.5,22716.37,Regular,Net Banking
ORD3382,2024-12-13 16:41:34.578915,Smartphone,Electronics,North,Jaipur,5,27289.93,5.0,129627.17,98191.79,31435.38,Regular,UPI
ORD3383,2024-12-13 20:11:51.502300,External Hard Drive,Electronics,West,Surat,6,6650.9,0.0,39905.4,33808.91,6096.49,New,Debit Card
ORD3384,2024-12-13 23:42:08.425685,Bluetooth Speaker,Accessories,East,Bhubaneswar,2,3170.91,20.0,5073.46,3378.96,1694.5,New,Credit Card
ORD3385,2024-12-14 03:12:25.349069,Bluetooth Speaker,Accessories,North,Delhi,1,3019.55,25.0,2264.66,1453.16,811.5,Regular,UPI
ORD3386,2024-12-14 06:42:42.272454,Router,Electronics,South,Hyderabad,2,2549.05,20.0,4078.48,3004.14,1074.34,New,UPI
ORD3387,2024-12-14 10:12:59.195839,Backpack,Accessories,South,Chennai,10,1624.81,20.0,12998.48,9592.52,3405.96,Regular,Cash
ORD3388,2024-12-14 13:43:16.119223,Bluetooth Speaker,Accessories,West,Ahmedabad,6,3014.57,25.0,13565.57,11265.82,2299.75,New,Debit Card
ORD3389,2024-12-14 17:13:33.042608,Bookshelf,Furniture,Central,Bhopal,5,7105.79,15.0,30199.61,18319.31,11880.3,Premium,Debit Card
ORD3390,2024-12-14 20:43:49.965993,Office Desk,Furniture,South,Bengaluru,5,12408.11,10.0,55836.5,39188.54,16647.96,Regular,Credit Card
ORD3391,2024-12-15 00:14:06.889377,Keyboard,Accessories,Central,Nagpur,6,1400.82,0.0,8404.92,5699.27,2705.65,New,Net Banking
ORD3392,2024-12-15 03:44:23.812762,Monitor,Electronics,North,Jaipur,10,14224.12,25.0,106680.9,79238.65,27442.25,Regular,Net Banking
ORD3393,2024-12-15 07:14:40.736147,Bluetooth Speaker,Accessories,East,Kolkata,7,3153.6,20.0,17660.16,10637.29,7022.87,Regular,Cash
ORD3394,2024-12-15 10:44:57.659531,USB Drive,Accessories,North,Delhi,9,840.17,0.0,7561.53,5881.1,1680.43,Regular,Net Banking
ORD3395,2024-12-15 14:15:14.582916,Bookshelf,Furniture,Central,Nagpur,7,6882.44,0.0,48177.08,34747.6,13429.48,Regular,Credit Card
ORD3396,2024-12-15 17:45:31.506301,Monitor,Electronics,West,Ahmedabad,2,14251.47,15.0,24227.5,18780.49,5447.01,New,Cash
ORD3397,2024-12-15 21:15:48.429685,Router,Electronics,West,Surat,6,2522.59,20.0,12108.43,8620.62,3487.81,New,Debit Card
ORD3398,2024-12-16 00:46:05.353070,Laptop,Electronics,Central,Indore,9,60355.58,5.0,516040.21,370799.77,145240.44,Regular,Net Banking
ORD3399,2024-12-16 04:16:22.276455,External Hard Drive,Electronics,West,Surat,7,6957.65,0.0,48703.55,40126.24,8577.31,Premium,Credit Card
ORD3400,2024-12-16 07:46:39.199839,Gaming Mouse,Accessories,Central,Indore,2,2098.57,20.0,3357.71,2191.66,1166.05,Premium,Credit Card
ORD3401,2024-12-16 11:16:56.123224,Router,Electronics,West,Mumbai,3,2434.31,0.0,7302.93,4778.83,2524.1,New,Debit Card
ORD3402,2024-12-16 14:47:13.046609,Webcam,Electronics,Central,Bhopal,8,3793.04,15.0,25792.67,19083.2,6709.47,Regular,Credit Card
ORD3403,2024-12-16 18:17:29.969994,Office Chair,Furniture,East,Patna,9,9716.93,15.0,74334.51,56870.07,17464.44,Premium,Cash
ORD3404,2024-12-16 21:47:46.893378,Bookshelf,Furniture,North,Delhi,4,6524.74,5.0,24794.01,17074.94,7719.07,New,Cash
ORD3405,2024-12-17 01:18:03.816763,Laptop,Electronics,East,Patna,9,58621.98,15.0,448458.15,327319.64,121138.51,Regular,UPI
ORD3406,2024-12-17 04:48:20.740148,Router,Electronics,North,Chandigarh,2,2398.8,20.0,3838.08,2521.48,1316.6,Regular,Debit Card
ORD3407,2024-12-17 08:18:37.663532,Keyboard,Accessories,West,Ahmedabad,5,1513.14,25.0,5674.28,3597.37,2076.91,Regular,Credit Card
ORD3408,2024-12-17 11:48:54.586917,Monitor,Electronics,East,Patna,2,13515.3,15.0,22976.01,15154.19,7821.82,Regular,Net Banking
ORD3409,2024-12-17 15:19:11.510302,Gaming Mouse,Accessories,West,Mumbai,1,2419.38,25.0,1814.54,1504.42,310.12,Premium,Cash
ORD3410,2024-12-17 18:49:28.433686,USB Drive,Accessories,North,Jaipur,5,947.0,5.0,4498.25,3600.64,897.61,New,Debit Card
ORD3411,2024-12-17 22:19:45.357071,Webcam,Electronics,North,Delhi,2,3319.21,10.0,5974.58,3794.23,2180.35,Regular,Debit Card
ORD3412,2024-12-18 01:50:02.280456,Webcam,Electronics,East,Patna,7,3628.66,0.0,25400.62,15536.04,9864.58,New,Cash
ORD3413,2024-12-18 05:20:19.203840,Keyboard,Accessories,Central,Indore,8,1437.99,0.0,11503.92,7170.35,4333.57,Regular,UPI
ORD3414,2024-12-18 08:50:36.127225,Webcam,Electronics,South,Bengaluru,2,3212.62,20.0,5140.19,3461.19,1679.0,Premium,Debit Card
ORD3415,2024-12-18 12:20:53.050610,Backpack,Accessories,East,Patna,7,1773.11,5.0,11791.18,9466.43,2324.75,Regular,Credit Card
ORD3416,2024-12-18 15:51:09.973994,Office Chair,Furniture,West,Ahmedabad,4,9204.69,5.0,34977.82,23796.94,11180.88,Regular,Net Banking
ORD3417,2024-12-18 19:21:26.897379,Mouse,Accessories,West,Mumbai,1,734.36,5.0,697.64,450.96,246.68,Regular,Net Banking
ORD3418,2024-12-18 22:51:43.820764,Smartwatch,Accessories,South,Bengaluru,3,6022.09,0.0,18066.27,12627.61,5438.66,New,Cash
ORD3419,2024-12-19 02:22:00.744148,USB Drive,Accessories,East,Kolkata,1,902.68,15.0,767.28,484.16,283.12,New,Debit Card
ORD3420,2024-12-19 05:52:17.667533,Printer,Electronics,South,Bengaluru,5,12308.75,0.0,61543.75,44160.98,17382.77,Regular,Net Banking
ORD3421,2024-12-19 09:22:34.590918,Gaming Mouse,Accessories,Central,Bhopal,8,2087.64,0.0,16701.12,12841.3,3859.82,Regular,Debit Card
ORD3422,2024-12-19 12:52:51.514302,Power Bank,Accessories,North,Chandigarh,1,1627.43,0.0,1627.43,1126.53,500.9,Regular,Cash
ORD3423,2024-12-19 16:23:08.437687,External Hard Drive,Electronics,South,Bengaluru,9,6272.31,15.0,47983.17,30872.51,17110.66,Regular,UPI
ORD3424,2024-12-19 19:53:25.361072,Tablet,Electronics,North,Jaipur,3,21553.76,10.0,58195.15,41510.56,16684.59,Regular,Net Banking
ORD3425,2024-12-19 23:23:42.284456,Bookshelf,Furniture,South,Chennai,5,7190.04,20.0,28760.16,22738.42,6021.74,New,Credit Card
ORD3426,2024-12-20 02:53:59.207841,Office Chair,Furniture,West,Pune,9,9774.31,10.0,79171.91,49019.17,30152.74,Regular,Cash
ORD3427,2024-12-20 06:24:16.131226,Router,Electronics,South,Chennai,5,2351.69,10.0,10582.61,6537.24,4045.37,Premium,UPI
ORD3428,2024-12-20 09:54:33.054610,Bookshelf,Furniture,North,Jaipur,9,7262.27,0.0,65360.43,44414.22,20946.21,Premium,Credit Card
ORD3429,2024-12-20 13:24:49.977995,Keyboard,Accessories,East,Patna,10,1379.22,10.0,12412.98,8735.8,3677.18,Regular,Credit Card
ORD3430,2024-12-20 16:55:06.901380,Router,Electronics,North,Delhi,8,2345.31,0.0,18762.48,12272.88,6489.6,New,Net Banking
ORD3431,2024-12-20 20:25:23.824764,Bookshelf,Furniture,North,Chandigarh,7,7012.79,0.0,49089.53,29783.98,19305.55,Regular,Debit Card
ORD3432,2024-12-20 23:55:40.748149,Bluetooth Speaker,Accessories,Central,Bhopal,1,3125.03,20.0,2500.02,1637.24,862.78,Regular,Cash
ORD3433,2024-12-21 03:25:57.671534,Bluetooth Speaker,Accessories,West,Pune,4,3215.14,5.0,12217.53,8660.3,3557.23,New,Credit Card
ORD3434,2024-12-21 06:56:14.594918,Power Bank,Accessories,Central,Nagpur,9,1887.81,0.0,16990.29,10531.55,6458.74,Regular,Net Banking
ORD3435,2024-12-21 10:26:31.518303,Tablet,Electronics,Central,Nagpur,10,19867.55,10.0,178807.95,139286.56,39521.39,Premium,UPI
ORD3436,2024-12-21 13:56:48.441688,Backpack,Accessories,West,Pune,8,1866.22,20.0,11943.81,8814.83,3128.98,Regular,Credit Card
ORD3437,2024-12-21 17:27:05.365073,Bluetooth Speaker,Accessories,North,Chandigarh,4,3194.79,25.0,9584.37,6791.58,2792.79,Regular,UPI
ORD3438,2024-12-21 20:57:22.288457,Printer,Electronics,West,Ahmedabad,1,12061.28,25.0,9045.96,6600.64,2445.32,Regular,Cash
ORD3439,2024-12-22 00:27:39.211842,Printer,Electronics,Central,Indore,10,13117.44,25.0,98380.8,75158.16,23222.64,New,Net Banking
ORD3440,2024-12-22 03:57:56.135227,Gaming Mouse,Accessories,West,Pune,4,1981.9,10.0,7134.84,6055.34,1079.5,New,UPI
ORD3441,2024-12-22 07:28:13.058611,Router,Electronics,East,Kolkata,3,2659.33,5.0,7579.09,6016.13,1562.96,Premium,Debit Card
ORD3442,2024-12-22 10:58:29.981996,Power Bank,Accessories,South,Hyderabad,6,1740.54,15.0,8876.75,6525.22,2351.53,New,UPI
ORD3443,2024-12-22 14:28:46.905381,Printer,Electronics,Central,Indore,5,12361.08,5.0,58715.13,46539.58,12175.55,Regular,UPI
ORD3444,2024-12-22 17:59:03.828765,Monitor,Electronics,West,Surat,5,15580.45,20.0,62321.8,44797.29,17524.51,Regular,Net Banking
ORD3445,2024-12-22 21:29:20.752150,Keyboard,Accessories,Central,Bhopal,2,1441.87,5.0,2739.55,1856.67,882.88,Premium,Net Banking
ORD3446,2024-12-23 00:59:37.675535,Monitor,Electronics,North,Chandigarh,3,16486.27,25.0,37094.11,24685.77,12408.34,Regular,Credit Card
ORD3447,2024-12-23 04:29:54.598919,Mouse,Accessories,South,Chennai,6,736.52,5.0,4198.16,2938.17,1259.99,New,UPI
ORD3448,2024-12-23 08:00:11.522304,Mouse,Accessories,South,Hyderabad,2,745.12,20.0,1192.19,715.99,476.2,Regular,UPI
ORD3449,2024-12-23 11:30:28.445689,External Hard Drive,Electronics,West,Surat,4,7009.85,20.0,22431.52,14451.26,7980.26,Regular,Net Banking
ORD3450,2024-12-23 15:00:45.369073,Tablet,Electronics,North,Delhi,2,20324.39,25.0,30486.58,19256.34,11230.24,Regular,Debit Card
ORD3451,2024-12-23 18:31:02.292458,Laptop,Electronics,North,Chandigarh,9,53694.15,10.0,434922.62,365372.19,69550.43,Regular,Net Banking
ORD3452,2024-12-23 22:01:19.215843,Monitor,Electronics,Central,Bhopal,3,15699.43,0.0,47098.29,29022.53,18075.76,New,Debit Card
ORD3453,2024-12-24 01:31:36.139227,Keyboard,Accessories,North,Chandigarh,10,1587.45,15.0,13493.32,9785.94,3707.38,Premium,Net Banking
ORD3454,2024-12-24 05:01:53.062612,Smartwatch,Accessories,Central,Indore,10,6545.6,15.0,55637.6,46175.28,9462.32,Regular,Cash
ORD3455,2024-12-24 08:32:09.985997,Backpack,Accessories,South,Bengaluru,6,1904.25,25.0,8569.12,6442.95,2126.17,Regular,UPI
ORD3456,2024-12-24 12:02:26.909381,Office Desk,Furniture,Central,Indore,1,12826.88,15.0,10902.85,7891.67,3011.18,Regular,Debit Card
ORD3457,2024-12-24 15:32:43.832766,Gaming Mouse,Accessories,West,Ahmedabad,10,2397.73,5.0,22778.44,17898.12,4880.32,New,Cash
ORD3458,2024-12-24 19:03:00.756151,Monitor,Electronics,Central,Bhopal,3,15161.06,20.0,36386.54,25046.45,11340.09,Regular,Debit Card
ORD3459,2024-12-24 22:33:17.679535,Office Desk,Furniture,Central,Indore,8,11624.24,20.0,74395.14,48239.94,26155.2,New,Credit Card
ORD3460,2024-12-25 02:03:34.602920,Power Bank,Accessories,North,Lucknow,5,1894.18,25.0,7103.17,5766.5,1336.67,Regular,Credit Card
ORD3461,2024-12-25 05:33:51.526305,Mouse,Accessories,North,Delhi,8,746.17,20.0,4775.49,2932.85,1842.64,Regular,UPI
ORD3462,2024-12-25 09:04:08.449689,Tablet,Electronics,South,Hyderabad,2,20100.22,0.0,40200.44,32238.68,7961.76,Regular,Cash
ORD3463,2024-12-25 12:34:25.373074,Backpack,Accessories,West,Surat,7,1902.72,20.0,10655.23,6668.49,3986.74,New,Cash
ORD3464,2024-12-25 16:04:42.296459,Power Bank,Accessories,Central,Nagpur,9,1962.24,20.0,14128.13,10686.4,3441.73,Regular,Credit Card
ORD3465,2024-12-25 19:34:59.219843,USB Drive,Accessories,East,Kolkata,7,889.64,5.0,5916.11,4255.23,1660.88,Regular,UPI
ORD3466,2024-12-25 23:05:16.143228,USB Drive,Accessories,West,Surat,3,839.0,10.0,2265.3,1924.68,340.62,Regular,Credit Card
ORD3467,2024-12-26 02:35:33.066613,Power Bank,Accessories,North,Delhi,7,1798.93,15.0,10703.63,7460.22,3243.41,New,Cash
ORD3468,2024-12-26 06:05:49.989998,Bookshelf,Furniture,Central,Indore,8,6850.64,5.0,52064.86,43699.17,8365.69,Regular,Debit Card
ORD3469,2024-12-26 09:36:06.913382,Keyboard,Accessories,Central,Bhopal,1,1461.74,5.0,1388.65,973.37,415.28,New,Cash
ORD3470,2024-12-26 13:06:23.836767,Office Desk,Furniture,South,Chennai,3,12307.39,5.0,35076.06,27023.48,8052.58,Premium,UPI
ORD3471,2024-12-26 16:36:40.760152,Smartwatch,Accessories,East,Patna,5,5609.68,15.0,23841.14,18141.09,5700.05,Regular,Cash
ORD3472,2024-12-26 20:06:57.683536,Bookshelf,Furniture,North,Lucknow,6,6832.67,25.0,30747.02,19112.75,11634.27,Premium,Net Banking
ORD3473,2024-12-26 23:37:14.606921,Monitor,Electronics,West,Mumbai,3,16106.03,5.0,45902.19,36071.84,9830.35,New,Cash
ORD3474,2024-12-27 03:07:31.530306,Office Chair,Furniture,East,Patna,4,9413.4,10.0,33888.24,22100.79,11787.45,Regular,Net Banking
ORD3475,2024-12-27 06:37:48.453690,Gaming Mouse,Accessories,North,Delhi,5,2004.46,25.0,7516.72,5239.98,2276.74,New,Credit Card
ORD3476,2024-12-27 10:08:05.377075,External Hard Drive,Electronics,East,Bhubaneswar,3,6518.07,20.0,15643.37,12445.09,3198.28,Regular,Net Banking
ORD3477,2024-12-27 13:38:22.300460,Office Chair,Furniture,South,Chennai,4,8264.33,10.0,29751.59,24874.66,4876.93,Regular,Cash
ORD3478,2024-12-27 17:08:39.223844,Monitor,Electronics,East,Kolkata,5,16372.49,25.0,61396.84,45430.65,15966.19,Regular,Cash
ORD3479,2024-12-27 20:38:56.147229,External Hard Drive,Electronics,West,Ahmedabad,2,6168.03,20.0,9868.85,7202.74,2666.11,New,Cash
ORD3480,2024-12-28 00:09:13.070614,Laptop,Electronics,North,Lucknow,10,59758.83,20.0,478070.64,347189.65,130880.99,New,UPI
ORD3481,2024-12-28 03:39:29.993998,Mouse,Accessories,West,Pune,9,853.44,5.0,7296.91,5867.75,1429.16,Regular,Credit Card
ORD3482,2024-12-28 07:09:46.917383,Keyboard,Accessories,West,Surat,10,1515.41,5.0,14396.4,12212.16,2184.24,Regular,Net Banking
ORD3483,2024-12-28 10:40:03.840768,Webcam,Electronics,South,Chennai,8,3385.41,15.0,23020.79,17458.92,5561.87,Regular,Debit Card
ORD3484,2024-12-28 14:10:20.764152,External Hard Drive,Electronics,North,Jaipur,6,6965.33,0.0,41791.98,29031.03,12760.95,New,Net Banking
ORD3485,2024-12-28 17:40:37.687537,Office Chair,Furniture,West,Ahmedabad,10,8375.01,10.0,75375.09,49345.51,26029.58,New,Cash
ORD3486,2024-12-28 21:10:54.610922,Gaming Mouse,Accessories,Central,Nagpur,3,2059.19,15.0,5250.93,3411.56,1839.37,Regular,Debit Card
ORD3487,2024-12-29 00:41:11.534306,Webcam,Electronics,South,Chennai,2,3307.31,15.0,5622.43,4576.87,1045.56,Regular,Debit Card
ORD3488,2024-12-29 04:11:28.457691,USB Drive,Accessories,South,Chennai,7,917.59,10.0,5780.82,4902.64,878.18,Regular,Net Banking
ORD3489,2024-12-29 07:41:45.381076,Mouse,Accessories,North,Chandigarh,8,770.29,25.0,4621.74,3579.53,1042.21,Regular,Net Banking
ORD3490,2024-12-29 11:12:02.304460,Power Bank,Accessories,West,Surat,10,1976.11,10.0,17784.99,14920.85,2864.14,Regular,Net Banking
ORD3491,2024-12-29 14:42:19.227845,Office Desk,Furniture,North,Lucknow,1,11268.27,20.0,9014.62,6197.54,2817.08,Premium,Net Banking
ORD3492,2024-12-29 18:12:36.151230,Backpack,Accessories,South,Chennai,6,1910.02,0.0,11460.12,8674.15,2785.97,New,Credit Card
ORD3493,2024-12-29 21:42:53.074614,Printer,Electronics,West,Pune,7,11030.01,25.0,57907.55,42152.13,15755.42,Regular,UPI
ORD3494,2024-12-30 01:13:09.997999,External Hard Drive,Electronics,West,Pune,9,6309.48,5.0,53946.05,38868.37,15077.68,Regular,UPI
ORD3495,2024-12-30 04:43:26.921384,Printer,Electronics,South,Bengaluru,3,11385.03,0.0,34155.09,25892.75,8262.34,Regular,Net Banking
ORD3496,2024-12-30 08:13:43.844768,Tablet,Electronics,East,Patna,2,24098.08,0.0,48196.16,32656.98,15539.18,Regular,UPI
ORD3497,2024-12-30 11:44:00.768153,Printer,Electronics,West,Surat,5,10861.75,5.0,51593.31,39218.94,12374.37,Regular,Net Banking
ORD3498,2024-12-30 15:14:17.691538,Router,Electronics,North,Jaipur,10,2610.83,0.0,26108.3,20056.8,6051.5,Regular,Net Banking
ORD3499,2024-12-30 18:44:34.614922,Bluetooth Speaker,Accessories,North,Chandigarh,1,2848.63,25.0,2136.47,1728.46,408.01,Regular,Net Banking
ORD3500,2024-12-30 22:14:51.538307,Bluetooth Speaker,Accessories,Central,Nagpur,6,3186.75,25.0,14340.38,11223.07,3117.31,Regular,Credit Card
ORD3501,2024-12-31 01:45:08.461692,Office Desk,Furniture,North,Lucknow,9,11546.94,25.0,77941.84,52996.06,24945.78,Regular,Cash
ORD3502,2024-12-31 05:15:25.385077,Smartwatch,Accessories,West,Pune,10,5624.74,15.0,47810.29,34074.39,13735.9,Regular,UPI
ORD3503,2024-12-31 08:45:42.308461,Laptop,Electronics,Central,Nagpur,9,57123.44,15.0,436994.32,275347.71,161646.61,New,UPI
ORD3504,2024-12-31 12:15:59.231846,External Hard Drive,Electronics,South,Hyderabad,7,6184.85,25.0,32470.46,21570.89,10899.57,New,Credit Card
ORD3505,2024-12-31 15:46:16.155231,Monitor,Electronics,South,Hyderabad,7,14956.64,5.0,99461.66,72630.51,26831.15,Regular,Credit Card
ORD3506,2024-12-31 19:16:33.078615,Power Bank,Accessories,West,Mumbai,8,1667.35,5.0,12671.86,7922.32,4749.54,Regular,Net Banking
ORD3507,2024-12-31 22:46:50.002000,Mouse,Accessories,Central,Unknown,10,835.94,10.0,7523.46,5587.31,1936.15,Regular,Net Banking
ORD3508,2025-01-01 02:17:06.925385,Laptop,Electronics,Central,Indore,2,53975.2,10.0,97155.36,67772.64,29382.72,Regular,Cash
ORD3509,2025-01-01 05:47:23.848769,Router,Electronics,West,Surat,6,2320.29,25.0,10441.3,6355.53,4085.77,Regular,UPI
ORD3510,2025-01-01 09:17:40.772154,Smartphone,Electronics,North,Delhi,5,26207.98,0.0,131039.9,92856.44,38183.46,New,Credit Card
ORD3511,2025-01-01 12:47:57.695539,Office Chair,Furniture,West,Ahmedabad,5,8286.05,0.0,41430.25,27770.08,13660.17,Premium,Cash
ORD3512,2025-01-01 16:18:14.618923,Smartwatch,Accessories,East,Patna,3,6089.78,5.0,17355.87,10704.13,6651.74,New,UPI
ORD3513,2025-01-01 19:48:31.542308,Mouse,Accessories,East,Kolkata,3,817.2,0.0,2451.6,1650.77,800.83,Regular,Cash
ORD3514,2025-01-01 23:18:48.465693,Router,Electronics,North,Chandigarh,6,2715.18,20.0,13032.86,8777.94,4254.92,Regular,Cash
ORD3515,2025-01-02 02:49:05.389077,Router,Electronics,North,Jaipur,10,2325.49,15.0,19766.66,13614.65,6152.01,Premium,Net Banking
ORD3516,2025-01-02 06:19:22.312462,Smartphone,Electronics,West,Surat,10,25766.73,0.0,257667.3,178207.53,79459.77,New,Cash
ORD3517,2025-01-02 09:49:39.235847,Keyboard,Accessories,East,Bhubaneswar,7,1464.23,0.0,10249.61,7251.01,2998.6,Regular,Net Banking
ORD3518,2025-01-02 13:19:56.159231,Backpack,Accessories,South,Hyderabad,1,1764.29,10.0,1587.86,989.22,598.64,Regular,UPI
ORD3519,2025-01-02 16:50:13.082616,Keyboard,Accessories,South,Hyderabad,3,1500.55,20.0,3601.32,2165.54,1435.78,Regular,UPI
ORD3520,2025-01-02 20:20:30.006001,Smartphone,Electronics,Central,Nagpur,1,23668.92,0.0,23668.92,18556.48,5112.44,New,Net Banking
ORD3521,2025-01-02 23:50:46.929385,Laptop,Electronics,West,Pune,10,54573.02,15.0,463870.67,317443.68,146426.99,Regular,Debit Card
ORD3522,2025-01-03 03:21:03.852770,Power Bank,Accessories,South,Hyderabad,3,1867.26,0.0,5601.78,4220.4,1381.38,Regular,Cash
ORD3523,2025-01-03 06:51:20.776155,Printer,Electronics,North,Chandigarh,5,11897.07,5.0,56511.08,38244.37,18266.71,Regular,UPI
ORD3524,2025-01-03 10:21:37.699539,Smartphone,Electronics,South,Bengaluru,9,22712.54,20.0,163530.29,138354.28,25176.01,New,Cash
ORD3525,2025-01-03 13:51:54.622924,USB Drive,Accessories,Central,Bhopal,3,856.41,0.0,2569.23,1744.14,825.09,New,Debit Card
ORD3526,2025-01-03 17:22:11.546309,Smartphone,Electronics,West,Ahmedabad,10,24257.3,20.0,194058.4,145788.53,48269.87,Regular,Cash
ORD3527,2025-01-03 20:52:28.469693,Power Bank,Accessories,East,Bhubaneswar,10,1747.7,0.0,17477.0,11447.31,6029.69,Regular,Debit Card
ORD3528,2025-01-04 00:22:45.393078,Smartphone,Electronics,West,Surat,9,22905.03,15.0,175223.48,127816.87,47406.61,Regular,Credit Card
ORD3529,2025-01-04 03:53:02.316463,USB Drive,Accessories,South,Hyderabad,1,890.92,15.0,757.28,564.05,193.23,Regular,Debit Card
ORD3530,2025-01-04 07:23:19.239847,USB Drive,Accessories,Central,Nagpur,6,934.55,20.0,4485.84,2896.53,1589.31,New,UPI
ORD3531,2025-01-04 10:53:36.163232,Bluetooth Speaker,Accessories,East,Kolkata,9,2729.2,25.0,18422.1,11622.76,6799.34,New,Net Banking
ORD3532,2025-01-04 14:23:53.086617,Mouse,Accessories,North,Chandigarh,5,840.15,10.0,3780.68,3188.63,592.05,New,Net Banking
ORD3533,2025-01-04 17:54:10.010002,Office Desk,Furniture,North,Lucknow,10,13092.25,10.0,117830.25,97011.64,20818.61,Premium,Cash
ORD3534,2025-01-04 21:24:26.933386,Webcam,Electronics,East,Kolkata,2,3156.54,5.0,5997.43,4588.13,1409.3,Regular,Credit Card
ORD3535,2025-01-05 00:54:43.856771,Headphones,Accessories,Central,Bhopal,5,2816.22,25.0,10560.82,8609.85,1950.97,New,Cash
ORD3536,2025-01-05 04:25:00.780156,Keyboard,Accessories,South,Bengaluru,1,1513.05,10.0,1361.74,849.58,512.16,New,Debit Card
ORD3537,2025-01-05 07:55:17.703540,Power Bank,Accessories,Central,Indore,9,1698.5,20.0,12229.2,9567.44,2661.76,Premium,Net Banking
ORD3538,2025-01-05 11:25:34.626925,Tablet,Electronics,West,Mumbai,10,23164.35,10.0,208479.15,139973.13,68506.02,Regular,Debit Card
ORD3539,2025-01-05 14:55:51.550310,Bluetooth Speaker,Accessories,South,Hyderabad,10,2887.28,5.0,27429.16,20156.96,7272.2,Premium,Net Banking
ORD3540,2025-01-05 18:26:08.473694,Router,Electronics,North,Chandigarh,9,2396.81,0.0,21571.29,17067.28,4504.01,Regular,Net Banking
ORD3541,2025-01-05 21:56:25.397079,Mouse,Accessories,North,Delhi,6,720.15,10.0,3888.81,2365.83,1522.98,Regular,Net Banking
ORD3542,2025-01-06 01:26:42.320464,Gaming Mouse,Accessories,West,Mumbai,9,2098.86,20.0,15111.79,11692.14,3419.65,New,UPI
ORD3543,2025-01-06 04:56:59.243848,Monitor,Electronics,North,Jaipur,3,14153.01,20.0,33967.22,24073.14,9894.08,New,Debit Card
ORD3544,2025-01-06 08:27:16.167233,Backpack,Accessories,South,Chennai,4,1743.57,5.0,6625.57,4703.61,1921.96,New,Cash
ORD3545,2025-01-06 11:57:33.090618,Gaming Mouse,Accessories,East,Patna,6,2044.97,5.0,11656.33,9637.68,2018.65,New,Credit Card
ORD3546,2025-01-06 15:27:50.014002,Webcam,Electronics,West,Ahmedabad,4,3566.25,15.0,12125.25,9881.28,2243.97,Regular,Cash
ORD3547,2025-01-06 18:58:06.937387,Headphones,Accessories,North,Jaipur,1,2843.24,15.0,2416.75,1484.81,931.94,Premium,Debit Card
ORD3548,2025-01-06 22:28:23.860772,Webcam,Electronics,East,Bhubaneswar,7,3732.23,15.0,22206.77,16756.76,5450.01,New,Credit Card
ORD3549,2025-01-07 01:58:40.784156,Gaming Mouse,Accessories,East,Patna,5,2105.21,0.0,10526.05,7462.56,3063.49,Premium,Cash
ORD3550,2025-01-07 05:28:57.707541,Backpack,Accessories,East,Kolkata,8,1695.91,20.0,10853.82,6831.98,4021.84,Regular,Credit Card
ORD3551,2025-01-07 08:59:14.630926,Smartwatch,Accessories,Central,Nagpur,9,5468.1,15.0,41830.96,33998.65,7832.31,Regular,Debit Card
ORD3552,2025-01-07 12:29:31.554310,Headphones,Accessories,North,Jaipur,5,3143.94,20.0,12575.76,7770.28,4805.48,Regular,Net Banking
ORD3553,2025-01-07 15:59:48.477695,Router,Electronics,Central,Indore,8,2504.1,5.0,19031.16,11571.41,7459.75,Regular,Debit Card
ORD3554,2025-01-07 19:30:05.401080,Smartphone,Electronics,West,Mumbai,1,23068.91,0.0,23068.91,14980.46,8088.45,New,UPI
ORD3555,2025-01-07 23:00:22.324464,Tablet,Electronics,West,Pune,1,20773.87,5.0,19735.18,13337.92,6397.26,Regular,Credit Card
ORD3556,2025-01-08 02:30:39.247849,Headphones,Accessories,West,Mumbai,7,3299.23,20.0,18475.69,11366.62,7109.07,Regular,Debit Card
ORD3557,2025-01-08 06:00:56.171234,Office Desk,Furniture,East,Patna,6,12734.47,25.0,57305.11,43570.67,13734.44,Regular,Net Banking
ORD3558,2025-01-08 09:31:13.094618,Laptop,Electronics,North,Jaipur,5,53348.56,25.0,200057.1,141898.0,58159.1,Regular,Net Banking
ORD3559,2025-01-08 13:01:30.018003,Power Bank,Accessories,West,Surat,5,1815.32,15.0,7715.11,5424.09,2291.02,Regular,Debit Card
ORD3560,2025-01-08 16:31:46.941388,Gaming Mouse,Accessories,East,Bhubaneswar,9,2163.05,25.0,14600.59,9290.87,5309.72,Regular,Cash
ORD3561,2025-01-08 20:02:03.864772,Tablet,Electronics,West,Surat,1,19960.11,5.0,18962.1,13452.61,5509.49,Premium,Debit Card
ORD3562,2025-01-08 23:32:20.788157,Keyboard,Accessories,South,Hyderabad,8,1583.6,25.0,9501.6,6627.76,2873.84,Regular,Net Banking
ORD3563,2025-01-09 03:02:37.711542,Mouse,Accessories,Central,Bhopal,2,834.72,10.0,1502.5,1045.61,456.89,Premium,Debit Card
ORD3564,2025-01-09 06:32:54.634926,Gaming Mouse,Accessories,West,Surat,7,2159.87,0.0,15119.09,9897.59,5221.5,Regular,UPI
ORD3565,2025-01-09 10:03:11.558311,External Hard Drive,Electronics,North,Chandigarh,6,6949.67,20.0,33358.42,20802.62,12555.8,Regular,Cash
ORD3566,2025-01-09 13:33:28.481696,Office Chair,Furniture,East,Kolkata,10,9062.53,15.0,77031.5,51239.58,25791.92,New,Debit Card
ORD3567,2025-01-09 17:03:45.405081,Bluetooth Speaker,Accessories,West,Pune,2,2739.13,5.0,5204.35,3990.79,1213.56,Regular,Net Banking
ORD3568,2025-01-09 20:34:02.328465,Printer,Electronics,West,Pune,3,11422.58,0.0,34267.74,21185.37,13082.37,Regular,Debit Card
ORD3569,2025-01-10 00:04:19.251850,Bluetooth Speaker,Accessories,East,Kolkata,4,2977.06,15.0,10122.0,7040.67,3081.33,New,Debit Card
ORD3570,2025-01-10 03:34:36.175235,Office Chair,Furniture,Central,Bhopal,7,8286.21,5.0,55103.3,40147.94,14955.36,Regular,Credit Card
ORD3571,2025-01-10 07:04:53.098619,Office Desk,Furniture,South,Bengaluru,8,12170.59,25.0,73023.54,61397.31,11626.23,Premium,Debit Card
ORD3572,2025-01-10 10:35:10.022004,Power Bank,Accessories,East,Kolkata,2,1663.4,20.0,2661.44,2158.31,503.13,Regular,UPI
ORD3573,2025-01-10 14:05:26.945389,Headphones,Accessories,Central,Bhopal,8,2820.3,10.0,20306.16,16836.92,3469.24,New,Net Banking
ORD3574,2025-01-10 17:35:43.868773,Smartwatch,Accessories,Central,Nagpur,9,6472.78,10.0,52429.52,42205.78,10223.74,Regular,Credit Card
ORD3575,2025-01-10 21:06:00.792158,Monitor,Electronics,West,Surat,7,16499.44,25.0,86622.06,64730.82,21891.24,New,Debit Card
ORD3576,2025-01-11 00:36:17.715543,Printer,Electronics,Central,Bhopal,1,12120.61,20.0,9696.49,7904.55,1791.94,Regular,Cash
ORD3577,2025-01-11 04:06:34.638927,Headphones,Accessories,North,Lucknow,6,3071.79,0.0,18430.74,13662.93,4767.81,Regular,UPI
ORD3578,2025-01-11 07:36:51.562312,Smartwatch,Accessories,Central,Indore,8,6356.92,20.0,40684.29,28049.25,12635.04,Regular,UPI
ORD3579,2025-01-11 11:07:08.485697,Webcam,Electronics,South,Chennai,5,3637.3,25.0,13639.88,9453.6,4186.28,Regular,UPI
ORD3580,2025-01-11 14:37:25.409081,Webcam,Electronics,North,Jaipur,2,3277.73,5.0,6227.69,4616.99,1610.7,New,Credit Card
ORD3581,2025-01-11 18:07:42.332466,USB Drive,Accessories,South,Hyderabad,5,884.1,0.0,4420.5,3546.83,873.67,Premium,Debit Card
ORD3582,2025-01-11 21:37:59.255851,Backpack,Accessories,East,Patna,8,1812.64,10.0,13051.01,8266.68,4784.33,Premium,UPI
ORD3583,2025-01-12 01:08:16.179235,Headphones,Accessories,South,Hyderabad,2,2915.83,25.0,4373.74,2667.18,1706.56,New,Debit Card
ORD3584,2025-01-12 04:38:33.102620,External Hard Drive,Electronics,South,Chennai,1,6078.94,5.0,5774.99,4604.93,1170.06,Regular,Cash
ORD3585,2025-01-12 08:08:50.026005,Power Bank,Accessories,North,Delhi,4,1885.0,25.0,5655.0,4308.53,1346.47,Regular,Debit Card
ORD3586,2025-01-12 11:39:06.949389,Gaming Mouse,Accessories,South,Chennai,4,2067.49,15.0,7029.47,5661.03,1368.44,Regular,Debit Card
ORD3587,2025-01-12 15:09:23.872774,Keyboard,Accessories,West,Ahmedabad,9,1428.15,15.0,10925.35,9222.84,1702.51,New,Debit Card
ORD3588,2025-01-12 18:39:40.796159,Office Desk,Furniture,East,Patna,3,11487.65,15.0,29293.51,19417.16,9876.35,Regular,Net Banking
ORD3589,2025-01-12 22:09:57.719543,Smartphone,Electronics,South,Chennai,4,23308.9,0.0,93235.6,54423.08,38812.52,Premium,Credit Card
ORD3590,2025-01-13 01:40:14.642928,Mouse,Accessories,West,Mumbai,3,855.93,20.0,2054.23,1407.65,646.58,New,Debit Card
ORD3591,2025-01-13 05:10:31.566313,USB Drive,Accessories,Central,Indore,2,919.91,0.0,1839.82,1507.72,332.1,New,UPI
ORD3592,2025-01-13 08:40:48.489697,Tablet,Electronics,West,Mumbai,4,23472.89,10.0,84502.4,50996.44,33505.96,New,Net Banking
ORD3593,2025-01-13 12:11:05.413082,Bookshelf,Furniture,South,Chennai,8,6991.22,5.0,53133.27,32019.87,21113.4,Regular,Debit Card
ORD3594,2025-01-13 15:41:22.336467,Tablet,Electronics,West,Surat,1,22086.08,5.0,20981.78,13726.21,7255.57,Premium,Net Banking
ORD3595,2025-01-13 19:11:39.259851,External Hard Drive,Electronics,North,Chandigarh,8,6650.99,15.0,45226.73,31386.4,13840.33,Regular,Credit Card
ORD3596,2025-01-13 22:41:56.183236,Office Chair,Furniture,North,Delhi,8,8767.66,0.0,70141.28,47386.5,22754.78,New,Net Banking
ORD3597,2025-01-14 02:12:13.106621,Headphones,Accessories,South,Hyderabad,3,2997.95,15.0,7644.77,6163.44,1481.33,Regular,UPI
ORD3598,2025-01-14 05:42:30.030006,Keyboard,Accessories,Central,Indore,10,1514.07,5.0,14383.66,11110.38,3273.28,Regular,Debit Card
ORD3599,2025-01-14 09:12:46.953390,Laptop,Electronics,South,Chennai,10,59988.97,5.0,569895.22,461306.48,108588.74,New,UPI
ORD3600,2025-01-14 12:43:03.876775,Laptop,Electronics,North,Chandigarh,6,59211.99,20.0,284217.55,197798.38,86419.17,Regular,Cash
ORD3601,2025-01-14 16:13:20.800160,Headphones,Accessories,North,Jaipur,4,2777.55,20.0,8888.16,6656.81,2231.35,New,Net Banking
ORD3602,2025-01-14 19:43:37.723544,Printer,Electronics,Central,Nagpur,1,10899.08,20.0,8719.26,6355.15,2364.11,Regular,Net Banking
ORD3603,2025-01-14 23:13:54.646929,USB Drive,Accessories,West,Pune,1,932.46,15.0,792.59,569.62,222.97,Regular,Net Banking
ORD3604,2025-01-15 02:44:11.570314,Office Chair,Furniture,South,Chennai,5,8188.56,25.0,30707.1,20635.96,10071.14,Regular,Credit Card
ORD3605,2025-01-15 06:14:28.493698,Printer,Electronics,West,Ahmedabad,8,10944.84,0.0,87558.72,68059.84,19498.88,Premium,UPI
ORD3606,2025-01-15 09:44:45.417083,Monitor,Electronics,East,Bhubaneswar,1,13977.79,20.0,11182.23,8174.29,3007.94,Premium,Cash
ORD3607,2025-01-15 13:15:02.340468,Keyboard,Accessories,West,Mumbai,2,1455.51,10.0,2619.92,1623.44,996.48,New,Credit Card
ORD3608,2025-01-15 16:45:19.263852,Backpack,Accessories,South,Hyderabad,7,1776.6,20.0,9948.96,5970.68,3978.28,Premium,Credit Card
ORD3609,2025-01-15 20:15:36.187237,Bluetooth Speaker,Accessories,Central,Bhopal,8,3011.63,15.0,20479.08,12391.48,8087.6,Regular,Debit Card
ORD3610,2025-01-15 23:45:53.110622,Smartwatch,Accessories,South,Hyderabad,3,6590.75,0.0,19772.25,12238.78,7533.47,Regular,Cash
ORD3611,2025-01-16 03:16:10.034006,Office Desk,Furniture,West,Surat,8,11724.56,20.0,75037.18,51981.15,23056.03,New,Net Banking
ORD3612,2025-01-16 06:46:26.957391,Office Chair,Furniture,North,Chandigarh,1,8536.96,0.0,8536.96,5774.54,2762.42,New,Net Banking
ORD3613,2025-01-16 10:16:43.880776,Backpack,Accessories,South,Hyderabad,9,1827.09,10.0,14799.43,9459.21,5340.22,Premium,Debit Card
ORD3614,2025-01-16 13:47:00.804160,USB Drive,Accessories,South,Hyderabad,2,848.73,5.0,1612.59,1175.36,437.23,New,Net Banking
ORD3615,2025-01-16 17:17:17.727545,Laptop,Electronics,East,Patna,2,59845.98,0.0,119691.96,100845.9,18846.06,New,UPI
ORD3616,2025-01-16 20:47:34.650930,Bookshelf,Furniture,North,Chandigarh,4,6662.96,25.0,19988.88,12796.36,7192.52,Regular,Net Banking
ORD3617,2025-01-17 00:17:51.574314,Bookshelf,Furniture,West,Ahmedabad,10,7685.91,20.0,61487.28,40744.41,20742.87,Premium,UPI
ORD3618,2025-01-17 03:48:08.497699,Smartphone,Electronics,South,Bengaluru,3,24593.34,15.0,62713.02,44872.78,17840.24,Regular,Debit Card
ORD3619,2025-01-17 07:18:25.421084,Monitor,Electronics,West,Surat,4,15938.06,25.0,47814.18,36348.83,11465.35,Premium,Debit Card
ORD3620,2025-01-17 10:48:42.344468,Keyboard,Accessories,Central,Indore,6,1544.48,25.0,6950.16,5213.05,1737.11,Regular,UPI
ORD3621,2025-01-17 14:18:59.267853,Printer,Electronics,West,Pune,7,13040.39,15.0,77590.32,56664.2,20926.12,New,Net Banking
ORD3622,2025-01-17 17:49:16.191238,Tablet,Electronics,West,Surat,5,22551.88,15.0,95845.49,75173.25,20672.24,Regular,Debit Card
ORD3623,2025-01-17 21:19:33.114622,Laptop,Electronics,West,Surat,2,55893.4,15.0,95018.78,77106.45,17912.33,Regular,Debit Card
ORD3624,2025-01-18 00:49:50.038007,Monitor,Electronics,South,Bengaluru,3,15458.56,25.0,34781.76,29555.51,5226.25,Regular,UPI
ORD3625,2025-01-18 04:20:06.961392,Gaming Mouse,Accessories,Central,Indore,10,2326.04,0.0,23260.4,16663.23,6597.17,Regular,Debit Card
ORD3626,2025-01-18 07:50:23.884776,Smartphone,Electronics,South,Hyderabad,3,26994.21,15.0,68835.24,58423.16,10412.08,New,Net Banking
ORD3627,2025-01-18 11:20:40.808161,Printer,Electronics,West,Ahmedabad,5,11440.36,5.0,54341.71,42529.17,11812.54,New,Debit Card
ORD3628,2025-01-18 14:50:57.731546,Tablet,Electronics,West,Ahmedabad,5,20683.9,25.0,77564.62,59285.39,18279.23,Regular,UPI
ORD3629,2025-01-18 18:21:14.654930,Smartwatch,Accessories,South,Bengaluru,4,5441.22,25.0,16323.66,12404.69,3918.97,Regular,Net Banking
ORD3630,2025-01-18 21:51:31.578315,Gaming Mouse,Accessories,South,Chennai,8,2142.83,25.0,12856.98,10641.54,2215.44,New,Cash
ORD3631,2025-01-19 01:21:48.501700,Keyboard,Accessories,East,Patna,6,1603.86,10.0,8660.84,7248.98,1411.86,New,UPI
ORD3632,2025-01-19 04:52:05.425085,External Hard Drive,Electronics,Central,Indore,6,5940.81,0.0,35644.86,22977.51,12667.35,Regular,Cash
ORD3633,2025-01-19 08:22:22.348469,Keyboard,Accessories,Central,Bhopal,1,1511.56,0.0,1511.56,1093.4,418.16,Premium,Debit Card
ORD3634,2025-01-19 11:52:39.271854,Bluetooth Speaker,Accessories,East,Kolkata,6,3116.87,15.0,15896.04,13278.96,2617.08,Regular,Net Banking
ORD3635,2025-01-19 15:22:56.195239,Office Desk,Furniture,West,Mumbai,3,12808.45,25.0,28819.01,20044.43,8774.58,New,Debit Card
ORD3636,2025-01-19 18:53:13.118623,Office Chair,Furniture,Central,Indore,6,9150.17,25.0,41175.76,27100.61,14075.15,Regular,Net Banking
ORD3637,2025-01-19 22:23:30.042008,Smartphone,Electronics,North,Chandigarh,10,23431.6,15.0,199168.6,124612.48,74556.12,Regular,Credit Card
ORD3638,2025-01-20 01:53:46.965393,Webcam,Electronics,South,Hyderabad,6,3825.18,0.0,22951.08,17197.35,5753.73,Regular,Debit Card
ORD3639,2025-01-20 05:24:03.888777,Office Desk,Furniture,West,Surat,2,11027.16,15.0,18746.17,14529.56,4216.61,New,Debit Card
ORD3640,2025-01-20 08:54:20.812162,Office Desk,Furniture,Central,Bhopal,1,12645.6,15.0,10748.76,6974.73,3774.03,Regular,Debit Card
ORD3641,2025-01-20 12:24:37.735547,Smartwatch,Accessories,Central,Bhopal,3,5503.87,15.0,14034.87,10784.53,3250.34,Regular,UPI
ORD3642,2025-01-20 15:54:54.658931,Smartphone,Electronics,East,Bhubaneswar,5,23217.1,15.0,98672.68,81395.57,17277.11,New,Net Banking
ORD3643,2025-01-20 19:25:11.582316,Tablet,Electronics,North,Delhi,4,23752.15,15.0,80757.31,53372.09,27385.22,New,Net Banking
ORD3644,2025-01-20 22:55:28.505701,Office Desk,Furniture,East,Patna,7,12607.38,20.0,70601.33,44514.14,26087.19,Regular,Net Banking
ORD3645,2025-01-21 02:25:45.429085,USB Drive,Accessories,South,Bengaluru,4,875.79,20.0,2802.53,2266.84,535.69,Regular,UPI
ORD3646,2025-01-21 05:56:02.352470,Laptop,Electronics,South,Hyderabad,8,56525.97,25.0,339155.82,281198.03,57957.79,Premium,Net Banking
ORD3647,2025-01-21 09:26:19.275855,Tablet,Electronics,West,Ahmedabad,7,21811.89,25.0,114512.42,74858.54,39653.88,Regular,Debit Card
ORD3648,2025-01-21 12:56:36.199239,Gaming Mouse,Accessories,North,Delhi,10,2009.28,20.0,16074.24,12543.46,3530.78,Regular,Cash
ORD3649,2025-01-21 16:26:53.122624,Smartphone,Electronics,Central,Nagpur,9,26105.64,0.0,234950.76,175679.7,59271.06,New,Credit Card
ORD3650,2025-01-21 19:57:10.046009,Smartwatch,Accessories,East,Bhubaneswar,1,6315.91,10.0,5684.32,3750.51,1933.81,Premium,Net Banking
ORD3651,2025-01-21 23:27:26.969393,Bluetooth Speaker,Accessories,West,Ahmedabad,5,3229.4,0.0,16147.0,13013.1,3133.9,Regular,UPI
ORD3652,2025-01-22 02:57:43.892778,Webcam,Electronics,North,Lucknow,4,3528.45,25.0,10585.35,7596.15,2989.2,Regular,UPI
ORD3653,2025-01-22 06:28:00.816163,External Hard Drive,Electronics,South,Hyderabad,6,6725.08,20.0,32280.38,25019.99,7260.39,New,Net Banking
ORD3654,2025-01-22 09:58:17.739547,Office Chair,Furniture,North,Lucknow,1,8888.49,0.0,8888.49,6002.89,2885.6,New,Cash
ORD3655,2025-01-22 13:28:34.662932,USB Drive,Accessories,Central,Indore,6,867.4,10.0,4683.96,3765.65,918.31,Regular,Net Banking
ORD3656,2025-01-22 16:58:51.586317,Router,Electronics,Central,Nagpur,1,2455.85,15.0,2087.47,1390.4,697.07,New,UPI
ORD3657,2025-01-22 20:29:08.509701,Printer,Electronics,East,Kolkata,1,12988.21,5.0,12338.8,8528.54,3810.26,New,Credit Card
ORD3658,2025-01-22 23:59:25.433086,Office Desk,Furniture,South,Chennai,8,11194.01,20.0,71641.66,49996.37,21645.29,New,Cash
ORD3659,2025-01-23 03:29:42.356471,Office Chair,Furniture,Central,Nagpur,2,8547.3,20.0,13675.68,8911.16,4764.52,New,Net Banking
ORD3660,2025-01-23 06:59:59.279855,Webcam,Electronics,South,Hyderabad,10,3574.33,10.0,32168.97,26333.27,5835.7,Regular,Credit Card
ORD3661,2025-01-23 10:30:16.203240,Tablet,Electronics,North,Chandigarh,6,20311.64,15.0,103589.36,65092.65,38496.71,Regular,Net Banking
ORD3662,2025-01-23 14:00:33.126625,Laptop,Electronics,West,Pune,6,59310.51,15.0,302483.6,224074.49,78409.11,New,Cash
ORD3663,2025-01-23 17:30:50.050010,Gaming Mouse,Accessories,Central,Indore,6,2000.78,5.0,11404.45,9163.91,2240.54,Regular,UPI
ORD3664,2025-01-23 21:01:06.973394,USB Drive,Accessories,North,Jaipur,8,945.96,15.0,6432.53,4793.69,1638.84,Regular,Cash
ORD3665,2025-01-24 00:31:23.896779,Smartphone,Electronics,South,Hyderabad,4,24368.64,10.0,87727.1,59805.68,27921.42,Premium,Debit Card
ORD3666,2025-01-24 04:01:40.820164,Smartphone,Electronics,Central,Bhopal,3,22755.83,25.0,51200.62,40721.84,10478.78,Regular,Net Banking
ORD3667,2025-01-24 07:31:57.743548,Tablet,Electronics,North,Jaipur,6,23508.88,15.0,119895.29,86899.43,32995.86,Regular,Credit Card
ORD3668,2025-01-24 11:02:14.666933,Headphones,Accessories,North,Jaipur,4,3084.28,25.0,9252.84,5928.79,3324.05,New,Credit Card
ORD3669,2025-01-24 14:32:31.590318,Webcam,Electronics,West,Mumbai,2,3156.2,25.0,4734.3,3215.61,1518.69,Regular,Cash
ORD3670,2025-01-24 18:02:48.513702,Mouse,Accessories,Central,Indore,6,762.81,10.0,4119.17,3081.08,1038.09,Regular,Cash
ORD3671,2025-01-24 21:33:05.437087,Keyboard,Accessories,East,Bhubaneswar,10,1455.61,20.0,11644.88,8904.77,2740.11,Regular,Cash
ORD3672,2025-01-25 01:03:22.360472,Smartwatch,Accessories,Central,Bhopal,5,5787.09,20.0,23148.36,17061.11,6087.25,Regular,Credit Card
ORD3673,2025-01-25 04:33:39.283856,Gaming Mouse,Accessories,West,Surat,9,2199.27,20.0,15834.74,10577.64,5257.1,Regular,UPI
ORD3674,2025-01-25 08:03:56.207241,Laptop,Electronics,North,Delhi,6,55294.83,0.0,331768.98,248308.56,83460.42,Premium,Credit Card
ORD3675,2025-01-25 11:34:13.130626,Headphones,Accessories,Central,Nagpur,3,2938.05,20.0,7051.32,4816.85,2234.47,Premium,UPI
ORD3676,2025-01-25 15:04:30.054010,Tablet,Electronics,East,Kolkata,5,21259.79,10.0,95669.06,62780.93,32888.13,Regular,Cash
ORD3677,2025-01-25 18:34:46.977395,Monitor,Electronics,South,Chennai,10,15013.23,5.0,142625.68,119289.57,23336.11,New,Debit Card
ORD3678,2025-01-25 22:05:03.900780,Webcam,Electronics,West,Surat,8,3173.53,15.0,21580.0,14646.74,6933.26,New,Credit Card
ORD3679,2025-01-26 01:35:20.824164,Keyboard,Accessories,South,Hyderabad,9,1543.56,20.0,11113.63,7600.67,3512.96,Regular,Cash
ORD3680,2025-01-26 05:05:37.747549,Webcam,Electronics,North,Chandigarh,8,3574.19,0.0,28593.52,23566.61,5026.91,New,Credit Card
ORD3681,2025-01-26 08:35:54.670934,Tablet,Electronics,North,Jaipur,3,21028.57,25.0,47314.28,30076.42,17237.86,Regular,Cash
ORD3682,2025-01-26 12:06:11.594318,Backpack,Accessories,East,Kolkata,9,1684.63,0.0,15161.67,11312.86,3848.81,Regular,Credit Card
ORD3683,2025-01-26 15:36:28.517703,Gaming Mouse,Accessories,Central,Bhopal,3,2012.11,10.0,5432.7,4324.04,1108.66,Regular,Net Banking
ORD3684,2025-01-26 19:06:45.441088,Backpack,Accessories,West,Ahmedabad,8,1831.44,5.0,13918.94,9303.65,4615.29,Regular,Credit Card
ORD3685,2025-01-26 22:37:02.364472,Monitor,Electronics,Central,Nagpur,10,15206.7,20.0,121653.6,98663.53,22990.07,Premium,Net Banking
ORD3686,2025-01-27 02:07:19.287857,Office Desk,Furniture,South,Bengaluru,9,12079.96,20.0,86975.71,68920.62,18055.09,New,UPI
ORD3687,2025-01-27 05:37:36.211242,Router,Electronics,South,Chennai,7,2742.81,0.0,19199.67,13853.01,5346.66,Regular,Credit Card
ORD3688,2025-01-27 09:07:53.134626,Mouse,Accessories,North,Chandigarh,4,805.05,10.0,2898.18,1824.92,1073.26,Regular,UPI
ORD3689,2025-01-27 12:38:10.058011,Smartwatch,Accessories,North,Delhi,10,6266.15,0.0,62661.5,52793.99,9867.51,Premium,Debit Card
ORD3690,2025-01-27 16:08:26.981396,Tablet,Electronics,South,Bengaluru,9,20296.84,0.0,182671.56,138110.21,44561.35,Regular,Net Banking
ORD3691,2025-01-27 19:38:43.904780,Bookshelf,Furniture,West,Surat,3,6718.56,5.0,19147.9,13964.08,5183.82,Regular,Credit Card
ORD3692,2025-01-27 23:09:00.828165,Webcam,Electronics,Central,Nagpur,3,3342.81,10.0,9025.59,7413.28,1612.31,Premium,UPI
ORD3693,2025-01-28 02:39:17.751550,External Hard Drive,Electronics,Central,Nagpur,2,6598.77,5.0,12537.66,8843.3,3694.36,Regular,Cash
ORD3694,2025-01-28 06:09:34.674934,Bluetooth Speaker,Accessories,South,Chennai,10,2898.49,10.0,26086.41,19327.69,6758.72,Regular,UPI
ORD3695,2025-01-28 09:39:51.598319,Laptop,Electronics,Central,Nagpur,3,56551.73,20.0,135724.15,110561.33,25162.82,Regular,Credit Card
ORD3696,2025-01-28 13:10:08.521704,Keyboard,Accessories,South,Chennai,1,1557.03,15.0,1323.48,924.11,399.37,New,Debit Card
ORD3697,2025-01-28 16:40:25.445089,Smartphone,Electronics,North,Chandigarh,4,22668.45,25.0,68005.35,53934.9,14070.45,Regular,Net Banking
ORD3698,2025-01-28 20:10:42.368473,Backpack,Accessories,Central,Nagpur,8,1850.31,15.0,12582.11,8354.95,4227.16,Regular,Cash
ORD3699,2025-01-28 23:40:59.291858,Keyboard,Accessories,West,Surat,5,1385.04,10.0,6232.68,4834.01,1398.67,Regular,UPI
ORD3700,2025-01-29 03:11:16.215243,Backpack,Accessories,North,Lucknow,2,1787.45,15.0,3038.66,2210.96,827.7,New,Credit Card
ORD3701,2025-01-29 06:41:33.138627,Monitor,Electronics,East,Bhubaneswar,3,15679.73,0.0,47039.19,30162.78,16876.41,Regular,Credit Card
ORD3702,2025-01-29 10:11:50.062012,Headphones,Accessories,South,Bengaluru,1,3122.01,20.0,2497.61,1583.49,914.12,Regular,Net Banking
ORD3703,2025-01-29 13:42:06.985397,Tablet,Electronics,West,Mumbai,2,21119.22,25.0,31678.83,22632.05,9046.78,Regular,Cash
ORD3704,2025-01-29 17:12:23.908781,Bluetooth Speaker,Accessories,East,Patna,1,2863.42,25.0,2147.56,1670.18,477.38,Premium,UPI
ORD3705,2025-01-29 20:42:40.832166,Backpack,Accessories,Central,Indore,2,1778.48,25.0,2667.72,2002.99,664.73,New,UPI
ORD3706,2025-01-30 00:12:57.755551,Gaming Mouse,Accessories,North,Lucknow,3,2063.01,20.0,4951.22,4028.71,922.51,Regular,UPI
ORD3707,2025-01-30 03:43:14.678935,Router,Electronics,South,Hyderabad,1,2737.35,15.0,2326.75,1622.71,704.04,Regular,Net Banking
ORD3708,2025-01-30 07:13:31.602320,Headphones,Accessories,East,Kolkata,9,2906.95,25.0,19621.91,15911.61,3710.3,Regular,Net Banking
ORD3709,2025-01-30 10:43:48.525705,Backpack,Accessories,East,Kolkata,10,1952.28,25.0,14642.1,8920.8,5721.3,Regular,Cash
ORD3710,2025-01-30 14:14:05.449089,Keyboard,Accessories,South,Hyderabad,5,1622.48,10.0,7301.16,5048.4,2252.76,New,UPI
ORD3711,2025-01-30 17:44:22.372474,USB Drive,Accessories,West,Pune,8,875.67,0.0,7005.36,4331.03,2674.33,Regular,UPI
ORD3712,2025-01-30 21:14:39.295859,Bluetooth Speaker,Accessories,Central,Bhopal,5,2852.45,10.0,12836.02,10651.47,2184.55,Regular,Cash
ORD3713,2025-01-31 00:44:56.219243,Backpack,Accessories,Central,Indore,8,1897.5,15.0,12903.0,9275.04,3627.96,New,Cash
ORD3714,2025-01-31 04:15:13.142628,Bluetooth Speaker,Accessories,Central,Indore,7,2837.63,20.0,15890.73,10790.43,5100.3,Regular,Cash
ORD3715,2025-01-31 07:45:30.066013,Tablet,Electronics,Central,Bhopal,4,22093.48,20.0,70699.14,51124.1,19575.04,Regular,Credit Card
ORD3716,2025-01-31 11:15:46.989397,Power Bank,Accessories,West,Surat,7,1659.85,10.0,10457.05,7667.23,2789.82,Regular,Cash
ORD3717,2025-01-31 14:46:03.912782,Bluetooth Speaker,Accessories,Central,Bhopal,6,2931.56,5.0,16709.89,13561.05,3148.84,Regular,Debit Card
ORD3718,2025-01-31 18:16:20.836167,Smartwatch,Accessories,South,Hyderabad,3,5493.79,10.0,14833.23,10911.43,3921.8,Regular,Net Banking
ORD3719,2025-01-31 21:46:37.759551,Gaming Mouse,Accessories,South,Hyderabad,9,2104.71,5.0,17995.27,12737.87,5257.4,Premium,Cash
ORD3720,2025-02-01 01:16:54.682936,Bookshelf,Furniture,South,Hyderabad,10,7231.41,10.0,65082.69,54691.5,10391.19,Premium,Credit Card
ORD3721,2025-02-01 04:47:11.606321,Mouse,Accessories,East,Patna,9,878.61,5.0,7512.12,6326.25,1185.87,New,Debit Card
ORD3722,2025-02-01 08:17:28.529705,Backpack,Accessories,South,Hyderabad,5,1711.73,5.0,8130.72,4956.52,3174.2,Premium,Credit Card
ORD3723,2025-02-01 11:47:45.453090,Smartwatch,Accessories,Central,Nagpur,8,5967.99,25.0,35807.94,27812.44,7995.5,Regular,Credit Card
ORD3724,2025-02-01 15:18:02.376475,Bluetooth Speaker,Accessories,South,Bengaluru,7,2968.83,25.0,15586.36,10800.4,4785.96,New,Credit Card
ORD3725,2025-02-01 18:48:19.299859,Webcam,Electronics,North,Delhi,9,3278.91,5.0,28034.68,21553.06,6481.62,Regular,Credit Card
ORD3726,2025-02-01 22:18:36.223244,Gaming Mouse,Accessories,East,Patna,7,2248.43,5.0,14952.06,11352.06,3600.0,Premium,UPI
ORD3727,2025-02-02 01:48:53.146629,Backpack,Accessories,North,Chandigarh,4,1880.89,0.0,7523.56,5135.03,2388.53,Premium,Net Banking
ORD3728,2025-02-02 05:19:10.070014,Keyboard,Accessories,North,Jaipur,4,1394.17,5.0,5297.85,4485.5,812.35,New,UPI
ORD3729,2025-02-02 08:49:26.993398,Monitor,Electronics,South,Bengaluru,8,15771.37,25.0,94628.22,65225.09,29403.13,Regular,Debit Card
ORD3730,2025-02-02 12:19:43.916783,Headphones,Accessories,East,Bhubaneswar,6,3120.1,5.0,17784.57,13480.62,4303.95,Regular,UPI
ORD3731,2025-02-02 15:50:00.840168,Router,Electronics,East,Bhubaneswar,9,2348.67,20.0,16910.42,13584.93,3325.49,Regular,Debit Card
ORD3732,2025-02-02 19:20:17.763552,Smartwatch,Accessories,West,Ahmedabad,10,6178.74,0.0,61787.4,39319.42,22467.98,Regular,Cash
ORD3733,2025-02-02 22:50:34.686937,Laptop,Electronics,West,Mumbai,7,53830.39,5.0,357972.09,241682.03,116290.06,Regular,Debit Card
ORD3734,2025-02-03 02:20:51.610322,Gaming Mouse,Accessories,East,Kolkata,7,2279.7,25.0,11968.42,7776.4,4192.02,New,UPI
ORD3735,2025-02-03 05:51:08.533706,Backpack,Accessories,South,Chennai,4,1798.59,25.0,5395.77,4292.1,1103.67,Regular,UPI
ORD3736,2025-02-03 09:21:25.457091,Office Chair,Furniture,South,Hyderabad,3,8186.65,15.0,20875.96,16707.08,4168.88,New,Debit Card
ORD3737,2025-02-03 12:51:42.380476,Tablet,Electronics,West,Surat,8,23262.65,25.0,139575.9,92676.44,46899.46,Regular,UPI
ORD3738,2025-02-03 16:21:59.303860,Smartwatch,Accessories,North,Jaipur,7,6066.72,0.0,42467.04,25524.07,16942.97,New,Debit Card
ORD3739,2025-02-03 19:52:16.227245,Backpack,Accessories,North,Delhi,4,1880.93,25.0,5642.79,3982.89,1659.9,Regular,Credit Card
ORD3740,2025-02-03 23:22:33.150630,Smartwatch,Accessories,West,Ahmedabad,4,5551.29,20.0,17764.13,13710.08,4054.05,Regular,Net Banking
ORD3741,2025-02-04 02:52:50.074014,Monitor,Electronics,East,Patna,1,15663.82,10.0,14097.44,10652.39,3445.05,Regular,Debit Card
ORD3742,2025-02-04 06:23:06.997399,Monitor,Electronics,North,Jaipur,7,14741.0,20.0,82549.6,58727.84,23821.76,Regular,Credit Card
ORD3743,2025-02-04 09:53:23.920784,Headphones,Accessories,South,Hyderabad,1,3179.56,20.0,2543.65,1718.2,825.45,New,Credit Card
ORD3744,2025-02-04 13:23:40.844168,Smartphone,Electronics,Central,Nagpur,10,25495.83,0.0,254958.3,183212.23,71746.07,Premium,Credit Card
ORD3745,2025-02-04 16:53:57.767553,Smartwatch,Accessories,Central,Indore,10,5825.88,0.0,58258.8,35175.25,23083.55,Regular,Credit Card
ORD3746,2025-02-04 20:24:14.690938,Backpack,Accessories,West,Surat,4,1692.69,15.0,5755.15,3559.37,2195.78,Regular,Debit Card
ORD3747,2025-02-04 23:54:31.614322,Smartwatch,Accessories,East,Bhubaneswar,3,6379.11,25.0,14353.0,9195.52,5157.48,New,UPI
ORD3748,2025-02-05 03:24:48.537707,USB Drive,Accessories,East,Patna,3,910.83,15.0,2322.62,1756.72,565.9,New,Credit Card
ORD3749,2025-02-05 06:55:05.461092,Router,Electronics,Central,Nagpur,1,2743.73,0.0,2743.73,1796.32,947.41,Premium,Cash
ORD3750,2025-02-05 10:25:22.384476,USB Drive,Accessories,Central,Nagpur,4,877.23,25.0,2631.69,1857.56,774.13,Regular,Credit Card
ORD3751,2025-02-05 13:55:39.307861,Office Desk,Furniture,South,Bengaluru,1,12445.73,0.0,12445.73,9400.92,3044.81,Regular,UPI
ORD3752,2025-02-05 17:25:56.231246,Tablet,Electronics,Central,Bhopal,8,22540.41,0.0,180323.28,145637.05,34686.23,New,UPI
ORD3753,2025-02-05 20:56:13.154630,Office Chair,Furniture,North,Jaipur,1,9247.65,10.0,8322.88,6137.41,2185.47,Regular,Net Banking
ORD3754,2025-02-06 00:26:30.078015,Backpack,Accessories,South,Hyderabad,6,1885.31,20.0,9049.49,5830.42,3219.07,Premium,Net Banking
ORD3755,2025-02-06 03:56:47.001400,External Hard Drive,Electronics,West,Mumbai,7,6030.84,15.0,35883.5,30068.04,5815.46,New,Credit Card
ORD3756,2025-02-06 07:27:03.924784,Printer,Electronics,East,Bhubaneswar,10,12119.15,15.0,103012.78,64125.85,38886.93,Regular,Credit Card
ORD3757,2025-02-06 10:57:20.848169,USB Drive,Accessories,Central,Bhopal,2,901.64,5.0,1713.12,1185.1,528.02,Premium,Net Banking
ORD3758,2025-02-06 14:27:37.771554,Gaming Mouse,Accessories,North,Jaipur,4,2130.71,10.0,7670.56,6369.1,1301.46,Regular,Credit Card
ORD3759,2025-02-06 17:57:54.694938,Printer,Electronics,East,Bhubaneswar,3,11846.76,0.0,35540.28,26675.94,8864.34,New,Cash
ORD3760,2025-02-06 21:28:11.618323,Tablet,Electronics,Central,Indore,9,22082.77,0.0,198744.93,152171.65,46573.28,Regular,Debit Card
ORD3761,2025-02-07 00:58:28.541708,Office Desk,Furniture,Central,Nagpur,7,11570.21,10.0,72892.32,49233.16,23659.16,New,Net Banking
ORD3762,2025-02-07 04:28:45.465093,Laptop,Electronics,North,Lucknow,2,52724.75,25.0,79087.12,49005.12,30082.0,Premium,Net Banking
ORD3763,2025-02-07 07:59:02.388477,Smartwatch,Accessories,South,Hyderabad,6,6285.93,0.0,37715.58,22166.36,15549.22,Regular,UPI
ORD3764,2025-02-07 11:29:19.311862,Smartwatch,Accessories,West,Pune,9,5480.3,0.0,49322.7,34552.49,14770.21,Premium,Credit Card
ORD3765,2025-02-07 14:59:36.235247,Monitor,Electronics,North,Jaipur,3,14438.89,5.0,41150.84,27470.99,13679.85,New,Net Banking
ORD3766,2025-02-07 18:29:53.158631,Tablet,Electronics,Central,Indore,6,22676.33,15.0,115649.28,75619.75,40029.53,Regular,Net Banking
ORD3767,2025-02-07 22:00:10.082016,Router,Electronics,Central,Bhopal,3,2354.39,20.0,5650.54,3892.53,1758.01,New,Cash
ORD3768,2025-02-08 01:30:27.005401,Smartphone,Electronics,North,Delhi,3,25361.36,10.0,68475.67,52031.53,16444.14,Regular,Credit Card
ORD3769,2025-02-08 05:00:43.928785,Laptop,Electronics,North,Chandigarh,4,52823.81,15.0,179600.95,150372.46,29228.49,New,Debit Card
ORD3770,2025-02-08 08:31:00.852170,Headphones,Accessories,North,Jaipur,9,3205.98,20.0,23083.06,17911.19,5171.87,Regular,Cash
ORD3771,2025-02-08 12:01:17.775555,Bookshelf,Furniture,Central,Bhopal,8,6789.99,5.0,51603.92,41020.0,10583.92,Regular,Debit Card
ORD3772,2025-02-08 15:31:34.698939,Webcam,Electronics,North,Lucknow,1,3310.66,25.0,2483.0,1679.79,803.21,New,UPI
ORD3773,2025-02-08 19:01:51.622324,Headphones,Accessories,East,Bhubaneswar,1,3018.06,10.0,2716.25,1700.84,1015.41,Regular,Net Banking
ORD3774,2025-02-08 22:32:08.545709,Office Desk,Furniture,East,Kolkata,7,11125.59,25.0,58409.35,39302.39,19106.96,Premium,Cash
ORD3775,2025-02-09 02:02:25.469093,Office Desk,Furniture,West,Surat,3,12713.96,0.0,38141.88,26724.63,11417.25,Premium,Debit Card
ORD3776,2025-02-09 05:32:42.392478,Backpack,Accessories,North,Lucknow,7,1864.81,25.0,9790.25,7562.68,2227.57,New,Credit Card
ORD3777,2025-02-09 09:02:59.315863,Webcam,Electronics,South,Bengaluru,9,3689.36,0.0,33204.24,27720.22,5484.02,Premium,UPI
ORD3778,2025-02-09 12:33:16.239247,Webcam,Electronics,Central,Nagpur,3,3429.21,20.0,8230.1,6603.2,1626.9,New,UPI
ORD3779,2025-02-09 16:03:33.162632,Smartwatch,Accessories,Central,Indore,3,6402.0,15.0,16325.1,10882.31,5442.79,Regular,Net Banking
ORD3780,2025-02-09 19:33:50.086017,Bluetooth Speaker,Accessories,West,Surat,2,2996.13,5.0,5692.65,4583.01,1109.64,Premium,Net Banking
ORD3781,2025-02-09 23:04:07.009401,Gaming Mouse,Accessories,North,Lucknow,10,2021.67,20.0,16173.36,11368.85,4804.51,Regular,Debit Card
ORD3782,2025-02-10 02:34:23.932786,Headphones,Accessories,South,Bengaluru,1,2834.42,5.0,2692.7,1733.72,958.98,Premium,Debit Card
ORD3783,2025-02-10 06:04:40.856171,Bluetooth Speaker,Accessories,West,Surat,9,3126.63,25.0,21104.75,15096.51,6008.24,Regular,UPI
ORD3784,2025-02-10 09:34:57.779555,Keyboard,Accessories,South,Bengaluru,6,1618.93,5.0,9227.9,6836.08,2391.82,New,Debit Card
ORD3785,2025-02-10 13:05:14.702940,Gaming Mouse,Accessories,Central,Bhopal,6,2021.88,25.0,9098.46,7195.53,1902.93,Regular,Net Banking
ORD3786,2025-02-10 16:35:31.626325,Bluetooth Speaker,Accessories,West,Surat,8,3218.53,5.0,24460.83,16816.19,7644.64,Regular,UPI
ORD3787,2025-02-10 20:05:48.549709,Monitor,Electronics,North,Lucknow,5,15897.21,10.0,71537.44,45547.52,25989.92,Regular,UPI
ORD3788,2025-02-10 23:36:05.473094,Mouse,Accessories,Central,Nagpur,9,777.05,20.0,5594.76,3488.83,2105.93,New,Credit Card
ORD3789,2025-02-11 03:06:22.396479,Monitor,Electronics,Central,Bhopal,5,15567.83,10.0,70055.24,44002.5,26052.74,Regular,Credit Card
ORD3790,2025-02-11 06:36:39.319863,Office Desk,Furniture,North,Delhi,2,11248.68,15.0,19122.76,16015.42,3107.34,Premium,Debit Card
ORD3791,2025-02-11 10:06:56.243248,Bookshelf,Furniture,East,Kolkata,6,7438.75,15.0,37937.62,31789.37,6148.25,Premium,Debit Card
ORD3792,2025-02-11 13:37:13.166633,Tablet,Electronics,South,Chennai,9,22692.29,0.0,204230.61,172000.8,32229.81,Regular,Net Banking
ORD3793,2025-02-11 17:07:30.090018,Office Desk,Furniture,South,Bengaluru,3,11853.19,0.0,35559.57,24024.84,11534.73,Regular,Net Banking
ORD3794,2025-02-11 20:37:47.013402,Smartphone,Electronics,North,Chandigarh,10,26822.59,0.0,268225.9,173784.53,94441.37,Regular,Credit Card
ORD3795,2025-02-12 00:08:03.936787,Smartphone,Electronics,West,Surat,4,23196.17,15.0,78866.98,66660.63,12206.35,Regular,UPI
ORD3796,2025-02-12 03:38:20.860172,Smartwatch,Accessories,Central,Nagpur,10,6414.94,5.0,60941.93,51621.84,9320.09,Premium,Cash
ORD3797,2025-02-12 07:08:37.783556,Laptop,Electronics,East,Patna,8,49762.75,25.0,298576.5,184994.3,113582.2,New,Cash
ORD3798,2025-02-12 10:38:54.706941,Headphones,Accessories,North,Delhi,6,3151.92,5.0,17965.94,14159.53,3806.41,Regular,Debit Card
ORD3799,2025-02-12 14:09:11.630326,Keyboard,Accessories,West,Mumbai,7,1522.01,20.0,8523.26,5729.05,2794.21,Premium,Cash
ORD3800,2025-02-12 17:39:28.553710,Keyboard,Accessories,South,Bengaluru,7,1559.02,15.0,9276.17,7674.4,1601.77,Premium,Cash
ORD3801,2025-02-12 21:09:45.477095,External Hard Drive,Electronics,Central,Bhopal,4,6386.05,25.0,19158.15,11922.24,7235.91,Regular,Credit Card
ORD3802,2025-02-13 00:40:02.400480,Router,Electronics,East,Patna,6,2682.22,25.0,12069.99,9923.28,2146.71,New,UPI
ORD3803,2025-02-13 04:10:19.323864,Office Desk,Furniture,North,Chandigarh,9,11551.56,25.0,77973.03,46834.92,31138.11,Regular,Net Banking
ORD3804,2025-02-13 07:40:36.247249,Keyboard,Accessories,North,Delhi,3,1432.49,0.0,4297.47,3139.28,1158.19,Regular,Credit Card
ORD3805,2025-02-13 11:10:53.170634,Headphones,Accessories,West,Pune,8,2881.05,25.0,17286.3,11821.94,5464.36,Regular,Net Banking
ORD3806,2025-02-13 14:41:10.094018,Bluetooth Speaker,Accessories,South,Bengaluru,7,3164.62,25.0,16614.26,11743.51,4870.75,Regular,Credit Card
ORD3807,2025-02-13 18:11:27.017403,Power Bank,Accessories,West,Surat,4,1798.31,15.0,6114.25,4331.62,1782.63,New,Credit Card
ORD3808,2025-02-13 21:41:43.940788,Laptop,Electronics,South,Chennai,10,55407.94,5.0,526375.43,401835.42,124540.01,New,Cash
ORD3809,2025-02-14 01:12:00.864172,Bookshelf,Furniture,South,Hyderabad,3,7464.32,5.0,21273.31,12886.82,8386.49,Regular,Net Banking
ORD3810,2025-02-14 04:42:17.787557,Router,Electronics,East,Patna,7,2666.68,10.0,16800.08,12983.79,3816.29,New,Credit Card
ORD3811,2025-02-14 08:12:34.710942,Tablet,Electronics,Central,Indore,10,20511.65,10.0,184604.85,111787.38,72817.47,New,Cash
ORD3812,2025-02-14 11:42:51.634326,Headphones,Accessories,Central,Indore,9,3029.86,20.0,21814.99,14099.43,7715.56,Regular,Debit Card
ORD3813,2025-02-14 15:13:08.557711,Backpack,Accessories,South,Bengaluru,10,1665.37,15.0,14155.64,10640.59,3515.05,Regular,Net Banking
ORD3814,2025-02-14 18:43:25.481096,Tablet,Electronics,South,Hyderabad,3,23621.53,10.0,63778.13,39645.08,24133.05,New,Credit Card
ORD3815,2025-02-14 22:13:42.404480,USB Drive,Accessories,North,Jaipur,10,960.66,10.0,8645.94,7329.39,1316.55,New,Debit Card
ORD3816,2025-02-15 01:43:59.327865,Bookshelf,Furniture,East,Bhubaneswar,9,7489.09,15.0,57291.54,45609.57,11681.97,Premium,Cash
ORD3817,2025-02-15 05:14:16.251250,Gaming Mouse,Accessories,East,Bhubaneswar,8,2290.14,5.0,17405.06,13513.58,3891.48,New,Credit Card
ORD3818,2025-02-15 08:44:33.174634,Router,Electronics,Central,Indore,3,2483.44,20.0,5960.26,3975.02,1985.24,Regular,Cash
ORD3819,2025-02-15 12:14:50.098019,Bookshelf,Furniture,Central,Indore,8,6866.61,20.0,43946.3,26901.34,17044.96,Regular,Cash
ORD3820,2025-02-15 15:45:07.021404,Keyboard,Accessories,South,Bengaluru,4,1468.57,20.0,4699.42,3969.58,729.84,Premium,Cash
ORD3821,2025-02-15 19:15:23.944788,Router,Electronics,East,Bhubaneswar,6,2283.11,10.0,12328.79,7852.97,4475.82,Regular,Net Banking
ORD3822,2025-02-15 22:45:40.868173,Backpack,Accessories,Central,Bhopal,10,1961.59,5.0,18635.1,15050.49,3584.61,New,Debit Card
ORD3823,2025-02-16 02:15:57.791558,Router,Electronics,Central,Indore,2,2475.14,20.0,3960.22,2571.69,1388.53,New,Debit Card
ORD3824,2025-02-16 05:46:14.714942,Headphones,Accessories,North,Delhi,8,3258.07,15.0,22154.88,15364.94,6789.94,Regular,UPI
ORD3825,2025-02-16 09:16:31.638327,Office Chair,Furniture,South,Hyderabad,9,9682.66,20.0,69715.15,53917.52,15797.63,Regular,Credit Card
ORD3826,2025-02-16 12:46:48.561712,Gaming Mouse,Accessories,East,Patna,7,2344.59,0.0,16412.13,13726.14,2685.99,Regular,Cash
ORD3827,2025-02-16 16:17:05.485097,Laptop,Electronics,South,Bengaluru,8,55971.4,5.0,425382.64,257333.35,168049.29,New,Credit Card
ORD3828,2025-02-16 19:47:22.408481,Mouse,Accessories,North,Delhi,7,736.25,0.0,5153.75,3428.23,1725.52,Regular,Debit Card
ORD3829,2025-02-16 23:17:39.331866,Router,Electronics,North,Delhi,10,2411.96,5.0,22913.62,18130.21,4783.41,Regular,Debit Card
ORD3830,2025-02-17 02:47:56.255251,Power Bank,Accessories,West,Pune,4,1837.29,25.0,5511.87,3546.05,1965.82,Regular,Cash
ORD3831,2025-02-17 06:18:13.178635,Office Chair,Furniture,South,Bengaluru,1,8124.22,15.0,6905.59,4335.77,2569.82,New,Net Banking
ORD3832,2025-02-17 09:48:30.102020,Smartwatch,Accessories,North,Delhi,3,5451.16,25.0,12265.11,7500.68,4764.43,Regular,Cash
ORD3833,2025-02-17 13:18:47.025405,Smartwatch,Accessories,South,Bengaluru,7,6213.2,10.0,39143.16,28403.16,10740.0,New,Cash
ORD3834,2025-02-17 16:49:03.948789,Printer,Electronics,Central,Indore,7,12931.69,10.0,81469.65,64518.54,16951.11,Regular,UPI
ORD3835,2025-02-17 20:19:20.872174,Router,Electronics,Central,Indore,3,2677.58,25.0,6024.56,5063.24,961.32,Regular,Net Banking
ORD3836,2025-02-17 23:49:37.795559,Smartwatch,Accessories,East,Patna,1,5601.77,5.0,5321.68,3548.88,1772.8,Premium,Credit Card
ORD3837,2025-02-18 03:19:54.718943,Router,Electronics,East,Patna,10,2705.62,20.0,21644.96,13643.75,8001.21,Regular,Net Banking
ORD3838,2025-02-18 06:50:11.642328,Bluetooth Speaker,Accessories,Central,Indore,9,3117.78,0.0,28060.02,19659.93,8400.09,Regular,Cash
ORD3839,2025-02-18 10:20:28.565713,Mouse,Accessories,South,Bengaluru,6,834.61,15.0,4256.51,2612.9,1643.61,New,Cash
ORD3840,2025-02-18 13:50:45.489097,Smartwatch,Accessories,South,Bengaluru,7,5764.85,20.0,32283.16,22044.23,10238.93,New,Cash
ORD3841,2025-02-18 17:21:02.412482,Mouse,Accessories,South,Bengaluru,1,834.56,10.0,751.1,571.41,179.69,New,Cash
ORD3842,2025-02-18 20:51:19.335867,Bookshelf,Furniture,North,Jaipur,1,7293.68,20.0,5834.94,3746.27,2088.67,New,Cash
ORD3843,2025-02-19 00:21:36.259251,Office Chair,Furniture,South,Unknown,4,9170.4,25.0,27511.2,20852.64,6658.56,New,Net Banking
ORD3844,2025-02-19 03:51:53.182636,Backpack,Accessories,Central,Bhopal,7,1748.62,25.0,9180.26,7738.84,1441.42,Premium,Cash
ORD3845,2025-02-19 07:22:10.106021,Bluetooth Speaker,Accessories,West,Ahmedabad,8,3186.61,0.0,25492.88,20803.46,4689.42,Regular,Debit Card
ORD3846,2025-02-19 10:52:27.029405,Office Chair,Furniture,East,Kolkata,10,9787.53,10.0,88087.77,60710.86,27376.91,New,Debit Card
ORD3847,2025-02-19 14:22:43.952790,Bookshelf,Furniture,Central,Bhopal,9,7517.84,5.0,64277.53,45339.7,18937.83,New,UPI
ORD3848,2025-02-19 17:53:00.876175,Backpack,Accessories,North,Delhi,1,1707.47,15.0,1451.35,1022.96,428.39,Regular,Credit Card
ORD3849,2025-02-19 21:23:17.799559,Bookshelf,Furniture,South,Bengaluru,4,6923.94,25.0,20771.82,16928.52,3843.3,Regular,Debit Card
ORD3850,2025-02-20 00:53:34.722944,Laptop,Electronics,West,Ahmedabad,4,53266.56,15.0,181106.3,153660.87,27445.43,New,UPI
ORD3851,2025-02-20 04:23:51.646329,Headphones,Accessories,West,Surat,3,3124.49,10.0,8436.12,6803.51,1632.61,Regular,Net Banking
ORD3852,2025-02-20 07:54:08.569713,Office Desk,Furniture,North,Lucknow,7,12795.58,5.0,85090.61,62927.02,22163.59,Premium,Credit Card
ORD3853,2025-02-20 11:24:25.493098,Bluetooth Speaker,Accessories,East,Bhubaneswar,1,2829.48,25.0,2122.11,1324.92,797.19,Regular,Cash
ORD3854,2025-02-20 14:54:42.416483,Office Desk,Furniture,West,Surat,9,13073.46,0.0,117661.14,98673.11,18988.03,Regular,Cash
ORD3855,2025-02-20 18:24:59.339867,Headphones,Accessories,West,Pune,8,3106.4,15.0,21123.52,17215.91,3907.61,Regular,Net Banking
ORD3856,2025-02-20 21:55:16.263252,Headphones,Accessories,West,Ahmedabad,2,2831.07,10.0,5095.93,4129.5,966.43,New,Credit Card
ORD3857,2025-02-21 01:25:33.186637,Bookshelf,Furniture,South,Chennai,2,6819.53,15.0,11593.2,8091.53,3501.67,New,Debit Card
ORD3858,2025-02-21 04:55:50.110022,Office Desk,Furniture,North,Delhi,8,11051.06,5.0,83988.06,59782.1,24205.96,Regular,Credit Card
ORD3859,2025-02-21 08:26:07.033406,USB Drive,Accessories,East,Kolkata,1,917.47,0.0,917.47,577.93,339.54,Regular,UPI
ORD3860,2025-02-21 11:56:23.956791,Laptop,Electronics,North,Chandigarh,7,51361.11,5.0,341551.38,285013.78,56537.6,Regular,Net Banking
ORD3861,2025-02-21 15:26:40.880176,Bookshelf,Furniture,Central,Bhopal,9,7270.33,25.0,49074.73,41017.08,8057.65,New,Debit Card
ORD3862,2025-02-21 18:56:57.803560,Mouse,Accessories,East,Bhubaneswar,3,837.96,20.0,2011.1,1334.59,676.51,Premium,Credit Card
ORD3863,2025-02-21 22:27:14.726945,Printer,Electronics,South,Chennai,7,11950.4,5.0,79470.16,61510.06,17960.1,Regular,Credit Card
ORD3864,2025-02-22 01:57:31.650330,Headphones,Accessories,West,Pune,6,2756.29,5.0,15710.85,10225.76,5485.09,Regular,Debit Card
ORD3865,2025-02-22 05:27:48.573714,Backpack,Accessories,East,Kolkata,7,1839.91,15.0,10947.46,7643.92,3303.54,Premium,UPI
ORD3866,2025-02-22 08:58:05.497099,Bookshelf,Furniture,South,Chennai,7,6821.09,5.0,45360.25,30645.17,14715.08,Regular,UPI
ORD3867,2025-02-22 12:28:22.420484,Webcam,Electronics,Central,Indore,10,3814.75,10.0,34332.75,23943.58,10389.17,Regular,Credit Card
ORD3868,2025-02-22 15:58:39.343868,Router,Electronics,Central,Nagpur,1,2506.6,25.0,1879.95,1273.18,606.77,Regular,Cash
ORD3869,2025-02-22 19:28:56.267253,Webcam,Electronics,West,Ahmedabad,3,3200.59,15.0,8161.5,5601.42,2560.08,Premium,Debit Card
ORD3870,2025-02-22 22:59:13.190638,Gaming Mouse,Accessories,North,Delhi,10,2259.86,15.0,19208.81,15324.12,3884.69,New,UPI
ORD3871,2025-02-23 02:29:30.114022,External Hard Drive,Electronics,West,Pune,1,6863.16,20.0,5490.53,3706.15,1784.38,Premium,UPI
ORD3872,2025-02-23 05:59:47.037407,External Hard Drive,Electronics,West,Pune,5,6058.65,25.0,22719.94,18259.42,4460.52,New,UPI
ORD3873,2025-02-23 09:30:03.960792,Smartphone,Electronics,North,Jaipur,3,24745.29,10.0,66812.28,49573.41,17238.87,Regular,Net Banking
ORD3874,2025-02-23 13:00:20.884176,Monitor,Electronics,South,Hyderabad,1,15729.59,25.0,11797.19,9380.08,2417.11,Regular,Cash
ORD3875,2025-02-23 16:30:37.807561,Laptop,Electronics,Central,Indore,2,49725.43,5.0,94478.32,78390.8,16087.52,New,UPI
ORD3876,2025-02-23 20:00:54.730946,Monitor,Electronics,North,Chandigarh,10,13586.91,20.0,108695.28,68978.7,39716.58,New,Cash
ORD3877,2025-02-23 23:31:11.654330,External Hard Drive,Electronics,West,Unknown,5,6729.99,10.0,30284.96,20774.65,9510.31,Regular,Credit Card
ORD3878,2025-02-24 03:01:28.577715,Printer,Electronics,East,Kolkata,3,12540.3,20.0,30096.72,18476.06,11620.66,Regular,Credit Card
ORD3879,2025-02-24 06:31:45.501100,Bluetooth Speaker,Accessories,East,Bhubaneswar,6,3207.52,25.0,14433.84,10128.62,4305.22,New,Net Banking
ORD3880,2025-02-24 10:02:02.424484,Webcam,Electronics,North,Jaipur,9,3429.72,0.0,30867.48,20352.5,10514.98,New,Cash
ORD3881,2025-02-24 13:32:19.347869,Headphones,Accessories,Central,Indore,6,2933.87,25.0,13202.42,9808.34,3394.08,Regular,Debit Card
ORD3882,2025-02-24 17:02:36.271254,Gaming Mouse,Accessories,South,Chennai,2,2223.04,5.0,4223.78,3361.48,862.3,Regular,Net Banking
ORD3883,2025-02-24 20:32:53.194638,Router,Electronics,East,Kolkata,2,2628.66,20.0,4205.86,3034.91,1170.95,Regular,UPI
ORD3884,2025-02-25 00:03:10.118023,Laptop,Electronics,West,Mumbai,8,56550.91,0.0,452407.28,309177.69,143229.59,Premium,Credit Card
ORD3885,2025-02-25 03:33:27.041408,Office Desk,Furniture,West,Surat,8,11585.58,5.0,88050.41,56188.41,31862.0,Regular,Credit Card
ORD3886,2025-02-25 07:03:43.964792,Bluetooth Speaker,Accessories,Central,Indore,6,2907.93,20.0,13958.06,8468.46,5489.6,New,Debit Card
ORD3887,2025-02-25 10:34:00.888177,Webcam,Electronics,East,Patna,10,3684.1,20.0,29472.8,22678.46,6794.34,Regular,Net Banking
ORD3888,2025-02-25 14:04:17.811562,Smartwatch,Accessories,South,Bengaluru,7,6041.58,25.0,31718.3,19273.2,12445.1,Regular,Cash
ORD3889,2025-02-25 17:34:34.734946,Mouse,Accessories,Central,Indore,1,735.68,20.0,588.54,488.61,99.93,New,Credit Card
ORD3890,2025-02-25 21:04:51.658331,Smartphone,Electronics,West,Pune,9,23264.97,20.0,167507.78,125389.21,42118.57,Regular,UPI
ORD3891,2025-02-26 00:35:08.581716,Smartwatch,Accessories,South,Bengaluru,5,6421.43,15.0,27291.08,18785.1,8505.98,Regular,Debit Card
ORD3892,2025-02-26 04:05:25.505101,Power Bank,Accessories,North,Jaipur,9,1979.57,20.0,14252.9,8701.09,5551.81,Premium,Debit Card
ORD3893,2025-02-26 07:35:42.428485,Smartphone,Electronics,Central,Bhopal,2,24178.41,25.0,36267.62,25509.62,10758.0,Regular,Debit Card
ORD3894,2025-02-26 11:05:59.351870,Bluetooth Speaker,Accessories,South,Hyderabad,8,2932.02,15.0,19937.74,16285.64,3652.1,Regular,UPI
ORD3895,2025-02-26 14:36:16.275255,Office Chair,Furniture,West,Ahmedabad,7,8378.08,15.0,49849.58,41996.07,7853.51,Regular,Debit Card
ORD3896,2025-02-26 18:06:33.198639,Bookshelf,Furniture,East,Bhubaneswar,4,6630.0,0.0,26520.0,16475.08,10044.92,Regular,Cash
ORD3897,2025-02-26 21:36:50.122024,Power Bank,Accessories,North,Delhi,3,1772.87,5.0,5052.68,4013.27,1039.41,Regular,Cash
ORD3898,2025-02-27 01:07:07.045409,Backpack,Accessories,West,Mumbai,4,1722.38,15.0,5856.09,3891.9,1964.19,Regular,Net Banking
ORD3899,2025-02-27 04:37:23.968793,External Hard Drive,Electronics,North,Jaipur,4,6761.85,10.0,24342.66,16914.72,7427.94,Regular,Net Banking
ORD3900,2025-02-27 08:07:40.892178,Bluetooth Speaker,Accessories,East,Bhubaneswar,10,3022.71,15.0,25693.04,18933.67,6759.37,Premium,Cash
ORD3901,2025-02-27 11:37:57.815563,Smartwatch,Accessories,East,Kolkata,10,6386.76,10.0,57480.84,48782.97,8697.87,New,UPI
ORD3902,2025-02-27 15:08:14.738947,Mouse,Accessories,East,Bhubaneswar,8,835.92,0.0,6687.36,4361.52,2325.84,New,Net Banking
ORD3903,2025-02-27 18:38:31.662332,Tablet,Electronics,West,Surat,4,20363.64,10.0,73309.1,46377.14,26931.96,Regular,Debit Card
ORD3904,2025-02-27 22:08:48.585717,Gaming Mouse,Accessories,Central,Unknown,5,2034.29,0.0,10171.45,7615.81,2555.64,Regular,Cash
ORD3905,2025-02-28 01:39:05.509101,Keyboard,Accessories,West,Pune,2,1618.69,0.0,3237.38,2632.84,604.54,New,Credit Card
ORD3906,2025-02-28 05:09:22.432486,Smartphone,Electronics,North,Lucknow,4,26597.56,0.0,106390.24,81075.1,25315.14,New,UPI
ORD3907,2025-02-28 08:39:39.355871,Keyboard,Accessories,North,Lucknow,7,1490.38,10.0,9389.39,6449.52,2939.87,Regular,UPI
ORD3908,2025-02-28 12:09:56.279255,Tablet,Electronics,East,Patna,3,20373.6,10.0,55008.72,46440.87,8567.85,Regular,Cash
ORD3909,2025-02-28 15:40:13.202640,USB Drive,Accessories,Central,Bhopal,1,971.74,0.0,971.74,824.77,146.97,Regular,Credit Card
ORD3910,2025-02-28 19:10:30.126025,Headphones,Accessories,Central,Nagpur,8,2838.42,0.0,22707.36,17999.27,4708.09,New,UPI
ORD3911,2025-02-28 22:40:47.049409,Smartphone,Electronics,Central,Nagpur,8,22677.67,5.0,172350.29,137984.34,34365.95,Premium,Net Banking
ORD3912,2025-03-01 02:11:03.972794,Router,Electronics,South,Hyderabad,6,2712.12,0.0,16272.72,12858.87,3413.85,Regular,Credit Card
ORD3913,2025-03-01 05:41:20.896179,Smartwatch,Accessories,East,Patna,7,6370.72,20.0,35676.03,23703.7,11972.33,New,Debit Card
ORD3914,2025-03-01 09:11:37.819563,Office Desk,Furniture,East,Bhubaneswar,10,12464.36,5.0,118411.42,75495.1,42916.32,Regular,Net Banking
ORD3915,2025-03-01 12:41:54.742948,Tablet,Electronics,North,Chandigarh,2,19949.73,5.0,37904.49,27995.82,9908.67,Regular,Credit Card
ORD3916,2025-03-01 16:12:11.666333,Office Chair,Furniture,North,Delhi,5,9051.18,5.0,42993.1,36051.29,6941.81,New,Cash
ORD3917,2025-03-01 19:42:28.589717,Laptop,Electronics,Central,Nagpur,7,56690.0,20.0,317464.0,260184.95,57279.05,Regular,UPI
ORD3918,2025-03-01 23:12:45.513102,Bookshelf,Furniture,South,Hyderabad,9,7363.09,5.0,62954.42,39454.48,23499.94,Regular,Net Banking
ORD3919,2025-03-02 02:43:02.436487,Webcam,Electronics,South,Bengaluru,1,3479.75,5.0,3305.76,2030.56,1275.2,New,Cash
ORD3920,2025-03-02 06:13:19.359871,Printer,Electronics,North,Lucknow,3,13088.04,10.0,35337.71,28921.89,6415.82,New,Credit Card
ORD3921,2025-03-02 09:43:36.283256,Router,Electronics,Central,Nagpur,6,2372.39,25.0,10675.76,8041.56,2634.2,New,Debit Card
ORD3922,2025-03-02 13:13:53.206641,Keyboard,Accessories,West,Pune,7,1370.92,10.0,8636.8,5839.17,2797.63,Regular,UPI
ORD3923,2025-03-02 16:44:10.130026,Office Chair,Furniture,West,Mumbai,6,8698.98,0.0,52193.88,38646.54,13547.34,New,UPI
ORD3924,2025-03-02 20:14:27.053410,External Hard Drive,Electronics,Central,Bhopal,1,6710.35,0.0,6710.35,4398.08,2312.27,Regular,Net Banking
ORD3925,2025-03-02 23:44:43.976795,Monitor,Electronics,South,Chennai,4,15711.47,15.0,53419.0,44697.7,8721.3,Regular,Cash
ORD3926,2025-03-03 03:15:00.900180,Tablet,Electronics,West,Ahmedabad,6,23049.39,25.0,103722.26,83683.06,20039.2,Regular,Credit Card
ORD3927,2025-03-03 06:45:17.823564,Bookshelf,Furniture,North,Chandigarh,8,6454.94,20.0,41311.62,34724.87,6586.75,Regular,Credit Card
ORD3928,2025-03-03 10:15:34.746949,Smartwatch,Accessories,North,Lucknow,10,6462.11,10.0,58158.99,37615.16,20543.83,Regular,Cash
ORD3929,2025-03-03 13:45:51.670334,Keyboard,Accessories,Central,Nagpur,4,1434.25,0.0,5737.0,4652.23,1084.77,Premium,UPI
ORD3930,2025-03-03 17:16:08.593718,Office Desk,Furniture,West,Mumbai,7,11303.79,20.0,63301.22,46847.42,16453.8,Regular,Cash
ORD3931,2025-03-03 20:46:25.517103,Smartphone,Electronics,South,Bengaluru,3,25572.29,5.0,72881.03,49650.06,23230.97,Regular,Credit Card
ORD3932,2025-03-04 00:16:42.440488,Tablet,Electronics,South,Hyderabad,8,20732.14,20.0,132685.7,95522.54,37163.16,Regular,Cash
ORD3933,2025-03-04 03:46:59.363872,Tablet,Electronics,East,Bhubaneswar,1,22035.37,10.0,19831.83,16581.31,3250.52,Regular,UPI
ORD3934,2025-03-04 07:17:16.287257,Office Desk,Furniture,North,Chandigarh,4,11776.87,25.0,35330.61,27305.73,8024.88,Regular,Net Banking
ORD3935,2025-03-04 10:47:33.210642,Webcam,Electronics,South,Hyderabad,8,3312.42,15.0,22524.46,15541.4,6983.06,Regular,UPI
ORD3936,2025-03-04 14:17:50.134026,Smartwatch,Accessories,South,Chennai,10,5750.47,10.0,51754.23,43989.8,7764.43,Regular,Debit Card
ORD3937,2025-03-04 17:48:07.057411,Headphones,Accessories,South,Hyderabad,4,2956.44,25.0,8869.32,6088.22,2781.1,Premium,Debit Card
ORD3938,2025-03-04 21:18:23.980796,Office Chair,Furniture,Central,Indore,2,8723.09,0.0,17446.18,14016.78,3429.4,Regular,Cash
ORD3939,2025-03-05 00:48:40.904180,USB Drive,Accessories,South,Hyderabad,2,878.68,0.0,1757.36,1399.02,358.34,New,UPI
ORD3940,2025-03-05 04:18:57.827565,Monitor,Electronics,North,Jaipur,4,15706.3,20.0,50260.16,39239.7,11020.46,Regular,UPI
ORD3941,2025-03-05 07:49:14.750950,Laptop,Electronics,East,Kolkata,4,51352.18,10.0,184867.85,141860.02,43007.83,New,Credit Card
ORD3942,2025-03-05 11:19:31.674334,Mouse,Accessories,Central,Indore,2,820.42,0.0,1640.84,1029.08,611.76,New,Net Banking
ORD3943,2025-03-05 14:49:48.597719,Smartphone,Electronics,South,Chennai,7,25890.79,5.0,172173.75,146130.57,26043.18,Regular,UPI
ORD3944,2025-03-05 18:20:05.521104,Printer,Electronics,North,Delhi,6,12725.01,5.0,72532.56,46439.75,26092.81,Regular,Cash
ORD3945,2025-03-05 21:50:22.444488,Mouse,Accessories,South,Bengaluru,3,855.57,15.0,2181.7,1634.17,547.53,Premium,Credit Card
ORD3946,2025-03-06 01:20:39.367873,Monitor,Electronics,West,Pune,8,13976.0,20.0,89446.4,59239.18,30207.22,Premium,Credit Card
ORD3947,2025-03-06 04:50:56.291258,Printer,Electronics,West,Mumbai,8,11131.83,0.0,89054.64,57190.39,31864.25,New,Cash
ORD3948,2025-03-06 08:21:13.214642,Laptop,Electronics,Central,Nagpur,1,56262.48,15.0,47823.11,35382.71,12440.4,Regular,Cash
ORD3949,2025-03-06 11:51:30.138027,Laptop,Electronics,Central,Bhopal,3,57826.08,5.0,164804.33,133340.88,31463.45,Regular,UPI
ORD3950,2025-03-06 15:21:47.061412,Webcam,Electronics,West,Ahmedabad,5,3340.63,15.0,14197.68,9856.55,4341.13,New,UPI
ORD3951,2025-03-06 18:52:03.984796,Gaming Mouse,Accessories,West,Mumbai,2,2211.37,15.0,3759.33,2328.12,1431.21,Regular,Credit Card
ORD3952,2025-03-06 22:22:20.908181,Bluetooth Speaker,Accessories,East,Patna,5,3163.34,0.0,15816.7,11956.47,3860.23,Premium,Credit Card
ORD3953,2025-03-07 01:52:37.831566,Power Bank,Accessories,North,Lucknow,10,1896.3,0.0,18963.0,15011.25,3951.75,Regular,Net Banking
ORD3954,2025-03-07 05:22:54.754950,External Hard Drive,Electronics,Central,Indore,3,6699.97,0.0,20099.91,13547.76,6552.15,Regular,Credit Card
ORD3955,2025-03-07 08:53:11.678335,Tablet,Electronics,South,Bengaluru,9,20146.67,20.0,145056.02,112077.16,32978.86,Premium,Cash
ORD3956,2025-03-07 12:23:28.601720,Office Chair,Furniture,North,Jaipur,1,8191.16,15.0,6962.49,4309.42,2653.07,Premium,Cash
ORD3957,2025-03-07 15:53:45.525105,Webcam,Electronics,West,Pune,4,3421.91,15.0,11634.49,8031.95,3602.54,Regular,Net Banking
ORD3958,2025-03-07 19:24:02.448489,Office Chair,Furniture,South,Hyderabad,10,8148.04,20.0,65184.32,46837.08,18347.24,Regular,Debit Card
ORD3959,2025-03-07 22:54:19.371874,Router,Electronics,West,Mumbai,6,2702.07,5.0,15401.8,12251.99,3149.81,Regular,Debit Card
ORD3960,2025-03-08 02:24:36.295259,Router,Electronics,West,Ahmedabad,9,2260.07,10.0,18306.57,12531.5,5775.07,Regular,Cash
ORD3961,2025-03-08 05:54:53.218643,Keyboard,Accessories,East,Patna,3,1358.88,5.0,3872.81,2762.96,1109.85,New,Debit Card
ORD3962,2025-03-08 09:25:10.142028,Printer,Electronics,Central,Bhopal,3,11196.79,20.0,26872.3,20344.71,6527.59,Regular,Debit Card
ORD3963,2025-03-08 12:55:27.065413,Headphones,Accessories,South,Hyderabad,5,3076.21,15.0,13073.89,9884.12,3189.77,Premium,Net Banking
ORD3964,2025-03-08 16:25:43.988797,Smartphone,Electronics,East,Kolkata,7,25207.77,15.0,149986.23,109405.96,40580.27,Regular,Credit Card
ORD3965,2025-03-08 19:56:00.912182,USB Drive,Accessories,East,Patna,5,928.71,0.0,4643.55,3167.45,1476.1,Regular,Credit Card
ORD3966,2025-03-08 23:26:17.835567,Gaming Mouse,Accessories,West,Surat,8,2373.16,0.0,18985.28,14570.84,4414.44,Regular,Debit Card
ORD3967,2025-03-09 02:56:34.758951,Office Desk,Furniture,West,Surat,5,11891.87,15.0,50540.45,40901.81,9638.64,Regular,UPI
ORD3968,2025-03-09 06:26:51.682336,Keyboard,Accessories,South,Hyderabad,7,1363.16,15.0,8110.8,5178.37,2932.43,Premium,Net Banking
ORD3969,2025-03-09 09:57:08.605721,Laptop,Electronics,West,Surat,6,57898.46,25.0,260543.07,178502.08,82040.99,Regular,Debit Card
ORD3970,2025-03-09 13:27:25.529105,Monitor,Electronics,North,Delhi,10,15935.89,0.0,159358.9,122258.09,37100.81,Regular,UPI
ORD3971,2025-03-09 16:57:42.452490,Router,Electronics,Central,Bhopal,2,2274.94,0.0,4549.88,3589.6,960.28,Regular,UPI
ORD3972,2025-03-09 20:27:59.375875,Bookshelf,Furniture,South,Bengaluru,3,6639.99,5.0,18923.97,15051.46,3872.51,Regular,Net Banking
ORD3973,2025-03-09 23:58:16.299259,External Hard Drive,Electronics,West,Ahmedabad,4,6851.78,15.0,23296.05,17782.29,5513.76,Premium,Credit Card
ORD3974,2025-03-10 03:28:33.222644,Printer,Electronics,North,Delhi,5,11702.77,15.0,49736.77,35788.97,13947.8,Regular,Cash
ORD3975,2025-03-10 06:58:50.146029,Tablet,Electronics,South,Hyderabad,9,21879.67,20.0,157533.62,119953.96,37579.66,New,UPI
ORD3976,2025-03-10 10:29:07.069413,Office Chair,Furniture,East,Bhubaneswar,6,9581.72,5.0,54615.8,34613.37,20002.43,New,Cash
ORD3977,2025-03-10 13:59:23.992798,Bookshelf,Furniture,Central,Nagpur,1,6432.47,10.0,5789.22,3774.23,2014.99,Premium,Cash
ORD3978,2025-03-10 17:29:40.916183,Monitor,Electronics,East,Patna,3,15531.85,10.0,41936.0,34885.84,7050.16,Regular,Net Banking
ORD3979,2025-03-10 20:59:57.839567,Backpack,Accessories,Central,Bhopal,7,1697.39,10.0,10693.56,8881.46,1812.1,Regular,Credit Card
ORD3980,2025-03-11 00:30:14.762952,Office Chair,Furniture,East,Bhubaneswar,8,8212.77,25.0,49276.62,38483.61,10793.01,Regular,Net Banking
ORD3981,2025-03-11 04:00:31.686337,Power Bank,Accessories,East,Bhubaneswar,7,1858.5,0.0,13009.5,8869.38,4140.12,Regular,UPI
ORD3982,2025-03-11 07:30:48.609721,Bluetooth Speaker,Accessories,North,Lucknow,5,2772.85,10.0,12477.82,9510.72,2967.1,Regular,Credit Card
ORD3983,2025-03-11 11:01:05.533106,External Hard Drive,Electronics,Central,Bhopal,10,6821.11,20.0,54568.88,42124.33,12444.55,New,Debit Card
ORD3984,2025-03-11 14:31:22.456491,Keyboard,Accessories,South,Chennai,8,1410.81,0.0,11286.48,8225.35,3061.13,Premium,Credit Card
ORD3985,2025-03-11 18:01:39.379875,Webcam,Electronics,Central,Bhopal,9,3183.96,0.0,28655.64,22555.76,6099.88,Regular,Net Banking
ORD3986,2025-03-11 21:31:56.303260,Power Bank,Accessories,Central,Indore,7,1655.75,10.0,10431.22,6336.16,4095.06,Regular,Net Banking
ORD3987,2025-03-12 01:02:13.226645,Printer,Electronics,Central,Indore,9,12819.05,0.0,115371.45,76613.01,38758.44,Regular,Cash
ORD3988,2025-03-12 04:32:30.150030,Printer,Electronics,East,Bhubaneswar,1,11690.32,5.0,11105.8,8869.23,2236.57,New,Debit Card
ORD3989,2025-03-12 08:02:47.073414,Power Bank,Accessories,West,Mumbai,9,1728.82,5.0,14781.41,12337.68,2443.73,Regular,Credit Card
ORD3990,2025-03-12 11:33:03.996799,Printer,Electronics,West,Ahmedabad,3,11978.88,10.0,32342.98,26489.61,5853.37,New,Debit Card
ORD3991,2025-03-12 15:03:20.920184,Tablet,Electronics,North,Chandigarh,6,22584.9,20.0,108407.52,84462.83,23944.69,Regular,Cash
ORD3992,2025-03-12 18:33:37.843568,Keyboard,Accessories,West,Mumbai,8,1361.13,0.0,10889.04,6983.95,3905.09,Regular,Debit Card
ORD3993,2025-03-12 22:03:54.766953,Monitor,Electronics,North,Chandigarh,3,16194.57,15.0,41296.15,28584.36,12711.79,Regular,Debit Card
ORD3994,2025-03-13 01:34:11.690338,External Hard Drive,Electronics,East,Kolkata,4,7096.03,10.0,25545.71,15648.11,9897.6,Regular,Credit Card
ORD3995,2025-03-13 05:04:28.613722,Smartwatch,Accessories,North,Lucknow,7,5900.77,25.0,30979.04,23543.0,7436.04,Regular,Debit Card
ORD3996,2025-03-13 08:34:45.537107,Router,Electronics,North,Delhi,7,2456.31,0.0,17194.17,12250.26,4943.91,New,Cash
ORD3997,2025-03-13 12:05:02.460492,Bookshelf,Furniture,South,Bengaluru,4,7529.98,10.0,27107.93,20148.05,6959.88,Premium,UPI
ORD3998,2025-03-13 15:35:19.383876,Webcam,Electronics,East,Bhubaneswar,9,3450.52,10.0,27949.21,23612.56,4336.65,Regular,UPI
ORD3999,2025-03-13 19:05:36.307261,Gaming Mouse,Accessories,West,Surat,3,2356.72,20.0,5656.13,3962.48,1693.65,New,Net Banking
ORD4000,2025-03-13 22:35:53.230646,Router,Electronics,North,Chandigarh,8,2264.17,15.0,15396.36,10418.37,4977.99,Regular,UPI
ORD4001,2025-03-14 02:06:10.154030,Bookshelf,Furniture,East,Patna,8,6985.51,0.0,55884.08,35634.55,20249.53,Regular,Credit Card
ORD4002,2025-03-14 05:36:27.077415,USB Drive,Accessories,North,Lucknow,4,981.44,10.0,3533.18,2246.76,1286.42,Regular,Net Banking
ORD4003,2025-03-14 09:06:44.000800,Monitor,Electronics,West,Surat,7,14258.41,10.0,89827.98,65542.39,24285.59,Regular,UPI
ORD4004,2025-03-14 12:37:00.924184,Printer,Electronics,West,Unknown,4,11438.77,0.0,45755.08,36023.3,9731.78,Regular,UPI
ORD4005,2025-03-14 16:07:17.847569,Printer,Electronics,West,Pune,1,12312.3,10.0,11081.07,8212.35,2868.72,New,Net Banking
ORD4006,2025-03-14 19:37:34.770954,Smartwatch,Accessories,West,Surat,1,6511.43,10.0,5860.29,4795.61,1064.68,New,Credit Card
ORD4007,2025-03-14 23:07:51.694338,Router,Electronics,South,Bengaluru,1,2349.37,10.0,2114.43,1435.63,678.8,Regular,Net Banking
ORD4008,2025-03-15 02:38:08.617723,Bookshelf,Furniture,West,Surat,2,7590.31,5.0,14421.59,10798.33,3623.26,Regular,Credit Card
ORD4009,2025-03-15 06:08:25.541108,Smartphone,Electronics,East,Kolkata,6,25815.02,5.0,147145.61,112612.07,34533.54,New,Credit Card
ORD4010,2025-03-15 09:38:42.464492,Bookshelf,Furniture,East,Kolkata,10,7690.27,15.0,65367.3,43807.37,21559.93,New,Cash
ORD4011,2025-03-15 13:08:59.387877,Bluetooth Speaker,Accessories,West,Pune,5,3141.88,20.0,12567.52,8785.65,3781.87,Regular,UPI
ORD4012,2025-03-15 16:39:16.311262,Tablet,Electronics,North,Chandigarh,2,22738.32,0.0,45476.64,34004.47,11472.17,Regular,UPI
ORD4013,2025-03-15 20:09:33.234646,Power Bank,Accessories,West,Ahmedabad,8,1913.37,20.0,12245.57,7411.42,4834.15,Regular,Debit Card
ORD4014,2025-03-15 23:39:50.158031,Smartphone,Electronics,West,Mumbai,9,23375.7,20.0,168305.04,138288.3,30016.74,New,Net Banking
ORD4015,2025-03-16 03:10:07.081416,Bookshelf,Furniture,South,Hyderabad,7,7624.38,5.0,50702.13,31829.07,18873.06,Regular,Cash
ORD4016,2025-03-16 06:40:24.004800,Bluetooth Speaker,Accessories,North,Lucknow,9,2799.36,15.0,21415.1,13103.67,8311.43,Regular,UPI
ORD4017,2025-03-16 10:10:40.928185,Router,Electronics,North,Jaipur,4,2262.84,20.0,7241.09,4733.93,2507.16,Premium,Debit Card
ORD4018,2025-03-16 13:40:57.851570,Backpack,Accessories,Central,Indore,7,1871.23,20.0,10478.89,7603.27,2875.62,Regular,Cash
ORD4019,2025-03-16 17:11:14.774954,Office Desk,Furniture,West,Surat,5,11243.03,10.0,50593.64,34513.68,16079.96,New,Credit Card
ORD4020,2025-03-16 20:41:31.698339,Office Desk,Furniture,North,Jaipur,5,12621.01,0.0,63105.05,44806.88,18298.17,Regular,UPI
ORD4021,2025-03-17 00:11:48.621724,Office Chair,Furniture,South,Hyderabad,3,9531.07,15.0,24304.23,15094.57,9209.66,Regular,Net Banking
ORD4022,2025-03-17 03:42:05.545109,Mouse,Accessories,West,Pune,9,757.87,0.0,6820.83,4489.99,2330.84,Regular,Cash
ORD4023,2025-03-17 07:12:22.468493,Monitor,Electronics,Central,Bhopal,10,13760.16,5.0,130721.52,81624.5,49097.02,New,Debit Card
ORD4024,2025-03-17 10:42:39.391878,Bluetooth Speaker,Accessories,North,Chandigarh,5,3000.49,20.0,12001.96,7890.41,4111.55,Regular,Net Banking
ORD4025,2025-03-17 14:12:56.315263,Laptop,Electronics,South,Chennai,6,59292.4,20.0,284603.52,220803.17,63800.35,Regular,Credit Card
ORD4026,2025-03-17 17:43:13.238647,Tablet,Electronics,Central,Indore,3,23528.08,25.0,52938.18,39376.62,13561.56,New,Net Banking
ORD4027,2025-03-17 21:13:30.162032,Bookshelf,Furniture,North,Lucknow,10,6463.92,0.0,64639.2,44180.42,20458.78,Regular,Debit Card
ORD4028,2025-03-18 00:43:47.085417,Webcam,Electronics,South,Hyderabad,7,3825.35,5.0,25438.58,16924.46,8514.12,Regular,Credit Card
ORD4029,2025-03-18 04:14:04.008801,Smartphone,Electronics,Central,Bhopal,9,23819.75,25.0,160783.31,136566.44,24216.87,Regular,Debit Card
ORD4030,2025-03-18 07:44:20.932186,Office Chair,Furniture,West,Mumbai,9,8728.9,25.0,58920.08,46662.75,12257.33,New,UPI
ORD4031,2025-03-18 11:14:37.855571,Monitor,Electronics,South,Bengaluru,10,13947.15,10.0,125524.35,101111.25,24413.1,Premium,Debit Card
ORD4032,2025-03-18 14:44:54.778955,Bluetooth Speaker,Accessories,North,Lucknow,10,2926.68,25.0,21950.1,13314.74,8635.36,New,Net Banking
ORD4033,2025-03-18 18:15:11.702340,Router,Electronics,North,Lucknow,5,2567.82,25.0,9629.33,5921.04,3708.29,New,UPI
ORD4034,2025-03-18 21:45:28.625725,Tablet,Electronics,South,Bengaluru,7,22026.74,10.0,138768.46,107983.18,30785.28,Regular,UPI
ORD4035,2025-03-19 01:15:45.549109,External Hard Drive,Electronics,Central,Nagpur,3,6925.8,20.0,16621.92,10770.31,5851.61,Premium,Cash
ORD4036,2025-03-19 04:46:02.472494,Headphones,Accessories,East,Bhubaneswar,6,3084.78,20.0,14806.94,10459.83,4347.11,New,Net Banking
ORD4037,2025-03-19 08:16:19.395879,Bluetooth Speaker,Accessories,West,Pune,8,2858.13,15.0,19435.28,12556.0,6879.28,Premium,Net Banking
ORD4038,2025-03-19 11:46:36.319263,Printer,Electronics,Central,Indore,8,12137.85,25.0,72827.1,46920.17,25906.93,New,Credit Card
ORD4039,2025-03-19 15:16:53.242648,Mouse,Accessories,East,Patna,2,730.27,0.0,1460.54,916.15,544.39,Regular,Debit Card
ORD4040,2025-03-19 18:47:10.166033,Headphones,Accessories,North,Jaipur,6,3048.47,20.0,14632.66,10953.5,3679.16,New,Debit Card
ORD4041,2025-03-19 22:17:27.089417,Printer,Electronics,East,Kolkata,7,11735.19,5.0,78039.01,61246.99,16792.02,Regular,Net Banking
ORD4042,2025-03-20 01:47:44.012802,Router,Electronics,Central,Nagpur,7,2299.2,0.0,16094.4,9885.36,6209.04,Regular,Debit Card
ORD4043,2025-03-20 05:18:00.936187,Printer,Electronics,Central,Bhopal,3,11537.91,15.0,29421.67,19679.8,9741.87,Regular,Net Banking
ORD4044,2025-03-20 08:48:17.859571,Monitor,Electronics,North,Chandigarh,9,16194.26,25.0,109311.26,83578.53,25732.73,Regular,UPI
ORD4045,2025-03-20 12:18:34.782956,Bluetooth Speaker,Accessories,West,Surat,2,3051.62,10.0,5492.92,3834.49,1658.43,Regular,Debit Card
ORD4046,2025-03-20 15:48:51.706341,Smartphone,Electronics,West,Surat,3,27016.32,15.0,68891.62,53471.37,15420.25,Premium,Debit Card
ORD4047,2025-03-20 19:19:08.629725,Office Chair,Furniture,Central,Nagpur,2,8839.45,0.0,17678.9,13962.92,3715.98,New,Net Banking
ORD4048,2025-03-20 22:49:25.553110,Bookshelf,Furniture,North,Chandigarh,9,7670.47,10.0,62130.81,37780.1,24350.71,New,Net Banking
ORD4049,2025-03-21 02:19:42.476495,Webcam,Electronics,East,Patna,4,3402.01,5.0,12927.64,8987.49,3940.15,Regular,Credit Card
ORD4050,2025-03-21 05:49:59.399879,Office Desk,Furniture,Central,Nagpur,2,12616.33,10.0,22709.39,17765.21,4944.18,New,Debit Card
ORD4051,2025-03-21 09:20:16.323264,Office Chair,Furniture,East,Kolkata,3,8649.73,10.0,23354.27,16221.97,7132.3,Regular,Cash
ORD4052,2025-03-21 12:50:33.246649,Mouse,Accessories,East,Bhubaneswar,4,736.96,5.0,2800.45,1684.35,1116.1,Regular,Net Banking
ORD4053,2025-03-21 16:20:50.170034,Printer,Electronics,North,Delhi,10,12799.34,20.0,102394.72,70045.74,32348.98,Regular,Cash
ORD4054,2025-03-21 19:51:07.093418,Router,Electronics,South,Hyderabad,6,2631.29,20.0,12630.19,10333.56,2296.63,Premium,UPI
ORD4055,2025-03-21 23:21:24.016803,Gaming Mouse,Accessories,South,Hyderabad,5,2341.08,10.0,10534.86,8828.05,1706.81,New,UPI
ORD4056,2025-03-22 02:51:40.940188,Smartwatch,Accessories,Central,Indore,3,5759.63,10.0,15551.0,11509.75,4041.25,New,Cash
ORD4057,2025-03-22 06:21:57.863572,Backpack,Accessories,South,Bengaluru,10,1873.32,15.0,15923.22,10773.49,5149.73,New,UPI
ORD4058,2025-03-22 09:52:14.786957,Office Desk,Furniture,East,Bhubaneswar,8,11327.81,20.0,72497.98,51945.97,20552.01,New,Cash
ORD4059,2025-03-22 13:22:31.710342,Keyboard,Accessories,West,Pune,8,1353.39,5.0,10285.76,6778.84,3506.92,Regular,Credit Card
ORD4060,2025-03-22 16:52:48.633726,Router,Electronics,North,Jaipur,7,2683.24,25.0,14087.01,9044.3,5042.71,Regular,Credit Card
ORD4061,2025-03-22 20:23:05.557111,Bluetooth Speaker,Accessories,East,Patna,3,3014.12,25.0,6781.77,4905.82,1875.95,Regular,UPI
ORD4062,2025-03-22 23:53:22.480496,Bluetooth Speaker,Accessories,West,Pune,1,3290.19,10.0,2961.17,2322.06,639.11,Regular,Cash
ORD4063,2025-03-23 03:23:39.403880,USB Drive,Accessories,Central,Indore,5,879.31,10.0,3956.89,2594.2,1362.69,New,Cash
ORD4064,2025-03-23 06:53:56.327265,Office Desk,Furniture,West,Mumbai,1,13096.5,25.0,9822.38,8126.88,1695.5,New,Cash
ORD4065,2025-03-23 10:24:13.250650,Office Desk,Furniture,West,Mumbai,6,12276.14,15.0,62608.31,40198.1,22410.21,Premium,UPI
ORD4066,2025-03-23 13:54:30.174034,Gaming Mouse,Accessories,North,Jaipur,7,2205.37,15.0,13121.95,9705.03,3416.92,New,Cash
ORD4067,2025-03-23 17:24:47.097419,Keyboard,Accessories,Central,Bhopal,5,1440.84,15.0,6123.57,4862.7,1260.87,Premium,Net Banking
ORD4068,2025-03-23 20:55:04.020804,Monitor,Electronics,North,Lucknow,4,15975.83,0.0,63903.32,41751.05,22152.27,Regular,Cash
ORD4069,2025-03-24 00:25:20.944188,Keyboard,Accessories,West,Ahmedabad,2,1598.64,5.0,3037.42,2047.56,989.86,Premium,Net Banking
ORD4070,2025-03-24 03:55:37.867573,Office Chair,Furniture,South,Bengaluru,5,8850.47,0.0,44252.35,27120.98,17131.37,Regular,Credit Card
ORD4071,2025-03-24 07:25:54.790958,Laptop,Electronics,Central,Nagpur,9,57500.22,10.0,465751.78,389362.48,76389.3,New,Net Banking
ORD4072,2025-03-24 10:56:11.714342,Webcam,Electronics,West,Surat,4,3463.07,15.0,11774.44,8498.12,3276.32,Regular,Credit Card
ORD4073,2025-03-24 14:26:28.637727,Office Chair,Furniture,West,Ahmedabad,2,9431.39,15.0,16033.36,9877.78,6155.58,Regular,UPI
ORD4074,2025-03-24 17:56:45.561112,Bluetooth Speaker,Accessories,South,Bengaluru,6,3296.51,25.0,14834.3,11979.17,2855.13,New,Credit Card
ORD4075,2025-03-24 21:27:02.484496,External Hard Drive,Electronics,East,Bhubaneswar,8,6191.25,25.0,37147.5,27575.93,9571.57,Regular,Credit Card
ORD4076,2025-03-25 00:57:19.407881,Router,Electronics,West,Ahmedabad,2,2567.03,15.0,4363.95,2678.68,1685.27,New,Cash
ORD4077,2025-03-25 04:27:36.331266,Bluetooth Speaker,Accessories,West,Surat,9,2927.93,20.0,21081.1,15025.01,6056.09,Regular,Debit Card
ORD4078,2025-03-25 07:57:53.254650,Backpack,Accessories,North,Chandigarh,7,1817.41,25.0,9541.4,6761.04,2780.36,Premium,Credit Card
ORD4079,2025-03-25 11:28:10.178035,External Hard Drive,Electronics,Central,Bhopal,2,6986.39,5.0,13274.14,8449.26,4824.88,New,Net Banking
ORD4080,2025-03-25 14:58:27.101420,Bluetooth Speaker,Accessories,Central,Indore,5,2908.55,0.0,14542.75,10253.99,4288.76,New,UPI
ORD4081,2025-03-25 18:28:44.024804,Webcam,Electronics,South,Bengaluru,5,3200.67,5.0,15203.18,10196.8,5006.38,New,Net Banking
ORD4082,2025-03-25 21:59:00.948189,Webcam,Electronics,Central,Nagpur,7,3709.26,25.0,19473.61,15091.76,4381.85,New,UPI
ORD4083,2025-03-26 01:29:17.871574,Monitor,Electronics,East,Kolkata,5,15165.07,15.0,64451.55,38759.42,25692.13,New,Net Banking
ORD4084,2025-03-26 04:59:34.794958,Mouse,Accessories,East,Kolkata,6,791.9,10.0,4276.26,2679.48,1596.78,New,Credit Card
ORD4085,2025-03-26 08:29:51.718343,Bookshelf,Furniture,South,Bengaluru,9,6556.67,20.0,47208.02,39166.71,8041.31,New,Debit Card
ORD4086,2025-03-26 12:00:08.641728,Tablet,Electronics,West,Ahmedabad,3,20208.55,25.0,45469.24,32207.38,13261.86,Regular,Credit Card
ORD4087,2025-03-26 15:30:25.565113,USB Drive,Accessories,West,Ahmedabad,3,860.17,5.0,2451.48,1578.86,872.62,Premium,Cash
ORD4088,2025-03-26 19:00:42.488497,Smartwatch,Accessories,East,Patna,8,6262.69,10.0,45091.37,35996.74,9094.63,Regular,Net Banking
ORD4089,2025-03-26 22:30:59.411882,Headphones,Accessories,West,Mumbai,10,2947.06,25.0,22102.95,17967.45,4135.5,New,Debit Card
ORD4090,2025-03-27 02:01:16.335267,Gaming Mouse,Accessories,West,Pune,6,2230.9,15.0,11377.59,7427.33,3950.26,New,Net Banking
ORD4091,2025-03-27 05:31:33.258651,Bookshelf,Furniture,West,Surat,10,6414.86,15.0,54526.31,42443.28,12083.03,Regular,Cash
ORD4092,2025-03-27 09:01:50.182036,Router,Electronics,North,Chandigarh,3,2311.62,15.0,5894.63,4443.28,1451.35,Regular,Cash
ORD4093,2025-03-27 12:32:07.105421,Router,Electronics,Central,Indore,2,2255.65,15.0,3834.6,3015.01,819.59,Premium,Cash
ORD4094,2025-03-27 16:02:24.028805,Router,Electronics,East,Patna,2,2586.64,25.0,3879.96,3092.23,787.73,New,Credit Card
ORD4095,2025-03-27 19:32:40.952190,Laptop,Electronics,South,Hyderabad,2,52409.0,20.0,83854.4,64168.23,19686.17,Regular,Credit Card
ORD4096,2025-03-27 23:02:57.875575,Headphones,Accessories,South,Hyderabad,5,3280.16,20.0,13120.64,11008.93,2111.71,Regular,Debit Card
ORD4097,2025-03-28 02:33:14.798959,Bluetooth Speaker,Accessories,East,Patna,5,2885.07,5.0,13704.08,11183.3,2520.78,Premium,Cash
ORD4098,2025-03-28 06:03:31.722344,Keyboard,Accessories,Central,Bhopal,1,1459.09,25.0,1094.32,719.23,375.09,Regular,Credit Card
ORD4099,2025-03-28 09:33:48.645729,Tablet,Electronics,South,Hyderabad,2,21865.76,15.0,37171.79,30792.79,6379.0,Regular,UPI
ORD4100,2025-03-28 13:04:05.569113,Printer,Electronics,West,Ahmedabad,2,11565.94,20.0,18505.5,12766.93,5738.57,Regular,UPI
ORD4101,2025-03-28 16:34:22.492498,Bookshelf,Furniture,North,Chandigarh,4,7444.42,25.0,22333.26,17456.47,4876.79,Regular,Credit Card
ORD4102,2025-03-28 20:04:39.415883,Webcam,Electronics,East,Bhubaneswar,7,3763.34,10.0,23709.04,19251.8,4457.24,New,Debit Card
ORD4103,2025-03-28 23:34:56.339267,Backpack,Accessories,Central,Bhopal,3,1623.97,20.0,3897.53,2763.71,1133.82,New,Net Banking
ORD4104,2025-03-29 03:05:13.262652,USB Drive,Accessories,West,Ahmedabad,5,927.84,20.0,3711.36,2274.61,1436.75,Regular,Cash
ORD4105,2025-03-29 06:35:30.186037,External Hard Drive,Electronics,South,Hyderabad,9,6741.91,5.0,57643.33,48271.41,9371.92,New,Credit Card
ORD4106,2025-03-29 10:05:47.109421,Office Chair,Furniture,East,Bhubaneswar,5,9830.56,20.0,39322.24,24305.86,15016.38,Regular,Debit Card
ORD4107,2025-03-29 13:36:04.032806,Tablet,Electronics,South,Hyderabad,9,21429.76,10.0,173581.06,119254.94,54326.12,Premium,Net Banking
ORD4108,2025-03-29 17:06:20.956191,Power Bank,Accessories,East,Unknown,1,1690.3,15.0,1436.76,1076.29,360.47,Regular,Debit Card
ORD4109,2025-03-29 20:36:37.879575,Power Bank,Accessories,West,Ahmedabad,9,1807.41,0.0,16266.69,10238.0,6028.69,Regular,Net Banking
ORD4110,2025-03-30 00:06:54.802960,USB Drive,Accessories,West,Surat,5,890.56,5.0,4230.16,3424.53,805.63,Regular,UPI
ORD4111,2025-03-30 03:37:11.726345,Office Desk,Furniture,South,Bengaluru,8,12700.16,10.0,91441.15,59514.98,31926.17,Regular,Net Banking
ORD4112,2025-03-30 07:07:28.649729,Smartphone,Electronics,Central,Indore,5,27019.88,5.0,128344.43,108643.68,19700.75,Premium,UPI
ORD4113,2025-03-30 10:37:45.573114,Smartwatch,Accessories,West,Pune,6,5504.05,25.0,24768.22,20535.54,4232.68,Regular,Cash
ORD4114,2025-03-30 14:08:02.496499,Tablet,Electronics,South,Chennai,8,23524.95,15.0,159969.66,120159.45,39810.21,Regular,Credit Card
ORD4115,2025-03-30 17:38:19.419883,Webcam,Electronics,East,Patna,2,3786.28,20.0,6058.05,4634.42,1423.63,Regular,UPI
ORD4116,2025-03-30 21:08:36.343268,Tablet,Electronics,West,Pune,3,23866.2,25.0,53698.95,39382.9,14316.05,Regular,Debit Card
ORD4117,2025-03-31 00:38:53.266653,Bluetooth Speaker,Accessories,West,Mumbai,9,3158.59,20.0,22741.85,15868.72,6873.13,Regular,Net Banking
ORD4118,2025-03-31 04:09:10.190038,External Hard Drive,Electronics,East,Bhubaneswar,5,6814.71,10.0,30666.2,21096.11,9570.09,Regular,Debit Card
ORD4119,2025-03-31 07:39:27.113422,Headphones,Accessories,East,Patna,5,2708.94,15.0,11513.0,9474.21,2038.79,Regular,UPI
ORD4120,2025-03-31 11:09:44.036807,Router,Electronics,North,Lucknow,9,2710.1,0.0,24390.9,18150.61,6240.29,Regular,Debit Card
ORD4121,2025-03-31 14:40:00.960192,Headphones,Accessories,Central,Indore,10,2910.9,0.0,29109.0,23456.71,5652.29,New,Net Banking
ORD4122,2025-03-31 18:10:17.883576,Mouse,Accessories,East,Patna,3,726.58,20.0,1743.79,1270.38,473.41,Premium,Credit Card
ORD4123,2025-03-31 21:40:34.806961,Mouse,Accessories,North,Lucknow,4,786.08,25.0,2358.24,1595.95,762.29,Regular,Debit Card
ORD4124,2025-04-01 01:10:51.730346,Tablet,Electronics,West,Surat,7,23024.55,15.0,136996.07,85340.31,51655.76,Regular,Cash
ORD4125,2025-04-01 04:41:08.653730,Laptop,Electronics,Central,Nagpur,2,54361.51,15.0,92414.57,62927.32,29487.25,Regular,Net Banking
ORD4126,2025-04-01 08:11:25.577115,Monitor,Electronics,Central,Indore,8,15774.03,10.0,113573.02,93133.21,20439.81,Regular,Net Banking
ORD4127,2025-04-01 11:41:42.500500,Printer,Electronics,South,Chennai,5,12022.58,25.0,45084.68,35075.44,10009.24,Regular,Cash
ORD4128,2025-04-01 15:11:59.423884,Laptop,Electronics,North,Jaipur,1,52793.7,0.0,52793.7,42047.94,10745.76,Regular,UPI
ORD4129,2025-04-01 18:42:16.347269,Webcam,Electronics,East,Kolkata,3,3292.04,10.0,8888.51,7051.78,1836.73,New,Cash
ORD4130,2025-04-01 22:12:33.270654,Printer,Electronics,North,Jaipur,9,11810.65,5.0,100981.06,63617.37,37363.69,Regular,UPI
ORD4131,2025-04-02 01:42:50.194038,Bookshelf,Furniture,Central,Bhopal,5,6350.12,15.0,26988.01,17264.64,9723.37,New,Credit Card
ORD4132,2025-04-02 05:13:07.117423,Headphones,Accessories,North,Chandigarh,8,2953.53,0.0,23628.24,16050.9,7577.34,Regular,UPI
ORD4133,2025-04-02 08:43:24.040808,Headphones,Accessories,South,Bengaluru,1,2741.17,10.0,2467.05,1665.89,801.16,New,Credit Card
ORD4134,2025-04-02 12:13:40.964192,Printer,Electronics,East,Bhubaneswar,7,12904.81,20.0,72266.94,44554.03,27712.91,Regular,Credit Card
ORD4135,2025-04-02 15:43:57.887577,Smartwatch,Accessories,South,Bengaluru,7,6090.58,5.0,40502.36,25855.41,14646.95,New,Cash
ORD4136,2025-04-02 19:14:14.810962,Laptop,Electronics,West,Pune,8,56606.47,10.0,407566.58,331782.66,75783.92,Premium,Credit Card
ORD4137,2025-04-02 22:44:31.734346,Monitor,Electronics,East,Kolkata,3,14366.59,20.0,34479.82,25765.43,8714.39,Premium,UPI
ORD4138,2025-04-03 02:14:48.657731,Tablet,Electronics,North,Lucknow,1,20793.61,0.0,20793.61,14255.49,6538.12,Regular,Debit Card
ORD4139,2025-04-03 05:45:05.581116,Smartphone,Electronics,South,Chennai,9,26039.53,0.0,234355.77,171459.25,62896.52,Regular,Net Banking
ORD4140,2025-04-03 09:15:22.504500,Headphones,Accessories,East,Bhubaneswar,1,3102.94,5.0,2947.79,1961.25,986.54,Regular,Net Banking
ORD4141,2025-04-03 12:45:39.427885,Smartwatch,Accessories,North,Lucknow,6,5547.21,20.0,26626.61,19862.4,6764.21,New,UPI
ORD4142,2025-04-03 16:15:56.351270,Smartphone,Electronics,West,Mumbai,9,23693.21,15.0,181253.06,112133.6,69119.46,New,Debit Card
ORD4143,2025-04-03 19:46:13.274654,Backpack,Accessories,West,Pune,2,1960.77,0.0,3921.54,3237.87,683.67,New,Credit Card
ORD4144,2025-04-03 23:16:30.198039,Backpack,Accessories,West,Ahmedabad,4,1729.5,25.0,5188.5,3424.99,1763.51,Regular,UPI
ORD4145,2025-04-04 02:46:47.121424,Monitor,Electronics,Central,Nagpur,2,13577.49,15.0,23081.73,18575.46,4506.27,New,Credit Card
ORD4146,2025-04-04 06:17:04.044808,Keyboard,Accessories,Central,Bhopal,4,1369.13,15.0,4655.04,3561.1,1093.94,New,Cash
ORD4147,2025-04-04 09:47:20.968193,Office Chair,Furniture,Central,Nagpur,2,9495.89,10.0,17092.6,12490.45,4602.15,Regular,Debit Card
ORD4148,2025-04-04 13:17:37.891578,Tablet,Electronics,South,Chennai,1,23131.49,10.0,20818.34,17330.21,3488.13,New,Net Banking
ORD4149,2025-04-04 16:47:54.814962,Headphones,Accessories,North,Jaipur,3,2929.1,0.0,8787.3,5616.87,3170.43,New,UPI
ORD4150,2025-04-04 20:18:11.738347,Tablet,Electronics,South,Chennai,8,20474.08,15.0,139223.74,87685.81,51537.93,Premium,Net Banking
ORD4151,2025-04-04 23:48:28.661732,Backpack,Accessories,Central,Nagpur,5,1799.32,10.0,8096.94,5509.68,2587.26,Regular,Credit Card
ORD4152,2025-04-05 03:18:45.585117,Bookshelf,Furniture,Central,Nagpur,4,6764.64,20.0,21646.85,17481.03,4165.82,Regular,Credit Card
ORD4153,2025-04-05 06:49:02.508501,Bookshelf,Furniture,Central,Nagpur,5,6823.56,20.0,27294.24,16616.74,10677.5,New,Cash
ORD4154,2025-04-05 10:19:19.431886,Smartphone,Electronics,North,Chandigarh,6,23804.93,20.0,114263.66,75397.04,38866.62,Regular,Credit Card
ORD4155,2025-04-05 13:49:36.355271,Bookshelf,Furniture,Central,Bhopal,6,6388.0,20.0,30662.4,21653.04,9009.36,New,Credit Card
ORD4156,2025-04-05 17:19:53.278655,Bluetooth Speaker,Accessories,East,Kolkata,5,3174.7,15.0,13492.48,10500.32,2992.16,Premium,Net Banking
ORD4157,2025-04-05 20:50:10.202040,Keyboard,Accessories,North,Chandigarh,6,1535.47,20.0,7370.26,4973.66,2396.6,Regular,Net Banking
ORD4158,2025-04-06 00:20:27.125425,USB Drive,Accessories,East,Kolkata,9,960.23,15.0,7345.76,5230.39,2115.37,Premium,UPI
ORD4159,2025-04-06 03:50:44.048809,Smartphone,Electronics,North,Lucknow,5,25016.01,0.0,125080.05,85581.35,39498.7,Regular,UPI
ORD4160,2025-04-06 07:21:00.972194,Headphones,Accessories,East,Patna,6,3290.99,0.0,19745.94,12302.02,7443.92,Regular,Credit Card
ORD4161,2025-04-06 10:51:17.895579,Router,Electronics,South,Bengaluru,4,2731.26,20.0,8740.03,6858.03,1882.0,Regular,Debit Card
ORD4162,2025-04-06 14:21:34.818963,Smartphone,Electronics,East,Patna,3,23858.92,20.0,57261.41,40961.65,16299.76,Regular,UPI
ORD4163,2025-04-06 17:51:51.742348,Power Bank,Accessories,West,Mumbai,6,1759.31,20.0,8444.69,6782.17,1662.52,Regular,Credit Card
ORD4164,2025-04-06 21:22:08.665733,USB Drive,Accessories,Central,Bhopal,5,945.49,0.0,4727.45,3657.5,1069.95,New,Net Banking
ORD4165,2025-04-07 00:52:25.589117,Keyboard,Accessories,West,Pune,4,1582.98,10.0,5698.73,3501.61,2197.12,Regular,Cash
ORD4166,2025-04-07 04:22:42.512502,Smartphone,Electronics,East,Bhubaneswar,5,27053.5,0.0,135267.5,98071.5,37196.0,New,Net Banking
ORD4167,2025-04-07 07:52:59.435887,Smartphone,Electronics,Central,Bhopal,7,25763.17,20.0,144273.75,122302.86,21970.89,Regular,Net Banking
ORD4168,2025-04-07 11:23:16.359271,Bookshelf,Furniture,Central,Bhopal,1,6965.17,10.0,6268.65,4243.67,2024.98,Regular,Cash
ORD4169,2025-04-07 14:53:33.282656,Webcam,Electronics,North,Jaipur,1,3414.36,10.0,3072.92,2222.46,850.46,Premium,Net Banking
ORD4170,2025-04-07 18:23:50.206041,Smartphone,Electronics,East,Kolkata,1,24595.89,5.0,23366.1,17828.52,5537.58,Regular,UPI
ORD4171,2025-04-07 21:54:07.129425,Mouse,Accessories,South,Chennai,2,856.06,15.0,1455.3,946.77,508.53,Regular,Net Banking
ORD4172,2025-04-08 01:24:24.052810,Tablet,Electronics,North,Delhi,9,24112.04,20.0,173606.69,134654.0,38952.69,New,Cash
ORD4173,2025-04-08 04:54:40.976195,Headphones,Accessories,West,Surat,5,2731.15,15.0,11607.39,8879.01,2728.38,Regular,Credit Card
ORD4174,2025-04-08 08:24:57.899579,Backpack,Accessories,Central,Bhopal,9,1828.89,5.0,15637.01,10848.02,4788.99,Premium,Credit Card
ORD4175,2025-04-08 11:55:14.822964,Mouse,Accessories,North,Lucknow,5,803.21,15.0,3413.64,2290.93,1122.71,Regular,Credit Card
ORD4176,2025-04-08 15:25:31.746349,Mouse,Accessories,Central,Nagpur,7,780.18,20.0,4369.01,3625.3,743.71,Regular,Cash
ORD4177,2025-04-08 18:55:48.669733,Laptop,Electronics,Central,Bhopal,6,58867.34,5.0,335543.84,211981.8,123562.04,New,Cash
ORD4178,2025-04-08 22:26:05.593118,Router,Electronics,Central,Bhopal,2,2537.87,15.0,4314.38,3054.61,1259.77,Regular,UPI
ORD4179,2025-04-09 01:56:22.516503,Smartwatch,Accessories,South,Hyderabad,3,5775.74,0.0,17327.22,13718.76,3608.46,Premium,Cash
ORD4180,2025-04-09 05:26:39.439887,Bookshelf,Furniture,Central,Bhopal,5,6921.75,10.0,31147.88,19842.27,11305.61,New,Credit Card
ORD4181,2025-04-09 08:56:56.363272,Bluetooth Speaker,Accessories,South,Hyderabad,4,2914.08,5.0,11073.5,9226.79,1846.71,Regular,Cash
ORD4182,2025-04-09 12:27:13.286657,Bluetooth Speaker,Accessories,West,Pune,6,2958.05,0.0,17748.3,12984.0,4764.3,Regular,Debit Card
ORD4183,2025-04-09 15:57:30.210042,Router,Electronics,North,Lucknow,8,2285.63,20.0,14628.03,10622.93,4005.1,New,Net Banking
ORD4184,2025-04-09 19:27:47.133426,Power Bank,Accessories,North,Chandigarh,8,1660.29,10.0,11954.09,8440.42,3513.67,Regular,UPI
ORD4185,2025-04-09 22:58:04.056811,Power Bank,Accessories,West,Pune,3,1844.53,5.0,5256.91,4294.17,962.74,New,Credit Card
ORD4186,2025-04-10 02:28:20.980196,Monitor,Electronics,East,Bhubaneswar,4,15552.21,10.0,55987.96,46868.1,9119.86,New,Credit Card
ORD4187,2025-04-10 05:58:37.903580,Headphones,Accessories,South,Chennai,1,3081.97,25.0,2311.48,1606.52,704.96,Regular,Debit Card
ORD4188,2025-04-10 09:28:54.826965,Gaming Mouse,Accessories,North,Delhi,2,2315.75,25.0,3473.62,2555.19,918.43,Regular,UPI
ORD4189,2025-04-10 12:59:11.750350,Gaming Mouse,Accessories,West,Pune,9,2395.15,5.0,20478.53,13901.97,6576.56,New,Net Banking
ORD4190,2025-04-10 16:29:28.673734,External Hard Drive,Electronics,North,Lucknow,10,6968.8,0.0,69688.0,45813.17,23874.83,Premium,UPI
ORD4191,2025-04-10 19:59:45.597119,Backpack,Accessories,Central,Nagpur,10,1770.66,15.0,15050.61,9136.98,5913.63,New,UPI
ORD4192,2025-04-10 23:30:02.520504,External Hard Drive,Electronics,North,Delhi,2,6132.81,10.0,11039.06,8792.43,2246.63,Premium,Credit Card
ORD4193,2025-04-11 03:00:19.443888,Backpack,Accessories,North,Chandigarh,6,1732.27,25.0,7795.21,6566.16,1229.05,Regular,Cash
ORD4194,2025-04-11 06:30:36.367273,Gaming Mouse,Accessories,South,Hyderabad,7,2238.61,25.0,11752.7,9312.62,2440.08,Regular,Net Banking
ORD4195,2025-04-11 10:00:53.290658,Webcam,Electronics,East,Bhubaneswar,6,3749.35,10.0,20246.49,14770.88,5475.61,New,UPI
ORD4196,2025-04-11 13:31:10.214042,Monitor,Electronics,South,Hyderabad,8,15605.17,25.0,93631.02,75548.76,18082.26,Regular,Debit Card
ORD4197,2025-04-11 17:01:27.137427,Bookshelf,Furniture,South,Chennai,9,7060.22,0.0,63541.98,51753.02,11788.96,New,Credit Card
ORD4198,2025-04-11 20:31:44.060812,Headphones,Accessories,Central,Bhopal,8,3061.13,25.0,18366.78,13520.35,4846.43,Regular,Cash
ORD4199,2025-04-12 00:02:00.984196,External Hard Drive,Electronics,West,Pune,5,6536.74,25.0,24512.78,20450.75,4062.03,Regular,Cash
ORD4200,2025-04-12 03:32:17.907581,Office Desk,Furniture,North,Chandigarh,8,13131.91,20.0,84044.22,51060.44,32983.78,New,Credit Card
ORD4201,2025-04-12 07:02:34.830966,Backpack,Accessories,East,Bhubaneswar,10,1913.79,0.0,19137.9,11531.04,7606.86,Regular,UPI
ORD4202,2025-04-12 10:32:51.754350,Smartphone,Electronics,Central,Bhopal,10,26406.39,15.0,224454.32,139243.57,85210.75,New,Credit Card
ORD4203,2025-04-12 14:03:08.677735,External Hard Drive,Electronics,South,Bengaluru,9,6522.53,5.0,55767.63,34267.22,21500.41,Regular,Cash
ORD4204,2025-04-12 17:33:25.601120,Smartphone,Electronics,North,Delhi,8,24159.05,25.0,144954.3,102359.88,42594.42,New,Cash
ORD4205,2025-04-12 21:03:42.524504,Office Chair,Furniture,West,Surat,2,8135.13,15.0,13829.72,11548.93,2280.79,Regular,Debit Card
ORD4206,2025-04-13 00:33:59.447889,Smartwatch,Accessories,West,Surat,2,5452.12,15.0,9268.6,7125.75,2142.85,Regular,Debit Card
ORD4207,2025-04-13 04:04:16.371274,Office Desk,Furniture,West,Mumbai,3,10872.57,0.0,32617.71,24948.09,7669.62,Regular,Cash
ORD4208,2025-04-13 07:34:33.294658,Router,Electronics,North,Jaipur,7,2740.24,5.0,18222.6,12686.97,5535.63,New,Debit Card
ORD4209,2025-04-13 11:04:50.218043,Webcam,Electronics,North,Jaipur,9,3230.14,20.0,23257.01,17057.66,6199.35,New,Debit Card
ORD4210,2025-04-13 14:35:07.141428,Router,Electronics,West,Ahmedabad,8,2321.06,15.0,15783.21,10670.14,5113.07,New,Debit Card
ORD4211,2025-04-13 18:05:24.064812,External Hard Drive,Electronics,South,Chennai,9,6479.39,20.0,46651.61,34030.46,12621.15,New,Cash
ORD4212,2025-04-13 21:35:40.988197,Keyboard,Accessories,East,Patna,6,1494.42,5.0,8518.19,6700.96,1817.23,New,UPI
ORD4213,2025-04-14 01:05:57.911582,Router,Electronics,East,Bhubaneswar,1,2709.99,5.0,2574.49,1904.28,670.21,Regular,UPI
ORD4214,2025-04-14 04:36:14.834966,External Hard Drive,Electronics,South,Bengaluru,4,5945.59,0.0,23782.36,16759.86,7022.5,Regular,Net Banking
ORD4215,2025-04-14 08:06:31.758351,Headphones,Accessories,Central,Indore,6,3274.34,10.0,17681.44,14343.72,3337.72,Regular,Debit Card
ORD4216,2025-04-14 11:36:48.681736,Smartwatch,Accessories,Central,Indore,6,5659.67,25.0,25468.52,17111.3,8357.22,Regular,UPI
ORD4217,2025-04-14 15:07:05.605121,Keyboard,Accessories,West,Pune,8,1641.05,0.0,13128.4,9457.33,3671.07,Regular,Net Banking
ORD4218,2025-04-14 18:37:22.528505,Printer,Electronics,North,Delhi,1,12099.18,20.0,9679.34,8174.56,1504.78,Premium,Credit Card
ORD4219,2025-04-14 22:07:39.451890,Office Desk,Furniture,North,Lucknow,2,12364.83,0.0,24729.66,20818.18,3911.48,Regular,Debit Card
ORD4220,2025-04-15 01:37:56.375275,Office Chair,Furniture,East,Patna,2,8668.31,5.0,16469.79,9907.75,6562.04,Regular,UPI
ORD4221,2025-04-15 05:08:13.298659,Laptop,Electronics,North,Chandigarh,6,56230.06,15.0,286773.31,210221.57,76551.74,Premium,UPI
ORD4222,2025-04-15 08:38:30.222044,Office Chair,Furniture,Central,Indore,7,9379.49,25.0,49242.32,33693.06,15549.26,Premium,UPI
ORD4223,2025-04-15 12:08:47.145429,Bluetooth Speaker,Accessories,North,Lucknow,2,2706.22,25.0,4059.33,2731.14,1328.19,Regular,Net Banking
ORD4224,2025-04-15 15:39:04.068813,Smartwatch,Accessories,East,Kolkata,5,5441.07,10.0,24484.82,18340.67,6144.15,Regular,Credit Card
ORD4225,2025-04-15 19:09:20.992198,Smartphone,Electronics,South,Bengaluru,6,27432.39,5.0,156364.62,111265.32,45099.3,Regular,Debit Card
ORD4226,2025-04-15 22:39:37.915583,Office Desk,Furniture,West,Ahmedabad,4,11898.14,25.0,35694.42,27956.25,7738.17,Regular,UPI
ORD4227,2025-04-16 02:09:54.838967,Monitor,Electronics,North,Chandigarh,1,16307.45,25.0,12230.59,7421.32,4809.27,Premium,Cash
ORD4228,2025-04-16 05:40:11.762352,Monitor,Electronics,East,Patna,3,15689.69,15.0,40008.71,33276.15,6732.56,Regular,Debit Card
ORD4229,2025-04-16 09:10:28.685737,External Hard Drive,Electronics,South,Chennai,10,6334.86,20.0,50678.88,37598.58,13080.3,Regular,Cash
ORD4230,2025-04-16 12:40:45.609121,Webcam,Electronics,Central,Nagpur,9,3255.59,20.0,23440.25,18072.82,5367.43,Regular,Net Banking
ORD4231,2025-04-16 16:11:02.532506,Bluetooth Speaker,Accessories,North,Delhi,6,3286.89,20.0,15777.07,11850.89,3926.18,New,UPI
ORD4232,2025-04-16 19:41:19.455891,Bookshelf,Furniture,Central,Nagpur,2,7118.29,0.0,14236.58,12062.41,2174.17,Regular,Debit Card
ORD4233,2025-04-16 23:11:36.379275,Bluetooth Speaker,Accessories,Central,Nagpur,9,2815.41,20.0,20270.95,17160.87,3110.08,Regular,Debit Card
ORD4234,2025-04-17 02:41:53.302660,Router,Electronics,South,Hyderabad,4,2590.83,20.0,8290.66,6238.5,2052.16,New,UPI
ORD4235,2025-04-17 06:12:10.226045,Keyboard,Accessories,West,Ahmedabad,8,1377.61,0.0,11020.88,8497.0,2523.88,Premium,Credit Card
ORD4236,2025-04-17 09:42:27.149429,USB Drive,Accessories,North,Lucknow,10,966.25,15.0,8213.12,6197.97,2015.15,Regular,Net Banking
ORD4237,2025-04-17 13:12:44.072814,Office Desk,Furniture,Central,Indore,7,11016.33,5.0,73258.59,49645.17,23613.42,Regular,UPI
ORD4238,2025-04-17 16:43:00.996199,Bluetooth Speaker,Accessories,East,Kolkata,3,2841.72,25.0,6393.87,4144.21,2249.66,Regular,Debit Card
ORD4239,2025-04-17 20:13:17.919583,Printer,Electronics,South,Hyderabad,8,11019.43,10.0,79339.9,55592.74,23747.16,Premium,Credit Card
ORD4240,2025-04-17 23:43:34.842968,Router,Electronics,South,Chennai,4,2301.89,25.0,6905.67,5322.13,1583.54,Premium,Debit Card
ORD4241,2025-04-18 03:13:51.766353,Laptop,Electronics,North,Lucknow,2,55262.18,20.0,88419.49,54289.07,34130.42,Regular,Cash
ORD4242,2025-04-18 06:44:08.689737,Power Bank,Accessories,Central,Nagpur,5,1867.32,20.0,7469.28,5441.94,2027.34,Regular,Debit Card
ORD4243,2025-04-18 10:14:25.613122,Webcam,Electronics,North,Lucknow,1,3701.94,25.0,2776.46,1949.35,827.11,New,Net Banking
ORD4244,2025-04-18 13:44:42.536507,Office Chair,Furniture,West,Ahmedabad,8,9351.1,25.0,56106.6,41062.81,15043.79,Regular,UPI
ORD4245,2025-04-18 17:14:59.459891,Bookshelf,Furniture,East,Patna,8,6808.89,20.0,43576.9,35517.64,8059.26,Premium,Debit Card
ORD4246,2025-04-18 20:45:16.383276,Printer,Electronics,Central,Bhopal,3,12137.49,0.0,36412.47,22280.88,14131.59,Regular,Cash
ORD4247,2025-04-19 00:15:33.306661,Laptop,Electronics,South,Chennai,1,59704.3,0.0,59704.3,47220.49,12483.81,New,Cash
ORD4248,2025-04-19 03:45:50.230046,Office Desk,Furniture,East,Patna,4,11730.18,0.0,46920.72,35975.41,10945.31,New,UPI
ORD4249,2025-04-19 07:16:07.153430,Office Chair,Furniture,East,Patna,9,8554.33,10.0,69290.07,45105.2,24184.87,Premium,Cash
ORD4250,2025-04-19 10:46:24.076815,Router,Electronics,West,Pune,9,2509.66,5.0,21457.59,16813.01,4644.58,Regular,UPI
ORD4251,2025-04-19 14:16:41.000200,Monitor,Electronics,North,Lucknow,1,14392.01,20.0,11513.61,8336.92,3176.69,Regular,Net Banking
ORD4252,2025-04-19 17:46:57.923584,Webcam,Electronics,North,Jaipur,7,3333.27,15.0,19832.96,14284.81,5548.15,Regular,UPI
ORD4253,2025-04-19 21:17:14.846969,Smartwatch,Accessories,South,Bengaluru,6,6334.56,25.0,28505.52,20545.86,7959.66,New,Credit Card
ORD4254,2025-04-20 00:47:31.770354,Gaming Mouse,Accessories,West,Ahmedabad,7,2371.97,25.0,12452.84,10426.87,2025.97,Regular,Cash
ORD4255,2025-04-20 04:17:48.693738,Bluetooth Speaker,Accessories,North,Chandigarh,7,3001.39,20.0,16807.78,14052.84,2754.94,Regular,Cash
ORD4256,2025-04-20 07:48:05.617123,Bluetooth Speaker,Accessories,West,Pune,8,3167.87,20.0,20274.37,16795.33,3479.04,Regular,Debit Card
ORD4257,2025-04-20 11:18:22.540508,Office Desk,Furniture,South,Bengaluru,8,11249.01,20.0,71993.66,59156.15,12837.51,Regular,Credit Card
ORD4258,2025-04-20 14:48:39.463892,Printer,Electronics,Central,Bhopal,10,12114.34,25.0,90857.55,55368.32,35489.23,Regular,Debit Card
ORD4259,2025-04-20 18:18:56.387277,Power Bank,Accessories,Central,Bhopal,2,1849.03,20.0,2958.45,2071.36,887.09,New,UPI
ORD4260,2025-04-20 21:49:13.310662,Router,Electronics,East,Kolkata,4,2495.33,25.0,7485.99,6166.35,1319.64,Premium,Net Banking
ORD4261,2025-04-21 01:19:30.234046,Printer,Electronics,South,Chennai,4,11080.51,5.0,42105.94,33212.39,8893.55,Premium,Cash
ORD4262,2025-04-21 04:49:47.157431,USB Drive,Accessories,South,Chennai,10,942.14,15.0,8008.19,5719.17,2289.02,Regular,Net Banking
ORD4263,2025-04-21 08:20:04.080816,Mouse,Accessories,North,Jaipur,8,854.25,0.0,6834.0,5421.5,1412.5,Premium,UPI
ORD4264,2025-04-21 11:50:21.004200,Smartwatch,Accessories,South,Bengaluru,3,6162.27,15.0,15713.79,10246.12,5467.67,Regular,UPI
ORD4265,2025-04-21 15:20:37.927585,Tablet,Electronics,West,Ahmedabad,3,20544.31,20.0,49306.34,36977.28,12329.06,New,Credit Card
ORD4266,2025-04-21 18:50:54.850970,Webcam,Electronics,East,Bhubaneswar,2,3202.19,15.0,5443.72,3991.61,1452.11,Regular,Debit Card
ORD4267,2025-04-21 22:21:11.774354,USB Drive,Accessories,Central,Unknown,1,864.29,20.0,691.43,514.0,177.43,Regular,Cash
ORD4268,2025-04-22 01:51:28.697739,External Hard Drive,Electronics,South,Hyderabad,8,5898.09,15.0,40107.01,31301.47,8805.54,Regular,Cash
ORD4269,2025-04-22 05:21:45.621124,Backpack,Accessories,West,Mumbai,9,1922.12,10.0,15569.17,13038.41,2530.76,New,Net Banking
ORD4270,2025-04-22 08:52:02.544508,Tablet,Electronics,East,Patna,9,22893.47,15.0,175135.05,116640.46,58494.59,Regular,Credit Card
ORD4271,2025-04-22 12:22:19.467893,Office Desk,Furniture,East,Patna,8,12152.85,0.0,97222.8,76758.63,20464.17,Regular,UPI
ORD4272,2025-04-22 15:52:36.391278,Smartwatch,Accessories,South,Hyderabad,5,6467.56,0.0,32337.8,24618.29,7719.51,New,Credit Card
ORD4273,2025-04-22 19:22:53.314662,Mouse,Accessories,East,Patna,1,737.61,15.0,626.97,485.14,141.83,New,Cash
ORD4274,2025-04-22 22:53:10.238047,Smartwatch,Accessories,East,Patna,9,6257.35,25.0,42237.11,29871.35,12365.76,Regular,Debit Card
ORD4275,2025-04-23 02:23:27.161432,Bookshelf,Furniture,West,Surat,6,6505.29,25.0,29273.8,24477.13,4796.67,Regular,Net Banking
ORD4276,2025-04-23 05:53:44.084816,External Hard Drive,Electronics,Central,Indore,7,5929.2,25.0,31128.3,22409.7,8718.6,Regular,UPI
ORD4277,2025-04-23 09:24:01.008201,Printer,Electronics,South,Chennai,8,11118.97,15.0,75609.0,47663.76,27945.24,New,UPI
ORD4278,2025-04-23 12:54:17.931586,Bookshelf,Furniture,North,Delhi,5,7631.32,25.0,28617.45,22040.39,6577.06,Regular,UPI
ORD4279,2025-04-23 16:24:34.854970,Monitor,Electronics,East,Kolkata,6,14821.3,5.0,84481.41,53410.61,31070.8,Regular,Debit Card
ORD4280,2025-04-23 19:54:51.778355,Smartphone,Electronics,East,Bhubaneswar,7,22744.98,15.0,135332.63,92116.69,43215.94,Regular,Cash
ORD4281,2025-04-23 23:25:08.701740,USB Drive,Accessories,North,Chandigarh,7,915.05,0.0,6405.35,4208.32,2197.03,New,Cash
ORD4282,2025-04-24 02:55:25.625125,Smartwatch,Accessories,West,Mumbai,2,5639.66,25.0,8459.49,6215.47,2244.02,Premium,Credit Card
ORD4283,2025-04-24 06:25:42.548509,Smartwatch,Accessories,Central,Nagpur,1,5408.2,10.0,4867.38,3343.29,1524.09,New,Credit Card
ORD4284,2025-04-24 09:55:59.471894,Keyboard,Accessories,Central,Indore,8,1577.52,25.0,9465.12,6057.33,3407.79,New,Cash
ORD4285,2025-04-24 13:26:16.395279,Office Chair,Furniture,North,Delhi,5,8378.75,0.0,41893.75,33418.79,8474.96,Regular,UPI
ORD4286,2025-04-24 16:56:33.318663,Laptop,Electronics,Central,Bhopal,10,59867.35,5.0,568739.82,407856.35,160883.47,Regular,Debit Card
ORD4287,2025-04-24 20:26:50.242048,Monitor,Electronics,West,Ahmedabad,2,15278.4,15.0,25973.28,18534.85,7438.43,Premium,Cash
ORD4288,2025-04-24 23:57:07.165433,Bookshelf,Furniture,East,Patna,3,6421.79,25.0,14449.03,11871.19,2577.84,New,Debit Card
ORD4289,2025-04-25 03:27:24.088817,Bookshelf,Furniture,East,Patna,6,6604.95,10.0,35666.73,26204.56,9462.17,Regular,Net Banking
ORD4290,2025-04-25 06:57:41.012202,Bookshelf,Furniture,Central,Indore,10,7155.18,0.0,71551.8,55629.67,15922.13,Regular,UPI
ORD4291,2025-04-25 10:27:57.935587,Smartphone,Electronics,East,Patna,6,24190.56,10.0,130629.02,89091.13,41537.89,Regular,Net Banking
ORD4292,2025-04-25 13:58:14.858971,Smartwatch,Accessories,South,Chennai,8,6038.57,20.0,38646.85,28611.13,10035.72,New,Cash
ORD4293,2025-04-25 17:28:31.782356,Headphones,Accessories,East,Kolkata,5,3179.71,0.0,15898.55,12426.37,3472.18,New,Credit Card
ORD4294,2025-04-25 20:58:48.705741,Mouse,Accessories,West,Pune,5,846.82,20.0,3387.28,2283.43,1103.85,New,Cash
ORD4295,2025-04-26 00:29:05.629125,Monitor,Electronics,North,Chandigarh,7,15593.96,10.0,98241.95,75855.9,22386.05,Regular,Net Banking
ORD4296,2025-04-26 03:59:22.552510,External Hard Drive,Electronics,Central,Bhopal,10,7001.87,15.0,59515.9,44172.15,15343.75,Regular,Debit Card
ORD4297,2025-04-26 07:29:39.475895,Tablet,Electronics,West,Mumbai,5,20677.19,15.0,87878.06,62265.85,25612.21,Regular,Cash
ORD4298,2025-04-26 10:59:56.399279,Keyboard,Accessories,West,Surat,9,1403.17,15.0,10734.25,8353.85,2380.4,Regular,Credit Card
ORD4299,2025-04-26 14:30:13.322664,Office Desk,Furniture,North,Jaipur,6,12718.44,20.0,61048.51,41465.74,19582.77,Regular,Net Banking
ORD4300,2025-04-26 18:00:30.246049,Office Desk,Furniture,West,Pune,7,11570.13,15.0,68842.27,53602.36,15239.91,Premium,Cash
ORD4301,2025-04-26 21:30:47.169433,Headphones,Accessories,North,Jaipur,8,3007.31,5.0,22855.56,16862.34,5993.22,Regular,Net Banking
ORD4302,2025-04-27 01:01:04.092818,Laptop,Electronics,North,Chandigarh,5,57683.47,0.0,288417.35,190759.51,97657.84,New,Net Banking
ORD4303,2025-04-27 04:31:21.016203,Monitor,Electronics,East,Patna,4,14687.8,0.0,58751.2,45066.22,13684.98,Regular,UPI
ORD4304,2025-04-27 08:01:37.939587,Office Chair,Furniture,East,Bhubaneswar,8,8334.29,10.0,60006.89,49277.12,10729.77,Regular,Debit Card
ORD4305,2025-04-27 11:31:54.862972,Tablet,Electronics,West,Ahmedabad,10,22789.61,25.0,170922.08,115800.31,55121.77,Regular,UPI
ORD4306,2025-04-27 15:02:11.786357,Bookshelf,Furniture,North,Jaipur,9,7444.02,20.0,53596.94,43042.79,10554.15,New,Net Banking
ORD4307,2025-04-27 18:32:28.709741,Router,Electronics,East,Patna,1,2256.4,0.0,2256.4,1543.45,712.95,New,Credit Card
ORD4308,2025-04-27 22:02:45.633126,Power Bank,Accessories,North,Delhi,3,1822.52,20.0,4374.05,3522.34,851.71,Regular,Credit Card
ORD4309,2025-04-28 01:33:02.556511,Office Desk,Furniture,Central,Indore,4,11926.57,10.0,42935.65,26310.44,16625.21,New,UPI
ORD4310,2025-04-28 05:03:19.479895,Webcam,Electronics,West,Pune,7,3331.72,15.0,19823.73,11930.0,7893.73,Regular,Credit Card
ORD4311,2025-04-28 08:33:36.403280,Power Bank,Accessories,West,Ahmedabad,6,1677.97,25.0,7550.86,4744.32,2806.54,New,Net Banking
ORD4312,2025-04-28 12:03:53.326665,Backpack,Accessories,South,Bengaluru,10,1687.69,10.0,15189.21,12432.15,2757.06,New,Cash
ORD4313,2025-04-28 15:34:10.250050,Bookshelf,Furniture,North,Delhi,10,7314.96,5.0,69492.12,50967.64,18524.48,New,Net Banking
ORD4314,2025-04-28 19:04:27.173434,Printer,Electronics,Central,Indore,1,12086.87,15.0,10273.84,7690.23,2583.61,New,Cash
ORD4315,2025-04-28 22:34:44.096819,Keyboard,Accessories,South,Bengaluru,4,1644.35,15.0,5590.79,4531.62,1059.17,New,Credit Card
ORD4316,2025-04-29 02:05:01.020204,Smartphone,Electronics,East,Bhubaneswar,6,23716.15,15.0,120952.37,74102.85,46849.52,Regular,Debit Card
ORD4317,2025-04-29 05:35:17.943588,Router,Electronics,West,Ahmedabad,3,2728.45,10.0,7366.82,5133.03,2233.79,Regular,Debit Card
ORD4318,2025-04-29 09:05:34.866973,Monitor,Electronics,North,Chandigarh,2,15045.33,5.0,28586.13,21747.54,6838.59,Regular,Net Banking
ORD4319,2025-04-29 12:35:51.790358,Backpack,Accessories,Central,Indore,2,1672.57,25.0,2508.86,1759.14,749.72,New,Net Banking
ORD4320,2025-04-29 16:06:08.713742,Power Bank,Accessories,East,Bhubaneswar,10,1673.34,20.0,13386.72,8139.56,5247.16,Premium,Credit Card
ORD4321,2025-04-29 19:36:25.637127,Tablet,Electronics,South,Bengaluru,4,22477.7,10.0,80919.72,61720.38,19199.34,Premium,Debit Card
ORD4322,2025-04-29 23:06:42.560512,Tablet,Electronics,North,Delhi,1,23458.26,0.0,23458.26,16370.35,7087.91,New,Debit Card
ORD4323,2025-04-30 02:36:59.483896,Webcam,Electronics,North,Chandigarh,10,3673.4,0.0,36734.0,22216.81,14517.19,Premium,Net Banking
ORD4324,2025-04-30 06:07:16.407281,Keyboard,Accessories,Central,Indore,2,1546.69,10.0,2784.04,1789.11,994.93,New,Debit Card
ORD4325,2025-04-30 09:37:33.330666,Router,Electronics,West,Mumbai,10,2336.05,20.0,18688.4,12229.61,6458.79,Regular,Net Banking
ORD4326,2025-04-30 13:07:50.254050,Office Desk,Furniture,South,Hyderabad,2,11060.02,0.0,22120.04,16095.73,6024.31,New,UPI
ORD4327,2025-04-30 16:38:07.177435,Gaming Mouse,Accessories,North,Chandigarh,4,1980.11,20.0,6336.35,4097.04,2239.31,Regular,Debit Card
ORD4328,2025-04-30 20:08:24.100820,Office Chair,Furniture,West,Ahmedabad,4,8283.23,15.0,28162.98,19441.8,8721.18,Regular,Cash
ORD4329,2025-04-30 23:38:41.024204,Monitor,Electronics,West,Pune,1,15799.1,10.0,14219.19,11199.98,3019.21,Regular,Credit Card
ORD4330,2025-05-01 03:08:57.947589,Keyboard,Accessories,East,Bhubaneswar,7,1618.57,15.0,9630.49,7722.98,1907.51,Regular,Net Banking
ORD4331,2025-05-01 06:39:14.870974,Laptop,Electronics,South,Hyderabad,7,52143.86,0.0,365007.02,291587.04,73419.98,Regular,Debit Card
ORD4332,2025-05-01 10:09:31.794358,Gaming Mouse,Accessories,South,Bengaluru,10,2329.75,20.0,18638.0,14421.54,4216.46,Regular,Debit Card
ORD4333,2025-05-01 13:39:48.717743,USB Drive,Accessories,West,Ahmedabad,10,845.79,15.0,7189.21,5287.33,1901.88,Premium,Net Banking
ORD4334,2025-05-01 17:10:05.641128,Webcam,Electronics,Central,Indore,10,3324.49,0.0,33244.9,24523.35,8721.55,Premium,Cash
ORD4335,2025-05-01 20:40:22.564512,Router,Electronics,North,Jaipur,1,2362.08,5.0,2243.98,1881.23,362.75,Premium,Debit Card
ORD4336,2025-05-02 00:10:39.487897,Headphones,Accessories,West,Surat,8,2731.04,15.0,18571.07,15218.38,3352.69,Premium,UPI
ORD4337,2025-05-02 03:40:56.411282,Office Desk,Furniture,East,Kolkata,10,11265.75,5.0,107024.62,81600.5,25424.12,New,Credit Card
ORD4338,2025-05-02 07:11:13.334666,Power Bank,Accessories,East,Patna,7,1754.48,5.0,11667.29,8366.89,3300.4,Regular,Net Banking
ORD4339,2025-05-02 10:41:30.258051,Webcam,Electronics,South,Chennai,7,3433.83,25.0,18027.61,14102.42,3925.19,New,Debit Card
ORD4340,2025-05-02 14:11:47.181436,Smartwatch,Accessories,Central,Indore,6,5771.36,0.0,34628.16,21319.83,13308.33,Premium,Credit Card
ORD4341,2025-05-02 17:42:04.104820,Smartphone,Electronics,East,Bhubaneswar,4,25073.63,10.0,90265.07,75475.32,14789.75,New,Net Banking
ORD4342,2025-05-02 21:12:21.028205,Printer,Electronics,East,Kolkata,8,11707.2,20.0,74926.08,55212.64,19713.44,Regular,Net Banking
ORD4343,2025-05-03 00:42:37.951590,Keyboard,Accessories,South,Hyderabad,2,1641.11,0.0,3282.22,2381.9,900.32,New,Net Banking
ORD4344,2025-05-03 04:12:54.874974,Mouse,Accessories,North,Lucknow,7,849.18,25.0,4458.2,2999.07,1459.13,New,Cash
ORD4345,2025-05-03 07:43:11.798359,Laptop,Electronics,North,Delhi,3,59740.75,25.0,134416.69,80763.92,53652.77,New,UPI
ORD4346,2025-05-03 11:13:28.721744,Mouse,Accessories,West,Ahmedabad,3,809.19,15.0,2063.43,1269.65,793.78,Regular,Net Banking
ORD4347,2025-05-03 14:43:45.645129,Gaming Mouse,Accessories,North,Jaipur,7,2278.47,20.0,12759.43,8494.62,4264.81,New,Cash
ORD4348,2025-05-03 18:14:02.568513,Office Desk,Furniture,West,Pune,3,11200.02,25.0,25200.04,18531.77,6668.27,Regular,Net Banking
ORD4349,2025-05-03 21:44:19.491898,USB Drive,Accessories,South,Bengaluru,5,945.5,10.0,4254.75,2641.75,1613.0,Regular,Net Banking
ORD4350,2025-05-04 01:14:36.415283,USB Drive,Accessories,East,Kolkata,8,852.47,0.0,6819.76,5749.15,1070.61,Regular,Cash
ORD4351,2025-05-04 04:44:53.338667,Office Chair,Furniture,East,Kolkata,4,8362.5,10.0,30105.0,21155.99,8949.01,New,UPI
ORD4352,2025-05-04 08:15:10.262052,Monitor,Electronics,South,Chennai,7,13625.58,15.0,81072.2,55054.46,26017.74,Premium,Credit Card
ORD4353,2025-05-04 11:45:27.185437,Bookshelf,Furniture,North,Jaipur,7,6961.12,0.0,48727.84,35634.63,13093.21,Regular,Debit Card
ORD4354,2025-05-04 15:15:44.108821,Mouse,Accessories,South,Hyderabad,2,765.89,15.0,1302.01,802.36,499.65,New,Net Banking
ORD4355,2025-05-04 18:46:01.032206,Monitor,Electronics,West,Ahmedabad,8,16460.18,20.0,105345.15,85604.8,19740.35,Regular,UPI
ORD4356,2025-05-04 22:16:17.955591,Webcam,Electronics,West,Mumbai,10,3324.88,20.0,26599.04,19020.16,7578.88,Regular,Debit Card
ORD4357,2025-05-05 01:46:34.878975,Bluetooth Speaker,Accessories,South,Bengaluru,10,3219.93,10.0,28979.37,18679.63,10299.74,Regular,Net Banking
ORD4358,2025-05-05 05:16:51.802360,Smartwatch,Accessories,East,Patna,9,5779.73,10.0,46815.81,29982.42,16833.39,New,Debit Card
ORD4359,2025-05-05 08:47:08.725745,Office Chair,Furniture,North,Jaipur,6,9448.43,20.0,45352.46,31304.02,14048.44,Regular,Cash
ORD4360,2025-05-05 12:17:25.649129,Headphones,Accessories,South,Hyderabad,5,3095.9,5.0,14705.52,10931.21,3774.31,Regular,UPI
ORD4361,2025-05-05 15:47:42.572514,Laptop,Electronics,North,Jaipur,1,55679.62,20.0,44543.7,31368.85,13174.85,New,UPI
ORD4362,2025-05-05 19:17:59.495899,Headphones,Accessories,Central,Bhopal,1,2950.09,0.0,2950.09,2210.21,739.88,Regular,Credit Card
ORD4363,2025-05-05 22:48:16.419283,Bookshelf,Furniture,South,Chennai,9,7239.55,15.0,55382.56,42997.33,12385.23,Regular,Credit Card
ORD4364,2025-05-06 02:18:33.342668,Monitor,Electronics,South,Hyderabad,4,14721.84,20.0,47109.89,37081.24,10028.65,Regular,Debit Card
ORD4365,2025-05-06 05:48:50.266053,Headphones,Accessories,South,Chennai,1,3028.86,20.0,2423.09,1696.74,726.35,Regular,Cash
ORD4366,2025-05-06 09:19:07.189437,Tablet,Electronics,North,Delhi,10,22395.13,25.0,167963.48,130885.68,37077.8,Regular,Debit Card
ORD4367,2025-05-06 12:49:24.112822,Smartwatch,Accessories,West,Ahmedabad,3,5720.83,15.0,14588.12,9268.94,5319.18,Premium,Net Banking
ORD4368,2025-05-06 16:19:41.036207,Smartphone,Electronics,North,Jaipur,6,24198.68,25.0,108894.06,79304.72,29589.34,Regular,UPI
ORD4369,2025-05-06 19:49:57.959591,Smartphone,Electronics,North,Delhi,8,22590.25,15.0,153613.7,94953.03,58660.67,Regular,Debit Card
ORD4370,2025-05-06 23:20:14.882976,Bookshelf,Furniture,West,Ahmedabad,10,7493.02,0.0,74930.2,49530.84,25399.36,Regular,Debit Card
ORD4371,2025-05-07 02:50:31.806361,Webcam,Electronics,South,Chennai,2,3679.19,15.0,6254.62,4664.67,1589.95,Regular,UPI
ORD4372,2025-05-07 06:20:48.729745,Office Desk,Furniture,West,Surat,8,11240.47,10.0,80931.38,63539.64,17391.74,Regular,UPI
ORD4373,2025-05-07 09:51:05.653130,Monitor,Electronics,West,Ahmedabad,1,14586.15,20.0,11668.92,7279.39,4389.53,Regular,Credit Card
ORD4374,2025-05-07 13:21:22.576515,Headphones,Accessories,South,Bengaluru,2,2952.64,15.0,5019.49,3271.54,1747.95,Regular,Credit Card
ORD4375,2025-05-07 16:51:39.499899,Smartwatch,Accessories,West,Ahmedabad,8,5801.25,0.0,46410.0,39354.5,7055.5,Premium,UPI
ORD4376,2025-05-07 20:21:56.423284,Printer,Electronics,North,Jaipur,7,12715.78,15.0,75658.89,51782.03,23876.86,Regular,Debit Card
ORD4377,2025-05-07 23:52:13.346669,Gaming Mouse,Accessories,East,Kolkata,5,2299.19,20.0,9196.76,6171.12,3025.64,New,Net Banking
ORD4378,2025-05-08 03:22:30.270054,External Hard Drive,Electronics,East,Kolkata,10,6847.31,5.0,65049.44,40416.15,24633.29,Regular,Debit Card
ORD4379,2025-05-08 06:52:47.193438,Office Chair,Furniture,South,Chennai,2,9727.43,15.0,16536.63,12794.57,3742.06,Regular,Net Banking
ORD4380,2025-05-08 10:23:04.116823,Webcam,Electronics,West,Pune,9,3566.61,10.0,28889.54,21004.53,7885.01,Regular,UPI
ORD4381,2025-05-08 13:53:21.040208,Smartwatch,Accessories,Central,Indore,5,6137.44,20.0,24549.76,15696.82,8852.94,New,Net Banking
ORD4382,2025-05-08 17:23:37.963592,Router,Electronics,Central,Nagpur,8,2610.97,0.0,20887.76,15837.61,5050.15,Regular,Credit Card
ORD4383,2025-05-08 20:53:54.886977,Office Desk,Furniture,West,Pune,4,12434.96,20.0,39791.87,29105.37,10686.5,Regular,UPI
ORD4384,2025-05-09 00:24:11.810362,Mouse,Accessories,East,Patna,9,859.17,25.0,5799.4,4298.73,1500.67,New,Cash
ORD4385,2025-05-09 03:54:28.733746,Power Bank,Accessories,South,Chennai,10,1897.27,5.0,18024.06,15297.27,2726.79,Regular,Net Banking
ORD4386,2025-05-09 07:24:45.657131,Power Bank,Accessories,South,Bengaluru,7,1663.37,0.0,11643.59,7069.44,4574.15,Regular,Net Banking
ORD4387,2025-05-09 10:55:02.580516,Bookshelf,Furniture,East,Kolkata,2,7599.7,5.0,14439.43,11966.58,2472.85,Regular,Cash
ORD4388,2025-05-09 14:25:19.503900,Bluetooth Speaker,Accessories,South,Chennai,3,3109.86,5.0,8863.1,7183.3,1679.8,Regular,Cash
ORD4389,2025-05-09 17:55:36.427285,Office Chair,Furniture,Central,Indore,2,8328.86,10.0,14991.95,10551.87,4440.08,Regular,UPI
ORD4390,2025-05-09 21:25:53.350670,Bookshelf,Furniture,South,Bengaluru,5,7380.76,15.0,31368.23,25729.37,5638.86,Regular,Debit Card
ORD4391,2025-05-10 00:56:10.274054,Headphones,Accessories,South,Hyderabad,2,2915.05,10.0,5247.09,3999.02,1248.07,Regular,Cash
ORD4392,2025-05-10 04:26:27.197439,Headphones,Accessories,South,Hyderabad,5,3183.59,10.0,14326.16,11780.95,2545.21,New,Net Banking
ORD4393,2025-05-10 07:56:44.120824,Monitor,Electronics,Central,Nagpur,9,16366.22,25.0,110471.98,82708.46,27763.52,New,Cash
ORD4394,2025-05-10 11:27:01.044208,Webcam,Electronics,West,Ahmedabad,2,3328.67,10.0,5991.61,3918.74,2072.87,Regular,UPI
ORD4395,2025-05-10 14:57:17.967593,Office Chair,Furniture,West,Ahmedabad,9,9643.34,0.0,86790.06,64576.61,22213.45,Regular,UPI
ORD4396,2025-05-10 18:27:34.890978,Office Chair,Furniture,South,Chennai,7,9492.41,15.0,56479.84,36416.26,20063.58,Regular,Net Banking
ORD4397,2025-05-10 21:57:51.814362,Laptop,Electronics,Central,Bhopal,7,56883.03,15.0,338454.03,214988.36,123465.67,Regular,Net Banking
ORD4398,2025-05-11 01:28:08.737747,Router,Electronics,North,Chandigarh,5,2442.46,0.0,12212.3,9324.28,2888.02,New,Net Banking
ORD4399,2025-05-11 04:58:25.661132,Webcam,Electronics,Central,Indore,8,3226.9,10.0,23233.68,19443.55,3790.13,Regular,Debit Card
ORD4400,2025-05-11 08:28:42.584516,Gaming Mouse,Accessories,East,Bhubaneswar,7,2192.91,10.0,13815.33,10321.76,3493.57,New,Net Banking
ORD4401,2025-05-11 11:58:59.507901,Keyboard,Accessories,South,Chennai,6,1381.7,5.0,7875.69,6292.26,1583.43,Premium,UPI
ORD4402,2025-05-11 15:29:16.431286,Webcam,Electronics,East,Patna,2,3500.1,5.0,6650.19,4270.03,2380.16,New,UPI
ORD4403,2025-05-11 18:59:33.354670,Smartwatch,Accessories,West,Surat,6,6384.35,25.0,28729.58,21936.55,6793.03,Regular,Cash
ORD4404,2025-05-11 22:29:50.278055,Backpack,Accessories,North,Jaipur,2,1979.15,20.0,3166.64,2480.25,686.39,New,Net Banking
ORD4405,2025-05-12 02:00:07.201440,External Hard Drive,Electronics,Central,Bhopal,1,6107.41,5.0,5802.04,3541.59,2260.45,Premium,Debit Card
ORD4406,2025-05-12 05:30:24.124824,Router,Electronics,East,Patna,9,2353.93,15.0,18007.56,11241.96,6765.6,Premium,Credit Card
ORD4407,2025-05-12 09:00:41.048209,External Hard Drive,Electronics,South,Bengaluru,5,6904.15,0.0,34520.75,27457.64,7063.11,New,Cash
ORD4408,2025-05-12 12:30:57.971594,Printer,Electronics,North,Lucknow,10,11925.74,10.0,107331.66,76204.14,31127.52,New,Debit Card
ORD4409,2025-05-12 16:01:14.894978,Gaming Mouse,Accessories,East,Bhubaneswar,10,2382.95,20.0,19063.6,13371.12,5692.48,New,Net Banking
ORD4410,2025-05-12 19:31:31.818363,Gaming Mouse,Accessories,East,Patna,4,2318.36,5.0,8809.77,7312.92,1496.85,Regular,Debit Card
ORD4411,2025-05-12 23:01:48.741748,Smartwatch,Accessories,East,Patna,8,6283.71,20.0,40215.74,34102.6,6113.14,Regular,Credit Card
ORD4412,2025-05-13 02:32:05.665133,Office Chair,Furniture,West,Mumbai,5,8283.52,0.0,41417.6,32765.3,8652.3,Regular,Debit Card
ORD4413,2025-05-13 06:02:22.588517,Laptop,Electronics,East,Patna,7,49894.63,0.0,349262.41,278763.25,70499.16,New,Credit Card
ORD4414,2025-05-13 09:32:39.511902,External Hard Drive,Electronics,Central,Nagpur,3,6261.79,20.0,15028.3,9799.66,5228.64,Regular,Credit Card
ORD4415,2025-05-13 13:02:56.435287,Keyboard,Accessories,West,Ahmedabad,8,1415.19,20.0,9057.22,5869.59,3187.63,Regular,Credit Card
ORD4416,2025-05-13 16:33:13.358671,Smartphone,Electronics,Central,Bhopal,8,26061.54,25.0,156369.24,132158.7,24210.54,Regular,Debit Card
ORD4417,2025-05-13 20:03:30.282056,Webcam,Electronics,North,Jaipur,3,3465.51,20.0,8317.22,6435.64,1881.58,Regular,Net Banking
ORD4418,2025-05-13 23:33:47.205441,Backpack,Accessories,South,Bengaluru,9,1808.33,10.0,14647.47,11303.12,3344.35,New,UPI
ORD4419,2025-05-14 03:04:04.128825,Printer,Electronics,South,Chennai,8,12752.98,15.0,86720.26,58236.73,28483.53,Regular,UPI
ORD4420,2025-05-14 06:34:21.052210,Keyboard,Accessories,West,Pune,1,1493.55,5.0,1418.87,1165.77,253.1,Regular,Debit Card
ORD4421,2025-05-14 10:04:37.975595,Keyboard,Accessories,Central,Indore,8,1513.48,5.0,11502.45,7029.26,4473.19,Regular,Net Banking
ORD4422,2025-05-14 13:34:54.898979,External Hard Drive,Electronics,North,Chandigarh,4,6945.02,5.0,26391.08,17646.33,8744.75,New,UPI
ORD4423,2025-05-14 17:05:11.822364,Backpack,Accessories,North,Lucknow,6,1775.28,20.0,8521.34,5496.57,3024.77,Regular,Credit Card
ORD4424,2025-05-14 20:35:28.745749,Power Bank,Accessories,Central,Indore,10,1649.93,20.0,13199.44,10266.18,2933.26,Premium,Debit Card
ORD4425,2025-05-15 00:05:45.669133,Backpack,Accessories,South,Bengaluru,9,1807.81,25.0,12202.72,9503.94,2698.78,Premium,Debit Card
ORD4426,2025-05-15 03:36:02.592518,Bookshelf,Furniture,West,Surat,5,7111.11,20.0,28444.44,20869.2,7575.24,Regular,Cash
ORD4427,2025-05-15 07:06:19.515903,Tablet,Electronics,East,Kolkata,7,22051.91,25.0,115772.53,69615.75,46156.78,Regular,Cash
ORD4428,2025-05-15 10:36:36.439287,Keyboard,Accessories,Central,Unknown,1,1427.41,25.0,1070.56,876.19,194.37,Regular,Cash
ORD4429,2025-05-15 14:06:53.362672,Headphones,Accessories,North,Chandigarh,9,2834.21,10.0,22957.1,19258.64,3698.46,New,Net Banking
ORD4430,2025-05-15 17:37:10.286057,Office Desk,Furniture,North,Chandigarh,6,11687.42,10.0,63112.07,41059.33,22052.74,Regular,Debit Card
ORD4431,2025-05-15 21:07:27.209441,Bookshelf,Furniture,West,Surat,4,6532.72,10.0,23517.79,19062.54,4455.25,New,Cash
ORD4432,2025-05-16 00:37:44.132826,Office Chair,Furniture,Central,Indore,6,9298.84,10.0,50213.74,42346.33,7867.41,New,Debit Card
ORD4433,2025-05-16 04:08:01.056211,Office Desk,Furniture,East,Kolkata,5,12275.22,0.0,61376.1,41842.76,19533.34,Premium,Credit Card
ORD4434,2025-05-16 07:38:17.979595,Laptop,Electronics,South,Bengaluru,3,56456.35,10.0,152432.14,98511.44,53920.7,Premium,Cash
ORD4435,2025-05-16 11:08:34.902980,Router,Electronics,West,Ahmedabad,7,2362.4,10.0,14883.12,12567.08,2316.04,Premium,Debit Card
ORD4436,2025-05-16 14:38:51.826365,USB Drive,Accessories,Central,Nagpur,3,854.38,10.0,2306.83,1418.55,888.28,New,Net Banking
ORD4437,2025-05-16 18:09:08.749749,Office Chair,Furniture,Central,Indore,2,9517.3,25.0,14275.95,9550.47,4725.48,Premium,Net Banking
ORD4438,2025-05-16 21:39:25.673134,Bookshelf,Furniture,Central,Nagpur,4,7266.16,5.0,27611.41,21688.96,5922.45,New,Net Banking
ORD4439,2025-05-17 01:09:42.596519,External Hard Drive,Electronics,North,Delhi,7,6987.73,5.0,46468.4,35052.9,11415.5,Regular,Cash
ORD4440,2025-05-17 04:39:59.519903,Office Chair,Furniture,North,Lucknow,5,8826.31,5.0,41924.97,32329.5,9595.47,Regular,Net Banking
ORD4441,2025-05-17 08:10:16.443288,Office Desk,Furniture,West,Pune,9,12113.59,15.0,92668.96,72005.9,20663.06,Regular,UPI
ORD4442,2025-05-17 11:40:33.366673,Keyboard,Accessories,Central,Indore,10,1571.63,0.0,15716.3,12125.69,3590.61,Premium,Credit Card
ORD4443,2025-05-17 15:10:50.290058,Smartwatch,Accessories,South,Hyderabad,7,6568.99,25.0,34487.2,23643.06,10844.14,Regular,Debit Card
ORD4444,2025-05-17 18:41:07.213442,USB Drive,Accessories,South,Unknown,9,988.13,20.0,7114.54,4822.77,2291.77,Regular,UPI
ORD4445,2025-05-17 22:11:24.136827,Monitor,Electronics,West,Mumbai,9,16497.53,25.0,111358.33,78743.33,32615.0,New,Cash
ORD4446,2025-05-18 01:41:41.060212,Tablet,Electronics,North,Chandigarh,2,23718.32,10.0,42692.98,34236.39,8456.59,Premium,Debit Card
ORD4447,2025-05-18 05:11:57.983596,USB Drive,Accessories,South,Hyderabad,1,925.14,5.0,878.88,733.48,145.4,Regular,Debit Card
ORD4448,2025-05-18 08:42:14.906981,Office Desk,Furniture,East,Bhubaneswar,4,10816.73,25.0,32450.19,23163.32,9286.87,Regular,Net Banking
ORD4449,2025-05-18 12:12:31.830366,Office Chair,Furniture,West,Pune,4,9359.18,0.0,37436.72,23264.73,14171.99,Regular,Debit Card
ORD4450,2025-05-18 15:42:48.753750,Printer,Electronics,West,Mumbai,2,11372.64,10.0,20470.75,17084.37,3386.38,Regular,Debit Card
ORD4451,2025-05-18 19:13:05.677135,External Hard Drive,Electronics,South,Hyderabad,3,5924.32,15.0,15107.02,9367.97,5739.05,Regular,Credit Card
ORD4452,2025-05-18 22:43:22.600520,Bluetooth Speaker,Accessories,West,Pune,3,3118.31,20.0,7483.94,4788.06,2695.88,New,Cash
ORD4453,2025-05-19 02:13:39.523904,Keyboard,Accessories,West,Surat,5,1576.8,10.0,7095.6,5796.53,1299.07,Regular,UPI
ORD4454,2025-05-19 05:43:56.447289,External Hard Drive,Electronics,East,Patna,1,6707.26,20.0,5365.81,3959.27,1406.54,Premium,Net Banking
ORD4455,2025-05-19 09:14:13.370674,Keyboard,Accessories,West,Ahmedabad,9,1459.55,25.0,9851.96,6779.84,3072.12,Regular,Credit Card
ORD4456,2025-05-19 12:44:30.294058,Monitor,Electronics,South,Hyderabad,8,15033.01,10.0,108237.67,90132.48,18105.19,New,UPI
ORD4457,2025-05-19 16:14:47.217443,Office Desk,Furniture,North,Jaipur,8,13043.87,15.0,88698.32,74517.82,14180.5,New,UPI
ORD4458,2025-05-19 19:45:04.140828,Bluetooth Speaker,Accessories,North,Jaipur,3,3137.77,25.0,7059.98,4819.78,2240.2,Regular,Credit Card
ORD4459,2025-05-19 23:15:21.064212,Smartphone,Electronics,South,Hyderabad,2,25023.42,0.0,50046.84,40893.58,9153.26,Regular,Net Banking
ORD4460,2025-05-20 02:45:37.987597,Router,Electronics,East,Patna,1,2546.72,20.0,2037.38,1568.03,469.35,Regular,Cash
ORD4461,2025-05-20 06:15:54.910982,Office Chair,Furniture,Central,Indore,6,9769.83,20.0,46895.18,31355.19,15539.99,Regular,Credit Card
ORD4462,2025-05-20 09:46:11.834366,Office Chair,Furniture,West,Pune,10,8808.81,0.0,88088.1,73585.11,14502.99,Premium,Credit Card
ORD4463,2025-05-20 13:16:28.757751,USB Drive,Accessories,West,Pune,1,828.33,20.0,662.66,408.04,254.62,Regular,Credit Card
ORD4464,2025-05-20 16:46:45.681136,Smartphone,Electronics,South,Chennai,5,24129.13,25.0,90484.24,61482.74,29001.5,New,Net Banking
ORD4465,2025-05-20 20:17:02.604520,Smartphone,Electronics,East,Bhubaneswar,9,24576.0,5.0,210124.8,146890.98,63233.82,Premium,Credit Card
ORD4466,2025-05-20 23:47:19.527905,Headphones,Accessories,South,Hyderabad,9,2863.78,0.0,25774.02,19914.64,5859.38,Regular,Credit Card
ORD4467,2025-05-21 03:17:36.451290,Bookshelf,Furniture,North,Lucknow,4,7040.56,15.0,23937.9,14592.74,9345.16,Regular,Debit Card
ORD4468,2025-05-21 06:47:53.374674,Power Bank,Accessories,North,Jaipur,7,1729.75,10.0,10897.42,8962.52,1934.9,Regular,Debit Card
ORD4469,2025-05-21 10:18:10.298059,Headphones,Accessories,West,Pune,7,2761.91,10.0,17400.03,13307.12,4092.91,Regular,Debit Card
ORD4470,2025-05-21 13:48:27.221444,Monitor,Electronics,Central,Nagpur,4,14064.21,0.0,56256.84,37622.08,18634.76,Regular,Debit Card
ORD4471,2025-05-21 17:18:44.144828,Webcam,Electronics,North,Chandigarh,5,3792.71,5.0,18015.37,13774.29,4241.08,Regular,Credit Card
ORD4472,2025-05-21 20:49:01.068213,Laptop,Electronics,North,Delhi,9,56425.55,25.0,380872.46,279648.36,101224.1,Regular,Debit Card
ORD4473,2025-05-22 00:19:17.991598,Office Chair,Furniture,West,Pune,7,8665.76,15.0,51561.27,35271.46,16289.81,Regular,UPI
ORD4474,2025-05-22 03:49:34.914982,Mouse,Accessories,South,Hyderabad,7,778.71,10.0,4905.87,2978.59,1927.28,New,Cash
ORD4475,2025-05-22 07:19:51.838367,Router,Electronics,Central,Indore,10,2496.69,0.0,24966.9,16577.96,8388.94,New,Debit Card
ORD4476,2025-05-22 10:50:08.761752,Gaming Mouse,Accessories,West,Ahmedabad,7,2276.18,25.0,11949.94,7415.48,4534.46,Regular,Net Banking
ORD4477,2025-05-22 14:20:25.685137,External Hard Drive,Electronics,Central,Indore,9,6606.83,5.0,56488.4,45334.43,11153.97,Premium,Cash
ORD4478,2025-05-22 17:50:42.608521,Office Desk,Furniture,East,Bhubaneswar,5,13038.48,20.0,52153.92,32446.59,19707.33,New,UPI
ORD4479,2025-05-22 21:20:59.531906,Smartwatch,Accessories,West,Mumbai,6,6150.9,0.0,36905.4,26098.94,10806.46,New,Cash
ORD4480,2025-05-23 00:51:16.455291,Printer,Electronics,East,Patna,3,12985.9,5.0,37009.81,26226.56,10783.25,Regular,Cash
ORD4481,2025-05-23 04:21:33.378675,Power Bank,Accessories,West,Pune,1,1621.95,5.0,1540.85,1138.77,402.08,Regular,UPI
ORD4482,2025-05-23 07:51:50.302060,Monitor,Electronics,East,Patna,2,16171.68,5.0,30726.19,18739.2,11986.99,Regular,Debit Card
ORD4483,2025-05-23 11:22:07.225445,Printer,Electronics,North,Lucknow,8,12531.5,5.0,95239.4,61996.86,33242.54,New,UPI
ORD4484,2025-05-23 14:52:24.148829,Power Bank,Accessories,East,Kolkata,1,1681.99,20.0,1345.59,874.47,471.12,New,Net Banking
ORD4485,2025-05-23 18:22:41.072214,Office Chair,Furniture,East,Kolkata,10,8573.47,25.0,64301.02,48209.22,16091.8,Regular,UPI
ORD4486,2025-05-23 21:52:57.995599,Power Bank,Accessories,Central,Nagpur,7,1815.41,15.0,10801.69,7192.94,3608.75,Regular,Credit Card
ORD4487,2025-05-24 01:23:14.918983,Headphones,Accessories,West,Surat,5,2774.96,5.0,13181.06,8383.8,4797.26,Premium,Credit Card
ORD4488,2025-05-24 04:53:31.842368,Smartphone,Electronics,West,Ahmedabad,6,26426.84,5.0,150632.99,91070.94,59562.05,Regular,Cash
ORD4489,2025-05-24 08:23:48.765753,Headphones,Accessories,North,Jaipur,8,3174.7,0.0,25397.6,20575.52,4822.08,Regular,Debit Card
ORD4490,2025-05-24 11:54:05.689137,USB Drive,Accessories,West,Ahmedabad,4,864.17,10.0,3111.01,2622.23,488.78,Premium,Debit Card
ORD4491,2025-05-24 15:24:22.612522,Printer,Electronics,East,Patna,6,10967.56,20.0,52644.29,40842.26,11802.03,New,Credit Card
ORD4492,2025-05-24 18:54:39.535907,Tablet,Electronics,Central,Indore,3,24150.93,5.0,68830.15,48399.85,20430.3,Regular,Net Banking
ORD4493,2025-05-24 22:24:56.459291,Office Desk,Furniture,Central,Nagpur,7,11401.75,15.0,67840.41,42773.56,25066.85,New,UPI
ORD4494,2025-05-25 01:55:13.382676,Bookshelf,Furniture,North,Lucknow,2,6394.58,15.0,10870.79,7813.67,3057.12,Regular,UPI
ORD4495,2025-05-25 05:25:30.306061,Bookshelf,Furniture,Central,Indore,8,6761.95,15.0,45981.26,32845.81,13135.45,New,UPI
ORD4496,2025-05-25 08:55:47.229445,Power Bank,Accessories,North,Jaipur,7,1968.84,0.0,13781.88,9715.8,4066.08,New,Net Banking
ORD4497,2025-05-25 12:26:04.152830,Monitor,Electronics,South,Bengaluru,8,15878.78,15.0,107975.7,74997.32,32978.38,Premium,Net Banking
ORD4498,2025-05-25 15:56:21.076215,Smartwatch,Accessories,East,Kolkata,2,5976.4,25.0,8964.6,6492.06,2472.54,Regular,UPI
ORD4499,2025-05-25 19:26:37.999599,Smartphone,Electronics,North,Chandigarh,3,24026.65,0.0,72079.95,44566.69,27513.26,Premium,UPI
ORD4500,2025-05-25 22:56:54.922984,Bluetooth Speaker,Accessories,West,Surat,4,2953.98,20.0,9452.74,5762.14,3690.6,Regular,Net Banking
ORD4501,2025-05-26 02:27:11.846369,Laptop,Electronics,North,Lucknow,9,49691.02,15.0,380136.3,234160.19,145976.11,Regular,UPI
ORD4502,2025-05-26 05:57:28.769753,Mouse,Accessories,North,Lucknow,5,834.94,10.0,3757.23,2442.2,1315.03,New,Net Banking
ORD4503,2025-05-26 09:27:45.693138,Router,Electronics,West,Pune,6,2299.82,5.0,13108.97,8776.69,4332.28,Regular,Cash
ORD4504,2025-05-26 12:58:02.616523,Tablet,Electronics,West,Surat,1,22083.77,20.0,17667.02,11348.66,6318.36,Regular,Credit Card
ORD4505,2025-05-26 16:28:19.539907,Gaming Mouse,Accessories,Central,Nagpur,4,2228.97,25.0,6686.91,4433.28,2253.63,New,Credit Card
ORD4506,2025-05-26 19:58:36.463292,Gaming Mouse,Accessories,West,Surat,4,1980.74,10.0,7130.66,4609.68,2520.98,Regular,Net Banking
ORD4507,2025-05-26 23:28:53.386677,Tablet,Electronics,West,Pune,10,24111.47,20.0,192891.76,123004.34,69887.42,New,UPI
ORD4508,2025-05-27 02:59:10.310062,Tablet,Electronics,South,Hyderabad,8,21129.41,25.0,126776.46,85351.7,41424.76,Regular,Credit Card
ORD4509,2025-05-27 06:29:27.233446,Router,Electronics,North,Jaipur,8,2288.61,15.0,15562.55,10884.11,4678.44,Regular,Debit Card
ORD4510,2025-05-27 09:59:44.156831,Mouse,Accessories,North,Jaipur,10,856.7,20.0,6853.6,5387.39,1466.21,Premium,UPI
ORD4511,2025-05-27 13:30:01.080216,Backpack,Accessories,East,Patna,6,1674.7,20.0,8038.56,6743.45,1295.11,New,Net Banking
ORD4512,2025-05-27 17:00:18.003600,Router,Electronics,West,Mumbai,8,2262.48,20.0,14479.87,12014.55,2465.32,Regular,Debit Card
ORD4513,2025-05-27 20:30:34.926985,External Hard Drive,Electronics,East,Kolkata,9,6493.1,0.0,58437.9,42015.88,16422.02,Regular,Net Banking
ORD4514,2025-05-28 00:00:51.850370,Bookshelf,Furniture,West,Ahmedabad,5,6481.88,10.0,29168.46,20865.26,8303.2,New,UPI
ORD4515,2025-05-28 03:31:08.773754,Gaming Mouse,Accessories,East,Patna,1,2412.27,25.0,1809.2,1142.37,666.83,Regular,Cash
ORD4516,2025-05-28 07:01:25.697139,Gaming Mouse,Accessories,North,Chandigarh,1,1984.58,15.0,1686.89,1421.94,264.95,New,Cash
ORD4517,2025-05-28 10:31:42.620524,External Hard Drive,Electronics,North,Jaipur,2,5916.56,5.0,11241.46,8881.03,2360.43,New,Cash
ORD4518,2025-05-28 14:01:59.543908,Monitor,Electronics,Central,Nagpur,2,15999.85,15.0,27199.74,22083.25,5116.49,New,UPI
ORD4519,2025-05-28 17:32:16.467293,Laptop,Electronics,West,Mumbai,5,52137.27,15.0,221583.4,145921.74,75661.66,Regular,UPI
ORD4520,2025-05-28 21:02:33.390678,External Hard Drive,Electronics,Central,Nagpur,7,7035.08,0.0,49245.56,34485.26,14760.3,New,Debit Card
ORD4521,2025-05-29 00:32:50.314062,Laptop,Electronics,North,Lucknow,7,52922.51,0.0,370457.57,231780.96,138676.61,Regular,UPI
ORD4522,2025-05-29 04:03:07.237447,Bookshelf,Furniture,Central,Bhopal,4,6397.7,20.0,20472.64,17098.82,3373.82,New,UPI
ORD4523,2025-05-29 07:33:24.160832,Gaming Mouse,Accessories,South,Hyderabad,4,1984.66,15.0,6747.84,4530.89,2216.95,New,Debit Card
ORD4524,2025-05-29 11:03:41.084216,Gaming Mouse,Accessories,North,Jaipur,10,2104.33,10.0,18938.97,14185.33,4753.64,New,Debit Card
ORD4525,2025-05-29 14:33:58.007601,Power Bank,Accessories,Central,Bhopal,3,1790.54,0.0,5371.62,3427.39,1944.23,Regular,Net Banking
ORD4526,2025-05-29 18:04:14.930986,Office Chair,Furniture,South,Bengaluru,2,8101.83,25.0,12152.74,9730.69,2422.05,New,Credit Card
ORD4527,2025-05-29 21:34:31.854370,Smartwatch,Accessories,West,Ahmedabad,3,6097.33,0.0,18291.99,11827.35,6464.64,New,Credit Card
ORD4528,2025-05-30 01:04:48.777755,Smartwatch,Accessories,North,Lucknow,8,5800.39,10.0,41762.81,33508.23,8254.58,Regular,Net Banking
ORD4529,2025-05-30 04:35:05.701140,Printer,Electronics,West,Pune,1,11736.37,0.0,11736.37,8220.63,3515.74,Regular,Cash
ORD4530,2025-05-30 08:05:22.624524,Laptop,Electronics,Central,Indore,4,52375.52,10.0,188551.87,140365.41,48186.46,New,UPI
ORD4531,2025-05-30 11:35:39.547909,Router,Electronics,South,Bengaluru,7,2514.52,5.0,16721.56,11160.42,5561.14,Regular,Debit Card
ORD4532,2025-05-30 15:05:56.471294,Smartphone,Electronics,West,Ahmedabad,5,23650.61,10.0,106427.75,87344.63,19083.12,New,Debit Card
ORD4533,2025-05-30 18:36:13.394678,Bookshelf,Furniture,North,Jaipur,2,6488.75,5.0,12328.62,9739.2,2589.42,Regular,Cash
ORD4534,2025-05-30 22:06:30.318063,Smartwatch,Accessories,West,Ahmedabad,1,6468.78,25.0,4851.58,3340.65,1510.93,Regular,Debit Card
ORD4535,2025-05-31 01:36:47.241448,Monitor,Electronics,South,Chennai,6,14671.66,20.0,70423.97,52560.3,17863.67,New,Cash
ORD4536,2025-05-31 05:07:04.164832,Printer,Electronics,South,Bengaluru,5,10984.63,20.0,43938.52,27780.0,16158.52,New,Net Banking
ORD4537,2025-05-31 08:37:21.088217,Office Chair,Furniture,South,Bengaluru,3,8514.58,0.0,25543.74,16351.01,9192.73,Regular,Cash
ORD4538,2025-05-31 12:07:38.011602,Bluetooth Speaker,Accessories,North,Lucknow,9,2885.97,10.0,23376.36,17144.68,6231.68,Regular,Credit Card
ORD4539,2025-05-31 15:37:54.934987,Tablet,Electronics,Central,Bhopal,3,23186.44,0.0,69559.32,52875.5,16683.82,New,Cash
ORD4540,2025-05-31 19:08:11.858371,Office Desk,Furniture,South,Hyderabad,2,10853.41,10.0,19536.14,14444.2,5091.94,New,Net Banking
ORD4541,2025-05-31 22:38:28.781756,Bluetooth Speaker,Accessories,South,Chennai,5,2986.95,0.0,14934.75,11049.5,3885.25,Regular,Cash
ORD4542,2025-06-01 02:08:45.705141,Bluetooth Speaker,Accessories,East,Patna,9,2944.62,20.0,21201.26,16655.13,4546.13,Regular,Net Banking
ORD4543,2025-06-01 05:39:02.628525,Bookshelf,Furniture,South,Hyderabad,8,7655.76,25.0,45934.56,37923.66,8010.9,New,Credit Card
ORD4544,2025-06-01 09:09:19.551910,Mouse,Accessories,West,Pune,6,748.81,20.0,3594.29,2504.86,1089.43,New,UPI
ORD4545,2025-06-01 12:39:36.475295,Webcam,Electronics,Central,Bhopal,3,3589.51,0.0,10768.53,7906.61,2861.92,New,Net Banking
ORD4546,2025-06-01 16:09:53.398679,Mouse,Accessories,East,Patna,6,752.35,10.0,4062.69,3344.63,718.06,New,UPI
ORD4547,2025-06-01 19:40:10.322064,Headphones,Accessories,Central,Indore,5,3029.05,15.0,12873.46,9218.29,3655.17,Regular,Net Banking
ORD4548,2025-06-01 23:10:27.245449,Printer,Electronics,West,Pune,1,12132.15,25.0,9099.11,6472.08,2627.03,New,Cash
ORD4549,2025-06-02 02:40:44.168833,Backpack,Accessories,North,Jaipur,5,1647.12,10.0,7412.04,5867.58,1544.46,Regular,UPI
ORD4550,2025-06-02 06:11:01.092218,Monitor,Electronics,West,Pune,7,14869.35,0.0,104085.45,85279.84,18805.61,Premium,Net Banking
ORD4551,2025-06-02 09:41:18.015603,Power Bank,Accessories,East,Patna,9,1786.02,10.0,14466.76,11347.99,3118.77,Regular,Net Banking
ORD4552,2025-06-02 13:11:34.938987,Gaming Mouse,Accessories,West,Surat,1,2120.42,5.0,2014.4,1259.06,755.34,Regular,UPI
ORD4553,2025-06-02 16:41:51.862372,Webcam,Electronics,Central,Indore,3,3344.01,10.0,9028.83,6466.38,2562.45,Regular,Net Banking
ORD4554,2025-06-02 20:12:08.785757,External Hard Drive,Electronics,East,Kolkata,8,6141.59,20.0,39306.18,25666.64,13639.54,Regular,UPI
ORD4555,2025-06-02 23:42:25.709141,Gaming Mouse,Accessories,Central,Bhopal,6,1982.61,20.0,9516.53,6464.93,3051.6,Regular,Credit Card
ORD4556,2025-06-03 03:12:42.632526,Bookshelf,Furniture,West,Ahmedabad,5,6302.54,5.0,29937.06,21470.52,8466.54,Regular,Debit Card
ORD4557,2025-06-03 06:42:59.555911,Headphones,Accessories,East,Kolkata,10,3053.87,25.0,22904.02,15010.89,7893.13,Regular,Credit Card
ORD4558,2025-06-03 10:13:16.479295,Smartwatch,Accessories,West,Ahmedabad,2,5749.76,10.0,10349.57,7544.66,2804.91,New,UPI
ORD4559,2025-06-03 13:43:33.402680,USB Drive,Accessories,South,Bengaluru,3,840.22,25.0,1890.5,1438.33,452.17,Regular,Cash
ORD4560,2025-06-03 17:13:50.326065,Bluetooth Speaker,Accessories,Central,Bhopal,2,3110.84,15.0,5288.43,4329.77,958.66,Regular,Cash
ORD4561,2025-06-03 20:44:07.249449,USB Drive,Accessories,West,Surat,1,905.2,10.0,814.68,531.88,282.8,New,Debit Card
ORD4562,2025-06-04 00:14:24.172834,Mouse,Accessories,North,Lucknow,7,866.39,20.0,4851.78,3287.77,1564.01,Regular,UPI
ORD4563,2025-06-04 03:44:41.096219,Backpack,Accessories,South,Hyderabad,3,1919.17,20.0,4606.01,3230.89,1375.12,Regular,Net Banking
ORD4564,2025-06-04 07:14:58.019603,Backpack,Accessories,West,Surat,7,1881.62,25.0,9878.51,6481.65,3396.86,Regular,Credit Card
ORD4565,2025-06-04 10:45:14.942988,Monitor,Electronics,North,Chandigarh,7,13879.75,0.0,97158.25,66360.06,30798.19,Premium,Credit Card
ORD4566,2025-06-04 14:15:31.866373,Webcam,Electronics,North,Delhi,8,3616.26,20.0,23144.06,18997.52,4146.54,New,Debit Card
ORD4567,2025-06-04 17:45:48.789757,Tablet,Electronics,East,Kolkata,1,22853.28,0.0,22853.28,14504.15,8349.13,New,Debit Card
ORD4568,2025-06-04 21:16:05.713142,Printer,Electronics,South,Hyderabad,5,12632.0,20.0,50528.0,35922.22,14605.78,Premium,Debit Card
ORD4569,2025-06-05 00:46:22.636527,Laptop,Electronics,East,Kolkata,10,52394.46,20.0,419155.68,284079.3,135076.38,Premium,Debit Card
ORD4570,2025-06-05 04:16:39.559911,Tablet,Electronics,South,Hyderabad,9,22617.31,15.0,173022.42,107151.26,65871.16,Regular,Debit Card
ORD4571,2025-06-05 07:46:56.483296,Webcam,Electronics,North,Jaipur,7,3582.79,0.0,25079.53,15650.41,9429.12,New,Debit Card
ORD4572,2025-06-05 11:17:13.406681,Headphones,Accessories,West,Pune,1,2931.19,0.0,2931.19,2333.87,597.32,Regular,Net Banking
ORD4573,2025-06-05 14:47:30.330066,Monitor,Electronics,East,Kolkata,8,15490.52,20.0,99139.33,80608.53,18530.8,New,Net Banking
ORD4574,2025-06-05 18:17:47.253450,Smartphone,Electronics,South,Chennai,3,22933.48,0.0,68800.44,54032.56,14767.88,Premium,Credit Card
ORD4575,2025-06-05 21:48:04.176835,Power Bank,Accessories,South,Hyderabad,4,1851.66,20.0,5925.31,4353.96,1571.35,Regular,Credit Card
ORD4576,2025-06-06 01:18:21.100220,Monitor,Electronics,West,Ahmedabad,4,15318.05,20.0,49017.76,38879.17,10138.59,New,Debit Card
ORD4577,2025-06-06 04:48:38.023604,Tablet,Electronics,North,Chandigarh,10,20726.75,25.0,155450.62,99178.11,56272.51,Premium,Credit Card
ORD4578,2025-06-06 08:18:54.946989,Smartphone,Electronics,North,Delhi,8,26591.07,10.0,191455.7,152216.93,39238.77,Regular,Debit Card
ORD4579,2025-06-06 11:49:11.870374,Router,Electronics,North,Delhi,1,2687.21,0.0,2687.21,1896.82,790.39,Premium,Net Banking
ORD4580,2025-06-06 15:19:28.793758,Gaming Mouse,Accessories,Central,Nagpur,8,2072.61,5.0,15751.84,12405.82,3346.02,Premium,Cash
ORD4581,2025-06-06 18:49:45.717143,Bookshelf,Furniture,West,Surat,9,6406.35,25.0,43242.86,28407.85,14835.01,New,Net Banking
ORD4582,2025-06-06 22:20:02.640528,Printer,Electronics,West,Surat,9,12248.58,0.0,110237.22,89086.65,21150.57,New,UPI
ORD4583,2025-06-07 01:50:19.563912,Smartwatch,Accessories,West,Pune,5,5975.9,0.0,29879.5,22171.46,7708.04,Regular,Net Banking
ORD4584,2025-06-07 05:20:36.487297,Keyboard,Accessories,West,Mumbai,4,1478.28,15.0,5026.15,3024.91,2001.24,Premium,UPI
ORD4585,2025-06-07 08:50:53.410682,Printer,Electronics,East,Bhubaneswar,4,12626.42,5.0,47980.4,35016.9,12963.5,Premium,Credit Card
ORD4586,2025-06-07 12:21:10.334066,Power Bank,Accessories,West,Pune,9,1969.08,5.0,16835.63,11407.32,5428.31,Regular,Net Banking
ORD4587,2025-06-07 15:51:27.257451,Headphones,Accessories,North,Lucknow,8,2986.6,15.0,20308.88,12477.28,7831.6,New,Cash
ORD4588,2025-06-07 19:21:44.180836,Mouse,Accessories,West,Mumbai,10,720.98,15.0,6128.33,4362.31,1766.02,New,Net Banking
ORD4589,2025-06-07 22:52:01.104220,Mouse,Accessories,West,Surat,10,815.4,0.0,8154.0,5527.33,2626.67,Regular,Net Banking
ORD4590,2025-06-08 02:22:18.027605,Keyboard,Accessories,East,Patna,7,1546.19,10.0,9741.0,6342.34,3398.66,Regular,Net Banking
ORD4591,2025-06-08 05:52:34.950990,Gaming Mouse,Accessories,South,Bengaluru,3,2344.33,15.0,5978.04,4108.59,1869.45,Regular,Debit Card
ORD4592,2025-06-08 09:22:51.874374,Tablet,Electronics,South,Chennai,4,20677.39,5.0,78574.08,50672.57,27901.51,Regular,Net Banking
ORD4593,2025-06-08 12:53:08.797759,Bluetooth Speaker,Accessories,West,Mumbai,9,3014.6,5.0,25774.83,17396.8,8378.03,Regular,Net Banking
ORD4594,2025-06-08 16:23:25.721144,Webcam,Electronics,West,Mumbai,8,3462.99,0.0,27703.92,17421.16,10282.76,Premium,Cash
ORD4595,2025-06-08 19:53:42.644528,Monitor,Electronics,Central,Indore,1,15493.32,10.0,13943.99,8660.31,5283.68,Regular,UPI
ORD4596,2025-06-08 23:23:59.567913,Office Desk,Furniture,South,Hyderabad,3,10953.46,20.0,26288.3,21753.7,4534.6,New,UPI
ORD4597,2025-06-09 02:54:16.491298,Keyboard,Accessories,West,Surat,10,1615.2,15.0,13729.2,11336.08,2393.12,Regular,Cash
ORD4598,2025-06-09 06:24:33.414682,Bluetooth Speaker,Accessories,West,Pune,2,3006.69,15.0,5111.37,4124.88,986.49,Premium,Credit Card
ORD4599,2025-06-09 09:54:50.338067,Monitor,Electronics,Central,Nagpur,2,16131.14,0.0,32262.28,21215.07,11047.21,Regular,Net Banking
ORD4600,2025-06-09 13:25:07.261452,Webcam,Electronics,East,Patna,8,3388.17,25.0,20329.02,15886.57,4442.45,New,Credit Card
ORD4601,2025-06-09 16:55:24.184836,Smartwatch,Accessories,East,Kolkata,6,6184.23,25.0,27829.03,20800.2,7028.83,New,Cash
ORD4602,2025-06-09 20:25:41.108221,Printer,Electronics,West,Mumbai,6,13096.14,10.0,70719.16,43337.29,27381.87,New,Credit Card
ORD4603,2025-06-09 23:55:58.031606,Bookshelf,Furniture,West,Pune,4,7620.73,5.0,28958.77,23887.99,5070.78,New,UPI
ORD4604,2025-06-10 03:26:14.954991,External Hard Drive,Electronics,Central,Bhopal,1,7077.33,5.0,6723.46,5711.55,1011.91,Regular,Debit Card
ORD4605,2025-06-10 06:56:31.878375,Printer,Electronics,North,Jaipur,7,10903.07,20.0,61057.19,47452.45,13604.74,New,Credit Card
ORD4606,2025-06-10 10:26:48.801760,USB Drive,Accessories,North,Lucknow,8,882.54,5.0,6707.3,4412.58,2294.72,Regular,Debit Card
ORD4607,2025-06-10 13:57:05.725145,Bluetooth Speaker,Accessories,Central,Bhopal,2,2736.47,25.0,4104.7,3031.74,1072.96,New,Credit Card
ORD4608,2025-06-10 17:27:22.648529,Backpack,Accessories,East,Patna,2,1731.41,25.0,2597.12,1629.29,967.83,New,Cash
ORD4609,2025-06-10 20:57:39.571914,USB Drive,Accessories,West,Pune,1,841.42,15.0,715.21,482.55,232.66,Regular,Debit Card
ORD4610,2025-06-11 00:27:56.495299,Webcam,Electronics,East,Bhubaneswar,4,3584.1,20.0,11469.12,8938.05,2531.07,Regular,Credit Card
ORD4611,2025-06-11 03:58:13.418683,Monitor,Electronics,North,Delhi,6,15842.24,10.0,85548.1,57767.94,27780.16,New,Cash
ORD4612,2025-06-11 07:28:30.342068,Mouse,Accessories,West,Surat,5,802.14,20.0,3208.56,2043.22,1165.34,Regular,UPI
ORD4613,2025-06-11 10:58:47.265453,USB Drive,Accessories,West,Ahmedabad,4,953.19,0.0,3812.76,2065.3,1747.46,New,Net Banking
ORD4614,2025-06-11 14:29:04.188837,Headphones,Accessories,South,Hyderabad,4,2707.69,25.0,8123.07,6036.49,2086.58,Regular,Cash
ORD4615,2025-06-11 17:59:21.112222,Router,Electronics,South,Bengaluru,10,2660.24,5.0,25272.28,21283.5,3988.78,Regular,Cash
ORD4616,2025-06-11 21:29:38.035607,USB Drive,Accessories,Central,Nagpur,7,842.1,0.0,5894.7,4250.27,1644.43,Premium,UPI
ORD4617,2025-06-12 00:59:54.958991,Power Bank,Accessories,North,Lucknow,7,1785.94,20.0,10001.26,6532.35,3468.91,Regular,Debit Card
ORD4618,2025-06-12 04:30:11.882376,Power Bank,Accessories,Central,Bhopal,2,1779.33,20.0,2846.93,2037.89,809.04,Regular,Credit Card
ORD4619,2025-06-12 08:00:28.805761,Smartphone,Electronics,South,Chennai,7,26865.78,15.0,159851.39,119971.81,39879.58,Regular,Debit Card
ORD4620,2025-06-12 11:30:45.729145,Smartwatch,Accessories,West,Mumbai,2,6559.17,15.0,11150.59,8924.29,2226.3,Regular,Cash
ORD4621,2025-06-12 15:01:02.652530,Router,Electronics,Central,Indore,4,2377.56,25.0,7132.68,5086.81,2045.87,Regular,Credit Card
ORD4622,2025-06-12 18:31:19.575915,Office Chair,Furniture,West,Ahmedabad,1,8221.34,10.0,7399.21,4759.45,2639.76,New,Net Banking
ORD4623,2025-06-12 22:01:36.499299,Power Bank,Accessories,East,Kolkata,5,1854.19,0.0,9270.95,5998.33,3272.62,Regular,Net Banking
ORD4624,2025-06-13 01:31:53.422684,Router,Electronics,West,Ahmedabad,1,2501.42,15.0,2126.21,1753.98,372.23,New,Credit Card
ORD4625,2025-06-13 05:02:10.346069,Monitor,Electronics,South,Bengaluru,4,15197.12,15.0,51670.21,34053.79,17616.42,Premium,Cash
ORD4626,2025-06-13 08:32:27.269453,USB Drive,Accessories,South,Chennai,9,818.33,5.0,6996.72,5471.47,1525.25,Regular,UPI
ORD4627,2025-06-13 12:02:44.192838,Gaming Mouse,Accessories,Central,Nagpur,8,2321.14,5.0,17640.66,11770.5,5870.16,Premium,Debit Card
ORD4628,2025-06-13 15:33:01.116223,Webcam,Electronics,West,Ahmedabad,6,3312.65,25.0,14906.92,11629.49,3277.43,Regular,Debit Card
ORD4629,2025-06-13 19:03:18.039607,Printer,Electronics,West,Mumbai,8,11603.85,25.0,69623.1,43137.84,26485.26,New,UPI
ORD4630,2025-06-13 22:33:34.962992,Keyboard,Accessories,South,Chennai,5,1418.51,15.0,6028.67,3929.78,2098.89,New,UPI
ORD4631,2025-06-14 02:03:51.886377,Router,Electronics,North,Chandigarh,7,2722.97,10.0,17154.71,12045.61,5109.1,Premium,Net Banking
ORD4632,2025-06-14 05:34:08.809761,Laptop,Electronics,North,Lucknow,8,51355.94,0.0,410847.52,299437.65,111409.87,Regular,UPI
ORD4633,2025-06-14 09:04:25.733146,Bluetooth Speaker,Accessories,West,Pune,7,3139.39,15.0,18679.37,12855.85,5823.52,Regular,Credit Card
ORD4634,2025-06-14 12:34:42.656531,Monitor,Electronics,West,Pune,4,14237.24,10.0,51254.06,38101.2,13152.86,New,Net Banking
ORD4635,2025-06-14 16:04:59.579915,Router,Electronics,East,Patna,5,2462.46,10.0,11081.07,7550.0,3531.07,Premium,Cash
ORD4636,2025-06-14 19:35:16.503300,Smartwatch,Accessories,Central,Bhopal,10,6595.27,15.0,56059.8,43144.17,12915.63,New,Net Banking
ORD4637,2025-06-14 23:05:33.426685,Smartphone,Electronics,North,Lucknow,6,23002.88,10.0,124215.55,90404.3,33811.25,New,Net Banking
ORD4638,2025-06-15 02:35:50.350070,Headphones,Accessories,South,Hyderabad,6,3228.82,20.0,15498.34,12031.01,3467.33,Premium,Debit Card
ORD4639,2025-06-15 06:06:07.273454,Webcam,Electronics,South,Bengaluru,9,3812.23,10.0,30879.06,21854.49,9024.57,Premium,UPI
ORD4640,2025-06-15 09:36:24.196839,Mouse,Accessories,East,Kolkata,10,831.72,15.0,7069.62,5790.9,1278.72,New,Credit Card
ORD4641,2025-06-15 13:06:41.120224,Keyboard,Accessories,North,Chandigarh,2,1352.99,10.0,2435.38,1693.89,741.49,Premium,UPI
ORD4642,2025-06-15 16:36:58.043608,Laptop,Electronics,Central,Nagpur,6,58528.78,15.0,298496.78,202092.3,96404.48,New,Debit Card
ORD4643,2025-06-15 20:07:14.966993,Webcam,Electronics,South,Chennai,3,3767.59,5.0,10737.63,7938.02,2799.61,New,UPI
ORD4644,2025-06-15 23:37:31.890378,Mouse,Accessories,Central,Indore,2,876.95,15.0,1490.82,1084.26,406.56,Regular,Credit Card
ORD4645,2025-06-16 03:07:48.813762,Router,Electronics,East,Kolkata,6,2669.66,10.0,14416.16,10516.94,3899.22,Regular,UPI
ORD4646,2025-06-16 06:38:05.737147,Smartphone,Electronics,Central,Bhopal,4,24727.93,15.0,84074.96,67178.63,16896.33,New,Debit Card
ORD4647,2025-06-16 10:08:22.660532,Smartwatch,Accessories,West,Ahmedabad,5,6226.38,0.0,31131.9,23260.17,7871.73,New,Credit Card
ORD4648,2025-06-16 13:38:39.583916,Smartwatch,Accessories,Central,Indore,5,5982.15,15.0,25424.14,20881.26,4542.88,New,UPI
ORD4649,2025-06-16 17:08:56.507301,Bookshelf,Furniture,North,Delhi,3,6794.23,15.0,17325.29,13076.68,4248.61,Regular,Debit Card
ORD4650,2025-06-16 20:39:13.430686,Keyboard,Accessories,West,Ahmedabad,4,1537.93,0.0,6151.72,3724.41,2427.31,Premium,Debit Card
ORD4651,2025-06-17 00:09:30.354070,Keyboard,Accessories,Central,Bhopal,3,1580.95,0.0,4742.85,3877.75,865.1,New,Net Banking
ORD4652,2025-06-17 03:39:47.277455,Gaming Mouse,Accessories,North,Jaipur,7,2259.8,0.0,15818.6,12812.21,3006.39,Regular,Credit Card
ORD4653,2025-06-17 07:10:04.200840,Gaming Mouse,Accessories,North,Jaipur,1,2343.69,25.0,1757.77,1076.13,681.64,New,Credit Card
ORD4654,2025-06-17 10:40:21.124224,Tablet,Electronics,East,Bhubaneswar,6,20576.05,20.0,98765.04,62352.46,36412.58,Regular,UPI
ORD4655,2025-06-17 14:10:38.047609,Router,Electronics,Central,Indore,4,2436.85,25.0,7310.55,5403.15,1907.4,New,Net Banking
ORD4656,2025-06-17 17:40:54.970994,Router,Electronics,East,Patna,1,2406.29,15.0,2045.35,1249.12,796.23,Regular,Credit Card
ORD4657,2025-06-17 21:11:11.894378,Office Desk,Furniture,East,Patna,1,11265.91,25.0,8449.43,5938.19,2511.24,New,Debit Card
ORD4658,2025-06-18 00:41:28.817763,USB Drive,Accessories,North,Delhi,5,889.77,25.0,3336.64,2815.59,521.05,Premium,Credit Card
ORD4659,2025-06-18 04:11:45.741148,Webcam,Electronics,North,Delhi,5,3813.51,0.0,19067.55,12264.13,6803.42,New,Net Banking
ORD4660,2025-06-18 07:42:02.664532,Bookshelf,Furniture,Central,Indore,10,7053.21,0.0,70532.1,45953.35,24578.75,Regular,Cash
ORD4661,2025-06-18 11:12:19.587917,Laptop,Electronics,North,Chandigarh,7,52650.45,5.0,350125.49,269277.0,80848.49,Regular,Debit Card
ORD4662,2025-06-18 14:42:36.511302,Router,Electronics,West,Ahmedabad,4,2427.03,25.0,7281.09,4448.71,2832.38,Regular,Credit Card
ORD4663,2025-06-18 18:12:53.434686,Tablet,Electronics,Central,Nagpur,9,22497.53,20.0,161982.22,130423.47,31558.75,New,Debit Card
ORD4664,2025-06-18 21:43:10.358071,Webcam,Electronics,South,Chennai,4,3396.92,15.0,11549.53,7504.4,4045.13,Regular,UPI
ORD4665,2025-06-19 01:13:27.281456,Monitor,Electronics,West,Pune,7,15115.04,10.0,95224.75,69789.13,25435.62,Regular,Debit Card
ORD4666,2025-06-19 04:43:44.204840,Monitor,Electronics,North,Delhi,5,14322.48,20.0,57289.92,37936.86,19353.06,Regular,Credit Card
ORD4667,2025-06-19 08:14:01.128225,External Hard Drive,Electronics,West,Mumbai,5,6299.71,20.0,25198.84,19270.07,5928.77,New,UPI
ORD4668,2025-06-19 11:44:18.051610,Router,Electronics,North,Delhi,6,2602.86,5.0,14836.3,11079.81,3756.49,Regular,UPI
ORD4669,2025-06-19 15:14:34.974995,Bluetooth Speaker,Accessories,West,Surat,8,3050.77,15.0,20745.24,17355.67,3389.57,Premium,UPI
ORD4670,2025-06-19 18:44:51.898379,Office Chair,Furniture,South,Chennai,5,8268.28,15.0,35140.19,24998.74,10141.45,New,Cash
ORD4671,2025-06-19 22:15:08.821764,Gaming Mouse,Accessories,East,Kolkata,3,2408.2,0.0,7224.6,5914.92,1309.68,Regular,Cash
ORD4672,2025-06-20 01:45:25.745149,Tablet,Electronics,West,Surat,6,20017.08,0.0,120102.48,89350.9,30751.58,Regular,UPI
ORD4673,2025-06-20 05:15:42.668533,Headphones,Accessories,North,Delhi,2,2749.76,20.0,4399.62,3645.59,754.03,New,Credit Card
ORD4674,2025-06-20 08:45:59.591918,Backpack,Accessories,West,Pune,8,1872.5,5.0,14231.0,9576.83,4654.17,Regular,UPI
ORD4675,2025-06-20 12:16:16.515303,Laptop,Electronics,South,Chennai,8,57288.2,15.0,389559.76,287277.05,102282.71,Premium,UPI
ORD4676,2025-06-20 15:46:33.438687,Backpack,Accessories,West,Surat,3,1626.82,5.0,4636.44,3233.95,1402.49,New,Debit Card
ORD4677,2025-06-20 19:16:50.362072,Smartphone,Electronics,North,Delhi,8,25713.77,10.0,185139.14,114133.53,71005.61,Regular,Debit Card
ORD4678,2025-06-20 22:47:07.285457,Monitor,Electronics,West,Ahmedabad,9,13599.78,15.0,104038.32,77359.4,26678.92,Regular,Debit Card
ORD4679,2025-06-21 02:17:24.208841,Bluetooth Speaker,Accessories,North,Chandigarh,5,3276.46,0.0,16382.3,13082.2,3300.1,New,Net Banking
ORD4680,2025-06-21 05:47:41.132226,Keyboard,Accessories,East,Patna,5,1558.84,20.0,6235.36,4608.25,1627.11,New,Debit Card
ORD4681,2025-06-21 09:17:58.055611,Laptop,Electronics,South,Chennai,6,51552.36,5.0,293848.45,196830.14,97018.31,Premium,Debit Card
ORD4682,2025-06-21 12:48:14.978995,Router,Electronics,West,Pune,7,2329.05,0.0,16303.35,10857.33,5446.02,Regular,Credit Card
ORD4683,2025-06-21 16:18:31.902380,Headphones,Accessories,South,Chennai,3,3041.8,20.0,7300.32,4814.27,2486.05,New,Cash
ORD4684,2025-06-21 19:48:48.825765,Bluetooth Speaker,Accessories,Central,Nagpur,5,3080.11,0.0,15400.55,13012.05,2388.5,New,Cash
ORD4685,2025-06-21 23:19:05.749149,Laptop,Electronics,Central,Nagpur,1,58643.61,15.0,49847.07,34883.22,14963.85,Regular,Cash
ORD4686,2025-06-22 02:49:22.672534,Printer,Electronics,North,Delhi,10,12967.97,5.0,123195.72,83676.68,39519.04,Regular,Net Banking
ORD4687,2025-06-22 06:19:39.595919,USB Drive,Accessories,West,Pune,5,880.66,10.0,3962.97,2792.38,1170.59,Regular,UPI
ORD4688,2025-06-22 09:49:56.519303,Keyboard,Accessories,North,Delhi,4,1603.23,25.0,4809.69,3025.05,1784.64,Premium,Debit Card
ORD4689,2025-06-22 13:20:13.442688,Headphones,Accessories,South,Hyderabad,1,3025.43,0.0,3025.43,1963.52,1061.91,Regular,Credit Card
ORD4690,2025-06-22 16:50:30.366073,Bookshelf,Furniture,West,Surat,7,6958.81,25.0,36533.75,26568.28,9965.47,Premium,Net Banking
ORD4691,2025-06-22 20:20:47.289457,USB Drive,Accessories,West,Pune,1,935.81,5.0,889.02,710.96,178.06,Regular,Cash
ORD4692,2025-06-22 23:51:04.212842,Tablet,Electronics,West,Ahmedabad,8,20254.06,15.0,137727.61,112813.6,24914.01,New,Net Banking
ORD4693,2025-06-23 03:21:21.136227,Bluetooth Speaker,Accessories,South,Chennai,10,2859.23,0.0,28592.3,23345.5,5246.8,Regular,Credit Card
ORD4694,2025-06-23 06:51:38.059611,Office Desk,Furniture,South,Bengaluru,2,12760.23,15.0,21692.39,18138.91,3553.48,Regular,Net Banking
ORD4695,2025-06-23 10:21:54.982996,USB Drive,Accessories,North,Jaipur,10,900.73,10.0,8106.57,5118.84,2987.73,New,Cash
ORD4696,2025-06-23 13:52:11.906381,Office Chair,Furniture,West,Surat,5,9734.48,10.0,43805.16,26731.77,17073.39,New,UPI
ORD4697,2025-06-23 17:22:28.829765,Power Bank,Accessories,East,Patna,6,1651.93,20.0,7929.26,4967.15,2962.11,Regular,Cash
ORD4698,2025-06-23 20:52:45.753150,Gaming Mouse,Accessories,West,Surat,9,2117.9,20.0,15248.88,11439.49,3809.39,Regular,Cash
ORD4699,2025-06-24 00:23:02.676535,Monitor,Electronics,South,Chennai,7,14566.65,20.0,81573.24,60285.05,21288.19,Premium,Cash
ORD4700,2025-06-24 03:53:19.599919,Office Desk,Furniture,South,Chennai,6,11814.53,15.0,60254.1,46263.25,13990.85,Premium,Net Banking
ORD4701,2025-06-24 07:23:36.523304,Smartphone,Electronics,South,Chennai,5,27434.1,20.0,109736.4,76022.38,33714.02,New,Credit Card
ORD4702,2025-06-24 10:53:53.446689,Bluetooth Speaker,Accessories,North,Delhi,6,2886.4,5.0,16452.48,11482.14,4970.34,Regular,Cash
ORD4703,2025-06-24 14:24:10.370074,Printer,Electronics,South,Bengaluru,4,12044.84,25.0,36134.52,26609.24,9525.28,New,Net Banking
ORD4704,2025-06-24 17:54:27.293458,Headphones,Accessories,Central,Nagpur,1,3021.64,25.0,2266.23,1404.53,861.7,New,Credit Card
ORD4705,2025-06-24 21:24:44.216843,Mouse,Accessories,Central,Nagpur,9,843.33,15.0,6451.47,5160.97,1290.5,New,UPI
ORD4706,2025-06-25 00:55:01.140228,Backpack,Accessories,East,Patna,5,1806.43,15.0,7677.33,6377.66,1299.67,Regular,Cash
ORD4707,2025-06-25 04:25:18.063612,Tablet,Electronics,East,Patna,8,22465.24,20.0,143777.54,100189.41,43588.13,New,Debit Card
ORD4708,2025-06-25 07:55:34.986997,External Hard Drive,Electronics,North,Lucknow,7,6829.33,25.0,35853.98,28141.54,7712.44,Regular,Net Banking
ORD4709,2025-06-25 11:25:51.910382,USB Drive,Accessories,Central,Bhopal,8,828.2,25.0,4969.2,3663.34,1305.86,New,UPI
ORD4710,2025-06-25 14:56:08.833766,Bluetooth Speaker,Accessories,North,Jaipur,1,3278.08,20.0,2622.46,1728.21,894.25,Regular,UPI
ORD4711,2025-06-25 18:26:25.757151,Bluetooth Speaker,Accessories,Central,Bhopal,9,3207.78,15.0,24539.52,15139.64,9399.88,Premium,UPI
ORD4712,2025-06-25 21:56:42.680536,External Hard Drive,Electronics,East,Bhubaneswar,1,6355.4,10.0,5719.86,3783.54,1936.32,Premium,Net Banking
ORD4713,2025-06-26 01:26:59.603920,Gaming Mouse,Accessories,South,Chennai,3,2300.5,10.0,6211.35,4666.13,1545.22,Regular,Credit Card
ORD4714,2025-06-26 04:57:16.527305,USB Drive,Accessories,Central,Bhopal,8,947.22,20.0,6062.21,3698.3,2363.91,Regular,Debit Card
ORD4715,2025-06-26 08:27:33.450690,Headphones,Accessories,North,Chandigarh,1,3210.15,10.0,2889.14,2337.45,551.69,Regular,Credit Card
ORD4716,2025-06-26 11:57:50.374074,Laptop,Electronics,West,Surat,1,51571.49,5.0,48992.92,41280.29,7712.63,Regular,Cash
ORD4717,2025-06-26 15:28:07.297459,Router,Electronics,East,Bhubaneswar,6,2601.85,5.0,14830.54,9207.92,5622.62,Regular,Debit Card
ORD4718,2025-06-26 18:58:24.220844,Office Desk,Furniture,South,Bengaluru,5,10880.02,5.0,51680.1,34195.4,17484.7,New,Credit Card
ORD4719,2025-06-26 22:28:41.144228,Office Chair,Furniture,East,Bhubaneswar,6,8308.04,15.0,42371.0,32579.42,9791.58,Regular,Cash
ORD4720,2025-06-27 01:58:58.067613,Printer,Electronics,West,Pune,3,12662.56,15.0,32289.53,25880.71,6408.82,Regular,Debit Card
ORD4721,2025-06-27 05:29:14.990998,Office Desk,Furniture,West,Ahmedabad,10,12751.21,15.0,108385.28,74406.33,33978.95,Regular,Net Banking
ORD4722,2025-06-27 08:59:31.914382,Router,Electronics,North,Chandigarh,10,2546.22,0.0,25462.2,15773.53,9688.67,Regular,Cash
ORD4723,2025-06-27 12:29:48.837767,Keyboard,Accessories,Central,Bhopal,6,1524.51,15.0,7775.0,6398.36,1376.64,Regular,Credit Card
ORD4724,2025-06-27 16:00:05.761152,Laptop,Electronics,North,Jaipur,2,57744.63,20.0,92391.41,64313.62,28077.79,Regular,Debit Card
ORD4725,2025-06-27 19:30:22.684536,Printer,Electronics,South,Chennai,8,12974.6,10.0,93417.12,57954.54,35462.58,New,Cash
ORD4726,2025-06-27 23:00:39.607921,Backpack,Accessories,South,Hyderabad,6,1771.6,20.0,8503.68,7217.27,1286.41,New,Cash
ORD4727,2025-06-28 02:30:56.531306,Printer,Electronics,North,Lucknow,4,11075.57,10.0,39872.05,25720.27,14151.78,Regular,Net Banking
ORD4728,2025-06-28 06:01:13.454690,Laptop,Electronics,North,Jaipur,4,58728.99,20.0,187932.77,115051.59,72881.18,New,Cash
ORD4729,2025-06-28 09:31:30.378075,External Hard Drive,Electronics,Central,Indore,7,6294.14,5.0,41856.03,29410.7,12445.33,New,Debit Card
ORD4730,2025-06-28 13:01:47.301460,USB Drive,Accessories,South,Bengaluru,3,834.08,0.0,2502.24,1577.33,924.91,Regular,UPI
ORD4731,2025-06-28 16:32:04.224844,Smartwatch,Accessories,North,Jaipur,3,6137.54,15.0,15650.73,13219.91,2430.82,Regular,Debit Card
ORD4732,2025-06-28 20:02:21.148229,Bluetooth Speaker,Accessories,North,Chandigarh,6,3046.85,0.0,18281.1,12708.99,5572.11,Premium,Debit Card
ORD4733,2025-06-28 23:32:38.071614,Printer,Electronics,West,Mumbai,9,11938.19,0.0,107443.71,86648.28,20795.43,Regular,Net Banking
ORD4734,2025-06-29 03:02:54.994999,Smartphone,Electronics,Central,Nagpur,1,26798.99,5.0,25459.04,16399.47,9059.57,Premium,Net Banking
ORD4735,2025-06-29 06:33:11.918383,Webcam,Electronics,South,Hyderabad,5,3340.56,0.0,16702.8,10601.33,6101.47,New,Cash
ORD4736,2025-06-29 10:03:28.841768,Mouse,Accessories,North,Lucknow,1,722.12,0.0,722.12,550.49,171.63,New,Net Banking
ORD4737,2025-06-29 13:33:45.765153,Monitor,Electronics,South,Bengaluru,1,14470.41,5.0,13746.89,11373.18,2373.71,New,Cash
ORD4738,2025-06-29 17:04:02.688537,Laptop,Electronics,North,Chandigarh,3,49606.77,10.0,133938.28,84198.17,49740.11,New,UPI
ORD4739,2025-06-29 20:34:19.611922,Bookshelf,Furniture,North,Lucknow,3,7061.03,20.0,16946.47,12664.33,4282.14,Regular,Credit Card
ORD4740,2025-06-30 00:04:36.535307,Gaming Mouse,Accessories,East,Kolkata,4,2146.43,25.0,6439.29,4000.31,2438.98,Regular,Net Banking
ORD4741,2025-06-30 03:34:53.458691,Mouse,Accessories,South,Bengaluru,3,850.23,0.0,2550.69,2048.31,502.38,Premium,Net Banking
ORD4742,2025-06-30 07:05:10.382076,Webcam,Electronics,East,Kolkata,6,3708.31,15.0,18912.38,15646.71,3265.67,Premium,UPI
ORD4743,2025-06-30 10:35:27.305461,Backpack,Accessories,South,Chennai,4,1776.47,5.0,6750.59,5111.54,1639.05,Regular,Net Banking
ORD4744,2025-06-30 14:05:44.228845,Bluetooth Speaker,Accessories,Central,Indore,8,2829.89,0.0,22639.12,17479.34,5159.78,Regular,UPI
ORD4745,2025-06-30 17:36:01.152230,Gaming Mouse,Accessories,Central,Bhopal,1,2165.87,25.0,1624.4,997.15,627.25,New,Cash
ORD4746,2025-06-30 21:06:18.075615,External Hard Drive,Electronics,West,Mumbai,8,6683.71,10.0,48122.71,29751.59,18371.12,Regular,Net Banking
ORD4747,2025-07-01 00:36:34.998999,Power Bank,Accessories,South,Hyderabad,1,1688.47,10.0,1519.62,980.03,539.59,Premium,Net Banking
ORD4748,2025-07-01 04:06:51.922384,Smartwatch,Accessories,South,Hyderabad,1,6327.66,25.0,4745.74,3172.32,1573.42,New,Cash
ORD4749,2025-07-01 07:37:08.845769,Headphones,Accessories,East,Bhubaneswar,7,2898.34,15.0,17245.12,13623.02,3622.1,Regular,Net Banking
ORD4750,2025-07-01 11:07:25.769153,Power Bank,Accessories,West,Surat,1,1955.58,0.0,1955.58,1386.23,569.35,Premium,Debit Card
ORD4751,2025-07-01 14:37:42.692538,Router,Electronics,East,Bhubaneswar,9,2505.94,15.0,19170.44,11877.28,7293.16,New,UPI
ORD4752,2025-07-01 18:07:59.615923,Smartphone,Electronics,Central,Nagpur,8,26735.63,10.0,192496.54,156530.73,35965.81,Premium,Credit Card
ORD4753,2025-07-01 21:38:16.539307,Keyboard,Accessories,Central,Bhopal,1,1534.77,10.0,1381.29,1171.96,209.33,New,Debit Card
ORD4754,2025-07-02 01:08:33.462692,Printer,Electronics,South,Bengaluru,2,12131.04,20.0,19409.66,13853.77,5555.89,Premium,Credit Card
ORD4755,2025-07-02 04:38:50.386077,Smartwatch,Accessories,West,Pune,2,6218.56,10.0,11193.41,8148.14,3045.27,Regular,Debit Card
ORD4756,2025-07-02 08:09:07.309461,Printer,Electronics,North,Delhi,2,12747.58,5.0,24220.4,15007.62,9212.78,New,Debit Card
ORD4757,2025-07-02 11:39:24.232846,External Hard Drive,Electronics,South,Chennai,6,6687.86,20.0,32101.73,22334.92,9766.81,New,Debit Card
ORD4758,2025-07-02 15:09:41.156231,Gaming Mouse,Accessories,East,Bhubaneswar,4,2330.79,15.0,7924.69,5491.42,2433.27,Regular,UPI
ORD4759,2025-07-02 18:39:58.079615,Smartwatch,Accessories,South,Bengaluru,8,5628.56,10.0,40525.63,34100.21,6425.42,Premium,Credit Card
ORD4760,2025-07-02 22:10:15.003000,Router,Electronics,Central,Nagpur,1,2388.76,25.0,1791.57,1370.74,420.83,Regular,Cash
ORD4761,2025-07-03 01:40:31.926385,Router,Electronics,North,Chandigarh,10,2364.86,5.0,22466.17,17872.87,4593.3,Premium,Cash
ORD4762,2025-07-03 05:10:48.849769,Office Desk,Furniture,East,Patna,4,12715.93,20.0,40690.98,25720.08,14970.9,Regular,Net Banking
ORD4763,2025-07-03 08:41:05.773154,Mouse,Accessories,West,Mumbai,10,733.78,5.0,6970.91,4909.14,2061.77,New,UPI
ORD4764,2025-07-03 12:11:22.696539,Tablet,Electronics,West,Surat,5,23301.8,20.0,93207.2,60387.85,32819.35,Regular,UPI
ORD4765,2025-07-03 15:41:39.619923,Power Bank,Accessories,South,Hyderabad,9,1760.06,20.0,12672.43,10328.63,2343.8,Regular,UPI
ORD4766,2025-07-03 19:11:56.543308,Smartphone,Electronics,Central,Nagpur,5,22897.54,20.0,91590.16,58443.05,33147.11,Regular,Debit Card
ORD4767,2025-07-03 22:42:13.466693,Tablet,Electronics,West,Surat,3,21667.48,25.0,48751.83,34600.04,14151.79,New,UPI
ORD4768,2025-07-04 02:12:30.390078,USB Drive,Accessories,East,Kolkata,4,864.09,15.0,2937.91,1802.15,1135.76,New,Cash
ORD4769,2025-07-04 05:42:47.313462,Smartphone,Electronics,North,Jaipur,10,25459.76,20.0,203678.08,154504.81,49173.27,Regular,UPI
ORD4770,2025-07-04 09:13:04.236847,Power Bank,Accessories,East,Patna,7,1790.11,20.0,10024.62,7222.55,2802.07,New,Debit Card
ORD4771,2025-07-04 12:43:21.160232,Keyboard,Accessories,Central,Indore,1,1439.03,5.0,1367.08,990.44,376.64,Regular,Credit Card
ORD4772,2025-07-04 16:13:38.083616,Office Chair,Furniture,West,Surat,6,9652.08,20.0,46329.98,28974.99,17354.99,Premium,UPI
ORD4773,2025-07-04 19:43:55.007001,Mouse,Accessories,Central,Nagpur,8,785.09,15.0,5338.61,3889.15,1449.46,New,Credit Card
ORD4774,2025-07-04 23:14:11.930386,Webcam,Electronics,East,Patna,1,3479.48,25.0,2609.61,1933.58,676.03,Regular,Net Banking
ORD4775,2025-07-05 02:44:28.853770,Keyboard,Accessories,North,Delhi,8,1603.99,25.0,9623.94,8090.94,1533.0,Regular,Debit Card
ORD4776,2025-07-05 06:14:45.777155,Gaming Mouse,Accessories,North,Lucknow,7,2019.18,5.0,13427.55,8168.05,5259.5,New,UPI
ORD4777,2025-07-05 09:45:02.700540,Smartwatch,Accessories,South,Bengaluru,1,5867.87,20.0,4694.3,3899.45,794.85,Regular,Net Banking
ORD4778,2025-07-05 13:15:19.623924,Gaming Mouse,Accessories,West,Surat,9,2157.26,5.0,18444.57,13278.08,5166.49,New,Net Banking
ORD4779,2025-07-05 16:45:36.547309,Office Desk,Furniture,West,Pune,3,11989.98,25.0,26977.46,17603.57,9373.89,New,Credit Card
ORD4780,2025-07-05 20:15:53.470694,Bluetooth Speaker,Accessories,South,Bengaluru,2,2763.67,15.0,4698.24,3600.67,1097.57,New,Cash
ORD4781,2025-07-05 23:46:10.394078,Gaming Mouse,Accessories,East,Bhubaneswar,7,2025.17,5.0,13467.38,9821.26,3646.12,Regular,Cash
ORD4782,2025-07-06 03:16:27.317463,Tablet,Electronics,East,Patna,3,21632.23,15.0,55162.19,36224.39,18937.8,Regular,Cash
ORD4783,2025-07-06 06:46:44.240848,Webcam,Electronics,East,Kolkata,1,3173.12,10.0,2855.81,2161.01,694.8,Regular,Cash
ORD4784,2025-07-06 10:17:01.164232,Smartphone,Electronics,South,Bengaluru,10,23774.92,20.0,190199.36,136623.16,53576.2,New,Debit Card
ORD4785,2025-07-06 13:47:18.087617,Smartphone,Electronics,North,Delhi,3,23505.88,15.0,59939.99,46288.88,13651.11,Regular,UPI
ORD4786,2025-07-06 17:17:35.011002,Tablet,Electronics,North,Delhi,6,21953.3,20.0,105375.84,81378.52,23997.32,Premium,UPI
ORD4787,2025-07-06 20:47:51.934386,Keyboard,Accessories,North,Jaipur,3,1353.35,15.0,3451.04,2478.55,972.49,Regular,Debit Card
ORD4788,2025-07-07 00:18:08.857771,Webcam,Electronics,North,Jaipur,5,3623.01,0.0,18115.05,12638.85,5476.2,New,Credit Card
ORD4789,2025-07-07 03:48:25.781156,Power Bank,Accessories,North,Lucknow,9,1928.01,0.0,17352.09,10685.61,6666.48,New,UPI
ORD4790,2025-07-07 07:18:42.704540,Smartwatch,Accessories,West,Ahmedabad,7,6248.09,0.0,43736.63,31641.77,12094.86,Premium,Net Banking
ORD4791,2025-07-07 10:48:59.627925,Laptop,Electronics,South,Chennai,2,58498.86,15.0,99448.06,65713.17,33734.89,New,UPI
ORD4792,2025-07-07 14:19:16.551310,USB Drive,Accessories,Central,Nagpur,1,925.8,25.0,694.35,425.85,268.5,New,Debit Card
ORD4793,2025-07-07 17:49:33.474694,Keyboard,Accessories,North,Delhi,7,1502.21,25.0,7886.6,5383.35,2503.25,Regular,Credit Card
ORD4794,2025-07-07 21:19:50.398079,Smartwatch,Accessories,South,Hyderabad,4,5662.83,20.0,18121.06,11268.89,6852.17,Regular,UPI
ORD4795,2025-07-08 00:50:07.321464,Monitor,Electronics,South,Hyderabad,7,14338.88,0.0,100372.16,74770.78,25601.38,Regular,Debit Card
ORD4796,2025-07-08 04:20:24.244848,Smartphone,Electronics,North,Jaipur,6,24088.54,20.0,115624.99,83934.18,31690.81,New,Net Banking
ORD4797,2025-07-08 07:50:41.168233,Monitor,Electronics,Central,Bhopal,7,13614.05,15.0,81003.6,64649.56,16354.04,Regular,Cash
ORD4798,2025-07-08 11:20:58.091618,Laptop,Electronics,North,Lucknow,4,59543.98,20.0,190540.74,127073.22,63467.52,Regular,Net Banking
ORD4799,2025-07-08 14:51:15.015003,Bluetooth Speaker,Accessories,Central,Indore,3,3240.18,20.0,7776.43,5388.15,2388.28,Regular,Net Banking
ORD4800,2025-07-08 18:21:31.938387,Power Bank,Accessories,Central,Bhopal,5,1658.8,0.0,8294.0,6404.94,1889.06,New,Credit Card
ORD4801,2025-07-08 21:51:48.861772,Webcam,Electronics,East,Kolkata,3,3539.69,25.0,7964.3,6755.61,1208.69,Regular,UPI
ORD4802,2025-07-09 01:22:05.785157,Bluetooth Speaker,Accessories,East,Kolkata,3,2980.58,5.0,8494.65,7016.94,1477.71,Regular,Cash
ORD4803,2025-07-09 04:52:22.708541,USB Drive,Accessories,West,Mumbai,4,933.01,10.0,3358.84,2452.65,906.19,Regular,Debit Card
ORD4804,2025-07-09 08:22:39.631926,Monitor,Electronics,South,Bengaluru,8,15309.05,15.0,104101.54,80104.76,23996.78,Regular,Cash
ORD4805,2025-07-09 11:52:56.555311,Smartphone,Electronics,West,Surat,2,23121.61,15.0,39306.74,28811.08,10495.66,New,UPI
ORD4806,2025-07-09 15:23:13.478695,Bookshelf,Furniture,North,Jaipur,4,7224.11,15.0,24561.97,17407.1,7154.87,New,Credit Card
ORD4807,2025-07-09 18:53:30.402080,Laptop,Electronics,North,Jaipur,3,56197.6,10.0,151733.52,113887.3,37846.22,New,UPI
ORD4808,2025-07-09 22:23:47.325465,Router,Electronics,East,Bhubaneswar,7,2515.61,5.0,16728.81,11653.7,5075.11,Regular,Debit Card
ORD4809,2025-07-10 01:54:04.248849,Bookshelf,Furniture,East,Patna,2,6863.37,25.0,10295.06,6898.17,3396.89,Regular,Cash
ORD4810,2025-07-10 05:24:21.172234,Monitor,Electronics,Central,Bhopal,1,16364.76,20.0,13091.81,10164.72,2927.09,Regular,Net Banking
ORD4811,2025-07-10 08:54:38.095619,Mouse,Accessories,North,Lucknow,10,855.91,25.0,6419.33,5250.97,1168.36,New,UPI
ORD4812,2025-07-10 12:24:55.019003,Router,Electronics,Central,Nagpur,1,2542.54,15.0,2161.16,1452.31,708.85,Premium,Credit Card
ORD4813,2025-07-10 15:55:11.942388,Smartwatch,Accessories,South,Chennai,6,5407.65,20.0,25956.72,20161.18,5795.54,New,Credit Card
ORD4814,2025-07-10 19:25:28.865773,Monitor,Electronics,South,Hyderabad,3,14796.37,0.0,44389.11,31449.9,12939.21,Regular,Cash
ORD4815,2025-07-10 22:55:45.789157,Bluetooth Speaker,Accessories,South,Hyderabad,7,3120.2,25.0,16381.05,11065.75,5315.3,New,Net Banking
ORD4816,2025-07-11 02:26:02.712542,Laptop,Electronics,East,Bhubaneswar,8,50790.24,0.0,406321.92,306885.9,99436.02,Regular,Debit Card
ORD4817,2025-07-11 05:56:19.635927,Power Bank,Accessories,North,Chandigarh,5,1766.36,0.0,8831.8,7373.26,1458.54,Regular,Net Banking
ORD4818,2025-07-11 09:26:36.559311,Monitor,Electronics,East,Patna,5,14075.18,25.0,52781.92,36309.89,16472.03,Premium,Cash
ORD4819,2025-07-11 12:56:53.482696,Smartwatch,Accessories,Central,Nagpur,2,5805.77,15.0,9869.81,7795.87,2073.94,Regular,Net Banking
ORD4820,2025-07-11 16:27:10.406081,Bookshelf,Furniture,East,Kolkata,8,6337.34,10.0,45628.85,30967.14,14661.71,New,Cash
ORD4821,2025-07-11 19:57:27.329465,Backpack,Accessories,East,Patna,10,1665.62,15.0,14157.77,11339.91,2817.86,Regular,Net Banking
ORD4822,2025-07-11 23:27:44.252850,Power Bank,Accessories,Central,Nagpur,1,1783.71,0.0,1783.71,1409.12,374.59,Regular,UPI
ORD4823,2025-07-12 02:58:01.176235,Keyboard,Accessories,West,Surat,10,1619.46,0.0,16194.6,12816.54,3378.06,Premium,Credit Card
ORD4824,2025-07-12 06:28:18.099619,USB Drive,Accessories,East,Bhubaneswar,9,898.3,15.0,6872.0,5837.26,1034.74,New,Cash
ORD4825,2025-07-12 09:58:35.023004,Keyboard,Accessories,South,Bengaluru,1,1485.92,10.0,1337.33,849.38,487.95,Regular,Cash
ORD4826,2025-07-12 13:28:51.946389,Router,Electronics,Central,Indore,1,2643.78,10.0,2379.4,1658.94,720.46,New,Credit Card
ORD4827,2025-07-12 16:59:08.869773,Power Bank,Accessories,West,Mumbai,1,1716.42,20.0,1373.14,1040.43,332.71,Regular,Debit Card
ORD4828,2025-07-12 20:29:25.793158,External Hard Drive,Electronics,South,Hyderabad,7,5973.59,5.0,39724.37,29698.69,10025.68,New,Cash
ORD4829,2025-07-12 23:59:42.716543,External Hard Drive,Electronics,South,Bengaluru,4,6122.44,0.0,24489.76,19473.24,5016.52,Regular,UPI
ORD4830,2025-07-13 03:29:59.639927,Tablet,Electronics,Central,Indore,7,23281.72,10.0,146674.84,89725.02,56949.82,Regular,Net Banking
ORD4831,2025-07-13 07:00:16.563312,Gaming Mouse,Accessories,North,Jaipur,5,2277.9,25.0,8542.12,6630.93,1911.19,New,UPI
ORD4832,2025-07-13 10:30:33.486697,Webcam,Electronics,Central,Indore,7,3214.07,0.0,22498.49,17648.51,4849.98,Regular,Cash
ORD4833,2025-07-13 14:00:50.410082,Webcam,Electronics,North,Chandigarh,10,3616.97,5.0,34361.21,21141.6,13219.61,Regular,Debit Card
ORD4834,2025-07-13 17:31:07.333466,Monitor,Electronics,West,Surat,7,16294.65,25.0,85546.91,62848.8,22698.11,New,Cash
ORD4835,2025-07-13 21:01:24.256851,Smartwatch,Accessories,South,Chennai,4,5453.95,0.0,21815.8,14425.66,7390.14,New,Debit Card
ORD4836,2025-07-14 00:31:41.180236,Bluetooth Speaker,Accessories,East,Patna,2,3069.85,10.0,5525.73,4422.83,1102.9,Regular,Credit Card
ORD4837,2025-07-14 04:01:58.103620,Router,Electronics,Central,Nagpur,8,2439.58,20.0,15613.31,9561.64,6051.67,Regular,Net Banking
ORD4838,2025-07-14 07:32:15.027005,Office Chair,Furniture,East,Patna,2,9001.86,15.0,15303.16,9741.09,5562.07,Regular,UPI
ORD4839,2025-07-14 11:02:31.950390,Smartwatch,Accessories,East,Patna,9,6033.81,25.0,40728.22,25500.49,15227.73,Regular,Debit Card
ORD4840,2025-07-14 14:32:48.873774,Power Bank,Accessories,North,Lucknow,5,1897.58,15.0,8064.71,4970.32,3094.39,Premium,UPI
ORD4841,2025-07-14 18:03:05.797159,External Hard Drive,Electronics,North,Lucknow,9,6574.12,10.0,53250.37,39938.76,13311.61,New,Credit Card
ORD4842,2025-07-14 21:33:22.720544,Gaming Mouse,Accessories,South,Chennai,9,2240.96,10.0,18151.78,14832.49,3319.29,Regular,Cash
ORD4843,2025-07-15 01:03:39.643928,Bookshelf,Furniture,West,Ahmedabad,8,6766.08,25.0,40596.48,29543.82,11052.66,Regular,Debit Card
ORD4844,2025-07-15 04:33:56.567313,Headphones,Accessories,North,Chandigarh,8,2775.57,5.0,21094.33,13767.12,7327.21,Premium,Net Banking
ORD4845,2025-07-15 08:04:13.490698,Mouse,Accessories,North,Jaipur,4,829.24,25.0,2487.72,1706.45,781.27,Regular,Debit Card
ORD4846,2025-07-15 11:34:30.414082,Router,Electronics,East,Bhubaneswar,4,2250.24,0.0,9000.96,6211.49,2789.47,Regular,Cash
ORD4847,2025-07-15 15:04:47.337467,Webcam,Electronics,West,Ahmedabad,2,3380.1,5.0,6422.19,4578.44,1843.75,New,Cash
ORD4848,2025-07-15 18:35:04.260852,Gaming Mouse,Accessories,West,Pune,4,2075.94,15.0,7058.2,4976.98,2081.22,Premium,Net Banking
ORD4849,2025-07-15 22:05:21.184236,Webcam,Electronics,North,Jaipur,4,3421.97,0.0,13687.88,10509.39,3178.49,Regular,Net Banking
ORD4850,2025-07-16 01:35:38.107621,Laptop,Electronics,North,Chandigarh,6,52923.95,5.0,301666.51,206634.94,95031.57,Regular,Credit Card
ORD4851,2025-07-16 05:05:55.031006,Backpack,Accessories,Central,Nagpur,3,1873.52,15.0,4777.48,3658.31,1119.17,New,UPI
ORD4852,2025-07-16 08:36:11.954390,Printer,Electronics,South,Chennai,2,11424.49,0.0,22848.98,16832.69,6016.29,Premium,Debit Card
ORD4853,2025-07-16 12:06:28.877775,Office Chair,Furniture,Central,Bhopal,8,9109.35,20.0,58299.84,35686.92,22612.92,Regular,Credit Card
ORD4854,2025-07-16 15:36:45.801160,USB Drive,Accessories,Central,Nagpur,2,892.04,25.0,1338.06,1110.48,227.58,New,UPI
ORD4855,2025-07-16 19:07:02.724544,Smartphone,Electronics,West,Ahmedabad,8,26505.29,25.0,159031.74,102494.26,56537.48,New,Credit Card
ORD4856,2025-07-16 22:37:19.647929,Headphones,Accessories,North,Lucknow,7,2956.86,25.0,15523.52,11066.44,4457.08,Regular,Net Banking
ORD4857,2025-07-17 02:07:36.571314,Office Chair,Furniture,Central,Nagpur,3,9654.98,20.0,23171.95,19392.59,3779.36,New,Net Banking
ORD4858,2025-07-17 05:37:53.494698,External Hard Drive,Electronics,West,Pune,6,5850.19,5.0,33346.08,22069.55,11276.53,Regular,Cash
ORD4859,2025-07-17 09:08:10.418083,Tablet,Electronics,West,Mumbai,6,22461.28,10.0,121290.91,73446.64,47844.27,Premium,Debit Card
ORD4860,2025-07-17 12:38:27.341468,Laptop,Electronics,South,Hyderabad,10,49607.88,0.0,496078.8,358423.11,137655.69,Regular,Debit Card
ORD4861,2025-07-17 16:08:44.264852,Office Chair,Furniture,South,Bengaluru,5,9385.08,5.0,44579.13,29243.14,15335.99,Premium,Debit Card
ORD4862,2025-07-17 19:39:01.188237,USB Drive,Accessories,North,Delhi,8,852.29,10.0,6136.49,4574.8,1561.69,Regular,Credit Card
ORD4863,2025-07-17 23:09:18.111622,External Hard Drive,Electronics,East,Kolkata,5,6343.98,25.0,23789.92,19133.69,4656.23,Regular,Credit Card
ORD4864,2025-07-18 02:39:35.035007,USB Drive,Accessories,West,Pune,7,878.48,25.0,4612.02,3356.65,1255.37,Regular,Debit Card
ORD4865,2025-07-18 06:09:51.958391,Power Bank,Accessories,South,Hyderabad,6,1924.71,25.0,8661.2,6593.4,2067.8,Regular,Cash
ORD4866,2025-07-18 09:40:08.881776,External Hard Drive,Electronics,East,Bhubaneswar,7,5982.72,10.0,37691.14,28891.69,8799.45,Regular,UPI
ORD4867,2025-07-18 13:10:25.805161,Keyboard,Accessories,South,Hyderabad,9,1550.07,0.0,13950.63,11232.12,2718.51,Regular,Credit Card
ORD4868,2025-07-18 16:40:42.728545,Bluetooth Speaker,Accessories,West,Pune,3,3288.75,0.0,9866.25,7616.56,2249.69,Premium,Debit Card
ORD4869,2025-07-18 20:10:59.651930,Monitor,Electronics,Central,Indore,10,13567.15,10.0,122104.35,103061.33,19043.02,Regular,Net Banking
ORD4870,2025-07-18 23:41:16.575315,Bookshelf,Furniture,North,Jaipur,7,7652.25,15.0,45530.89,32511.46,13019.43,Regular,Credit Card
ORD4871,2025-07-19 03:11:33.498699,Backpack,Accessories,South,Bengaluru,10,1626.63,25.0,12199.72,7473.12,4726.6,Regular,UPI
ORD4872,2025-07-19 06:41:50.422084,Tablet,Electronics,North,Jaipur,3,23501.06,5.0,66978.02,46784.6,20193.42,Regular,Credit Card
ORD4873,2025-07-19 10:12:07.345469,Power Bank,Accessories,West,Pune,2,1966.05,0.0,3932.1,3184.88,747.22,Regular,UPI
ORD4874,2025-07-19 13:42:24.268853,Keyboard,Accessories,West,Ahmedabad,7,1647.91,10.0,10381.83,6574.47,3807.36,Regular,UPI
ORD4875,2025-07-19 17:12:41.192238,Laptop,Electronics,Central,Indore,4,54550.33,15.0,185471.12,145406.57,40064.55,New,Credit Card
ORD4876,2025-07-19 20:42:58.115623,Backpack,Accessories,South,Hyderabad,1,1932.1,20.0,1545.68,1134.4,411.28,Regular,UPI
ORD4877,2025-07-20 00:13:15.039007,Headphones,Accessories,Central,Bhopal,6,2773.4,10.0,14976.36,12357.99,2618.37,Premium,Credit Card
ORD4878,2025-07-20 03:43:31.962392,Bluetooth Speaker,Accessories,North,Jaipur,6,2955.23,15.0,15071.67,11798.06,3273.61,New,Credit Card
ORD4879,2025-07-20 07:13:48.885777,Backpack,Accessories,West,Ahmedabad,6,1730.87,20.0,8308.18,6356.85,1951.33,Premium,Cash
ORD4880,2025-07-20 10:44:05.809161,Power Bank,Accessories,North,Delhi,2,1762.26,15.0,2995.84,2461.74,534.1,New,Net Banking
ORD4881,2025-07-20 14:14:22.732546,Router,Electronics,Central,Bhopal,1,2600.99,0.0,2600.99,2151.16,449.83,Regular,UPI
ORD4882,2025-07-20 17:44:39.655931,Smartwatch,Accessories,East,Bhubaneswar,3,5504.98,10.0,14863.45,10348.37,4515.08,Regular,Credit Card
ORD4883,2025-07-20 21:14:56.579315,Keyboard,Accessories,West,Pune,2,1649.45,20.0,2639.12,2195.65,443.47,New,UPI
ORD4884,2025-07-21 00:45:13.502700,Office Chair,Furniture,Central,Nagpur,6,9243.12,15.0,47139.91,28928.56,18211.35,New,Credit Card
ORD4885,2025-07-21 04:15:30.426085,Mouse,Accessories,North,Jaipur,6,859.76,20.0,4126.85,3262.86,863.99,Regular,Credit Card
ORD4886,2025-07-21 07:45:47.349469,Router,Electronics,North,Delhi,5,2664.85,5.0,12658.04,8659.78,3998.26,New,Credit Card
ORD4887,2025-07-21 11:16:04.272854,Laptop,Electronics,Central,Indore,10,57925.97,10.0,521333.73,376324.35,145009.38,New,Net Banking
ORD4888,2025-07-21 14:46:21.196239,Printer,Electronics,South,Bengaluru,10,10894.14,0.0,108941.4,88126.78,20814.62,New,UPI
ORD4889,2025-07-21 18:16:38.119623,Smartwatch,Accessories,North,Chandigarh,5,6019.76,20.0,24079.04,18282.24,5796.8,New,Net Banking
ORD4890,2025-07-21 21:46:55.043008,External Hard Drive,Electronics,East,Kolkata,9,6276.59,25.0,42366.98,30265.82,12101.16,New,Net Banking
ORD4891,2025-07-22 01:17:11.966393,Smartphone,Electronics,West,Surat,5,23064.7,15.0,98024.98,62832.38,35192.6,Regular,Net Banking
ORD4892,2025-07-22 04:47:28.889777,Office Chair,Furniture,North,Jaipur,10,8717.38,25.0,65380.35,54580.58,10799.77,Regular,Net Banking
ORD4893,2025-07-22 08:17:45.813162,Keyboard,Accessories,South,Chennai,6,1543.44,20.0,7408.51,5060.9,2347.61,New,Cash
ORD4894,2025-07-22 11:48:02.736547,Headphones,Accessories,North,Lucknow,4,2838.38,25.0,8515.14,5324.44,3190.7,New,UPI
ORD4895,2025-07-22 15:18:19.659931,Monitor,Electronics,East,Patna,10,14833.79,15.0,126087.22,93435.26,32651.96,Regular,UPI
ORD4896,2025-07-22 18:48:36.583316,External Hard Drive,Electronics,Central,Bhopal,1,6375.84,20.0,5100.67,3578.48,1522.19,New,Credit Card
ORD4897,2025-07-22 22:18:53.506701,Office Chair,Furniture,Central,Nagpur,4,8194.43,0.0,32777.72,24505.53,8272.19,Regular,UPI
ORD4898,2025-07-23 01:49:10.430086,Printer,Electronics,West,Mumbai,2,12307.4,0.0,24614.8,16205.95,8408.85,New,Net Banking
ORD4899,2025-07-23 05:19:27.353470,Webcam,Electronics,North,Chandigarh,10,3583.19,10.0,32248.71,22402.61,9846.1,New,Debit Card
ORD4900,2025-07-23 08:49:44.276855,External Hard Drive,Electronics,Central,Bhopal,3,7106.34,0.0,21319.02,17974.64,3344.38,New,UPI
ORD4901,2025-07-23 12:20:01.200240,Smartphone,Electronics,East,Patna,7,23990.03,20.0,134344.17,112061.05,22283.12,New,Debit Card
ORD4902,2025-07-23 15:50:18.123624,Office Chair,Furniture,North,Delhi,7,8854.11,20.0,49583.02,40464.48,9118.54,Regular,Cash
ORD4903,2025-07-23 19:20:35.047009,Bookshelf,Furniture,Central,Indore,1,6865.09,0.0,6865.09,5456.24,1408.85,New,Credit Card
ORD4904,2025-07-23 22:50:51.970394,Monitor,Electronics,West,Pune,8,16259.23,5.0,123570.15,78978.62,44591.53,Premium,Credit Card
ORD4905,2025-07-24 02:21:08.893778,Mouse,Accessories,West,Pune,7,785.38,20.0,4398.13,3152.28,1245.85,Regular,Credit Card
ORD4906,2025-07-24 05:51:25.817163,Office Chair,Furniture,West,Ahmedabad,1,8896.98,10.0,8007.28,6261.5,1745.78,Premium,Cash
ORD4907,2025-07-24 09:21:42.740548,Monitor,Electronics,South,Chennai,8,14257.03,5.0,108353.43,72102.91,36250.52,New,Net Banking
ORD4908,2025-07-24 12:51:59.663932,Webcam,Electronics,South,Chennai,2,3150.82,0.0,6301.64,3833.09,2468.55,New,Debit Card
ORD4909,2025-07-24 16:22:16.587317,Laptop,Electronics,West,Pune,8,50714.96,15.0,344861.73,242963.62,101898.11,Regular,UPI
ORD4910,2025-07-24 19:52:33.510702,Tablet,Electronics,South,Chennai,3,22897.11,20.0,54953.06,38812.54,16140.52,New,Net Banking
ORD4911,2025-07-24 23:22:50.434086,Backpack,Accessories,East,Patna,10,1865.7,15.0,15858.45,9773.17,6085.28,Regular,Credit Card
ORD4912,2025-07-25 02:53:07.357471,Keyboard,Accessories,West,Surat,7,1446.76,25.0,7595.49,5166.1,2429.39,Regular,Credit Card
ORD4913,2025-07-25 06:23:24.280856,External Hard Drive,Electronics,West,Mumbai,6,6464.91,10.0,34910.51,28952.16,5958.35,Regular,Net Banking
ORD4914,2025-07-25 09:53:41.204240,Laptop,Electronics,East,Kolkata,5,52771.16,5.0,250663.01,166082.84,84580.17,New,Debit Card
ORD4915,2025-07-25 13:23:58.127625,Keyboard,Accessories,West,Surat,10,1569.27,15.0,13338.8,9901.26,3437.54,Regular,Net Banking
ORD4916,2025-07-25 16:54:15.051010,Keyboard,Accessories,Central,Indore,2,1602.75,10.0,2884.95,2082.85,802.1,Regular,Cash
ORD4917,2025-07-25 20:24:31.974394,USB Drive,Accessories,West,Ahmedabad,2,971.84,15.0,1652.13,1347.36,304.77,Regular,Credit Card
ORD4918,2025-07-25 23:54:48.897779,Printer,Electronics,South,Hyderabad,1,11217.29,15.0,9534.7,7278.67,2256.03,New,Debit Card
ORD4919,2025-07-26 03:25:05.821164,Router,Electronics,South,Bengaluru,9,2597.51,10.0,21039.83,13457.23,7582.6,Premium,UPI
ORD4920,2025-07-26 06:55:22.744548,Power Bank,Accessories,South,Hyderabad,8,1966.68,20.0,12586.75,8001.61,4585.14,Premium,Credit Card
ORD4921,2025-07-26 10:25:39.667933,External Hard Drive,Electronics,North,Lucknow,8,6695.8,15.0,45531.44,33664.66,11866.78,Premium,Net Banking
ORD4922,2025-07-26 13:55:56.591318,Mouse,Accessories,South,Chennai,1,776.16,10.0,698.54,427.24,271.3,Regular,Debit Card
ORD4923,2025-07-26 17:26:13.514702,Tablet,Electronics,South,Bengaluru,5,22598.16,15.0,96042.18,67074.2,28967.98,Regular,Credit Card
ORD4924,2025-07-26 20:56:30.438087,Bookshelf,Furniture,East,Bhubaneswar,6,7263.8,20.0,34866.24,24397.75,10468.49,New,UPI
ORD4925,2025-07-27 00:26:47.361472,Webcam,Electronics,Central,Indore,2,3427.93,10.0,6170.27,4005.02,2165.25,Premium,UPI
ORD4926,2025-07-27 03:57:04.284856,Gaming Mouse,Accessories,North,Lucknow,10,2025.76,15.0,17218.96,11627.16,5591.8,Premium,Net Banking
ORD4927,2025-07-27 07:27:21.208241,Bluetooth Speaker,Accessories,West,Pune,5,3064.0,0.0,15320.0,10455.7,4864.3,New,Cash
ORD4928,2025-07-27 10:57:38.131626,Tablet,Electronics,West,Mumbai,6,23329.42,20.0,111981.22,67517.92,44463.3,Regular,Net Banking
ORD4929,2025-07-27 14:27:55.055011,Monitor,Electronics,North,Lucknow,9,16492.73,15.0,126169.38,101121.33,25048.05,Premium,Debit Card
ORD4930,2025-07-27 17:58:11.978395,Printer,Electronics,Central,Indore,10,11335.34,5.0,107685.73,90387.26,17298.47,New,Net Banking
ORD4931,2025-07-27 21:28:28.901780,Laptop,Electronics,West,Surat,1,57204.28,10.0,51483.85,34613.45,16870.4,New,Debit Card
ORD4932,2025-07-28 00:58:45.825165,Monitor,Electronics,South,Hyderabad,10,13584.13,15.0,115465.1,72511.67,42953.43,Premium,Cash
ORD4933,2025-07-28 04:29:02.748549,Office Desk,Furniture,West,Pune,3,13127.58,20.0,31506.19,26414.41,5091.78,Regular,Net Banking
ORD4934,2025-07-28 07:59:19.671934,Power Bank,Accessories,South,Hyderabad,9,1624.52,20.0,11696.54,9183.4,2513.14,Premium,UPI
ORD4935,2025-07-28 11:29:36.595319,Gaming Mouse,Accessories,West,Surat,1,2137.87,5.0,2030.98,1671.06,359.92,New,Debit Card
ORD4936,2025-07-28 14:59:53.518703,Bookshelf,Furniture,North,Jaipur,1,6406.96,5.0,6086.61,4201.09,1885.52,New,Debit Card
ORD4937,2025-07-28 18:30:10.442088,Backpack,Accessories,Central,Unknown,1,1843.55,25.0,1382.66,996.92,385.74,Regular,UPI
ORD4938,2025-07-28 22:00:27.365473,Printer,Electronics,East,Kolkata,7,11614.8,25.0,60977.7,50767.59,10210.11,Regular,Net Banking
ORD4939,2025-07-29 01:30:44.288857,Monitor,Electronics,West,Mumbai,5,15698.83,15.0,66720.03,47697.36,19022.67,New,Cash
ORD4940,2025-07-29 05:01:01.212242,Backpack,Accessories,South,Bengaluru,6,1795.1,0.0,10770.6,8272.08,2498.52,Premium,Credit Card
ORD4941,2025-07-29 08:31:18.135627,Power Bank,Accessories,West,Mumbai,8,1770.99,20.0,11334.34,8797.71,2536.63,Premium,Net Banking
ORD4942,2025-07-29 12:01:35.059011,Router,Electronics,West,Surat,2,2424.26,0.0,4848.52,3923.8,924.72,New,Net Banking
ORD4943,2025-07-29 15:31:51.982396,Power Bank,Accessories,East,Patna,2,1651.01,0.0,3302.02,2786.23,515.79,New,Debit Card
ORD4944,2025-07-29 19:02:08.905781,Mouse,Accessories,West,Ahmedabad,3,752.77,15.0,1919.56,1312.45,607.11,New,Debit Card
ORD4945,2025-07-29 22:32:25.829165,USB Drive,Accessories,East,Kolkata,3,925.04,10.0,2497.61,1653.07,844.54,Regular,Cash
ORD4946,2025-07-30 02:02:42.752550,Laptop,Electronics,Central,Nagpur,3,54964.27,10.0,148403.53,91925.08,56478.45,New,Cash
ORD4947,2025-07-30 05:32:59.675935,Router,Electronics,East,Patna,4,2285.04,10.0,8226.14,6697.18,1528.96,Regular,Cash
ORD4948,2025-07-30 09:03:16.599319,Smartwatch,Accessories,Central,Bhopal,3,6052.74,5.0,17250.31,11612.39,5637.92,Regular,UPI
ORD4949,2025-07-30 12:33:33.522704,Keyboard,Accessories,Central,Indore,2,1366.24,20.0,2185.98,1338.7,847.28,Premium,Credit Card
ORD4950,2025-07-30 16:03:50.446089,Bluetooth Speaker,Accessories,East,Patna,9,3007.04,5.0,25710.19,20987.68,4722.51,New,Credit Card
ORD4951,2025-07-30 19:34:07.369473,Bookshelf,Furniture,South,Chennai,6,7650.95,20.0,36724.56,26716.29,10008.27,Regular,Cash
ORD4952,2025-07-30 23:04:24.292858,Tablet,Electronics,East,Kolkata,3,21152.32,25.0,47592.72,38530.03,9062.69,Regular,Debit Card
ORD4953,2025-07-31 02:34:41.216243,Mouse,Accessories,Central,Bhopal,9,835.76,20.0,6017.47,4444.63,1572.84,Regular,Credit Card
ORD4954,2025-07-31 06:04:58.139627,Smartwatch,Accessories,South,Bengaluru,4,6294.66,20.0,20142.91,13665.6,6477.31,Premium,Net Banking
ORD4955,2025-07-31 09:35:15.063012,Printer,Electronics,East,Bhubaneswar,4,11771.66,15.0,40023.64,25312.77,14710.87,Regular,UPI
ORD4956,2025-07-31 13:05:31.986397,Power Bank,Accessories,Central,Nagpur,8,1833.59,10.0,13201.85,9363.95,3837.9,Premium,Debit Card
ORD4957,2025-07-31 16:35:48.909781,Router,Electronics,South,Hyderabad,7,2486.02,5.0,16532.03,10028.95,6503.08,New,UPI
ORD4958,2025-07-31 20:06:05.833166,Office Desk,Furniture,West,Pune,7,11480.07,25.0,60270.37,45239.84,15030.53,Regular,Net Banking
ORD4959,2025-07-31 23:36:22.756551,USB Drive,Accessories,South,Bengaluru,10,945.85,5.0,8985.57,6352.04,2633.53,Regular,Credit Card
ORD4960,2025-08-01 03:06:39.679935,Tablet,Electronics,North,Lucknow,7,22892.44,15.0,136210.02,86545.25,49664.77,Premium,UPI
ORD4961,2025-08-01 06:36:56.603320,Smartwatch,Accessories,West,Surat,10,6480.66,20.0,51845.28,37979.71,13865.57,New,UPI
ORD4962,2025-08-01 10:07:13.526705,Webcam,Electronics,North,Delhi,5,3582.69,25.0,13435.09,10751.13,2683.96,New,UPI
ORD4963,2025-08-01 13:37:30.450090,Printer,Electronics,South,Bengaluru,7,11732.93,10.0,73917.46,62364.17,11553.29,Regular,Net Banking
ORD4964,2025-08-01 17:07:47.373474,Bookshelf,Furniture,Central,Nagpur,4,7299.61,0.0,29198.44,21368.58,7829.86,New,Debit Card
ORD4965,2025-08-01 20:38:04.296859,Backpack,Accessories,South,Bengaluru,8,1842.85,0.0,14742.8,9323.17,5419.63,Regular,Debit Card
ORD4966,2025-08-02 00:08:21.220244,Gaming Mouse,Accessories,Central,Indore,9,2251.31,15.0,17222.52,13824.11,3398.41,Premium,Net Banking
ORD4967,2025-08-02 03:38:38.143628,Webcam,Electronics,Central,Bhopal,3,3744.89,10.0,10111.2,7825.53,2285.67,Premium,UPI
ORD4968,2025-08-02 07:08:55.067013,USB Drive,Accessories,South,Bengaluru,7,973.88,0.0,6817.16,5716.14,1101.02,New,UPI
ORD4969,2025-08-02 10:39:11.990398,Bookshelf,Furniture,North,Lucknow,10,6552.34,0.0,65523.4,48081.28,17442.12,New,Cash
ORD4970,2025-08-02 14:09:28.913782,Router,Electronics,West,Mumbai,9,2407.03,25.0,16247.45,11198.98,5048.47,Regular,Credit Card
ORD4971,2025-08-02 17:39:45.837167,Headphones,Accessories,East,Bhubaneswar,1,3090.18,25.0,2317.63,1948.45,369.18,Regular,Credit Card
ORD4972,2025-08-02 21:10:02.760552,Smartphone,Electronics,North,Delhi,2,25286.11,5.0,48043.61,35293.37,12750.24,Regular,Debit Card
ORD4973,2025-08-03 00:40:19.683936,Printer,Electronics,West,Mumbai,7,12365.58,10.0,77903.15,47051.67,30851.48,Regular,Net Banking
ORD4974,2025-08-03 04:10:36.607321,Keyboard,Accessories,North,Delhi,2,1479.9,0.0,2959.8,2126.37,833.43,Regular,UPI
ORD4975,2025-08-03 07:40:53.530706,Office Desk,Furniture,Central,Bhopal,7,11789.85,25.0,61896.71,37174.82,24721.89,New,Credit Card
ORD4976,2025-08-03 11:11:10.454090,External Hard Drive,Electronics,North,Chandigarh,1,6002.95,25.0,4502.21,3531.65,970.56,Regular,Net Banking
ORD4977,2025-08-03 14:41:27.377475,Laptop,Electronics,North,Lucknow,3,56360.13,25.0,126810.29,94028.09,32782.2,New,Net Banking
ORD4978,2025-08-03 18:11:44.300860,Router,Electronics,North,Lucknow,5,2337.89,5.0,11104.98,6967.82,4137.16,New,UPI
ORD4979,2025-08-03 21:42:01.224244,Office Chair,Furniture,Central,Bhopal,6,9307.84,10.0,50262.34,40373.37,9888.97,Regular,Net Banking
ORD4980,2025-08-04 01:12:18.147629,Power Bank,Accessories,West,Surat,9,1968.15,20.0,14170.68,10402.83,3767.85,Regular,Credit Card
ORD4981,2025-08-04 04:42:35.071014,Bluetooth Speaker,Accessories,Central,Bhopal,9,2853.85,25.0,19263.49,12107.39,7156.1,Regular,Cash
ORD4982,2025-08-04 08:12:51.994398,Backpack,Accessories,South,Bengaluru,3,1671.17,10.0,4512.16,2887.79,1624.37,Regular,Credit Card
ORD4983,2025-08-04 11:43:08.917783,Power Bank,Accessories,South,Chennai,8,1628.7,15.0,11075.16,8921.33,2153.83,New,Cash
ORD4984,2025-08-04 15:13:25.841168,Webcam,Electronics,South,Hyderabad,4,3415.18,5.0,12977.68,8939.96,4037.72,Regular,Net Banking
ORD4985,2025-08-04 18:43:42.764552,Bluetooth Speaker,Accessories,East,Patna,7,2828.77,20.0,15841.11,12756.43,3084.68,Regular,Credit Card
ORD4986,2025-08-04 22:13:59.687937,Monitor,Electronics,West,Mumbai,6,14975.58,25.0,67390.11,41605.03,25785.08,New,UPI
ORD4987,2025-08-05 01:44:16.611322,Smartphone,Electronics,West,Pune,8,25121.53,25.0,150729.18,99626.68,51102.5,Regular,Net Banking
ORD4988,2025-08-05 05:14:33.534706,Smartwatch,Accessories,South,Chennai,6,5819.19,5.0,33169.38,26241.81,6927.57,Regular,UPI
ORD4989,2025-08-05 08:44:50.458091,Power Bank,Accessories,Central,Nagpur,4,1889.97,5.0,7181.89,5461.29,1720.6,Regular,Cash
ORD4990,2025-08-05 12:15:07.381476,Office Chair,Furniture,North,Delhi,2,9728.65,0.0,19457.3,13166.87,6290.43,Premium,Debit Card
ORD4991,2025-08-05 15:45:24.304860,Backpack,Accessories,Central,Bhopal,7,1696.15,25.0,8904.79,7426.65,1478.14,Premium,Debit Card
ORD4992,2025-08-05 19:15:41.228245,Mouse,Accessories,North,Chandigarh,4,853.81,10.0,3073.72,2006.42,1067.3,Premium,Cash
ORD4993,2025-08-05 22:45:58.151630,Webcam,Electronics,East,Patna,9,3241.83,5.0,27717.65,22519.06,5198.59,Regular,Debit Card
ORD4994,2025-08-06 02:16:15.075015,Bluetooth Speaker,Accessories,South,Bengaluru,9,2837.22,5.0,24258.23,18774.32,5483.91,Regular,Net Banking
ORD4995,2025-08-06 05:46:31.998399,Webcam,Electronics,East,Patna,7,3542.99,15.0,21080.79,13286.78,7794.01,Regular,Net Banking
ORD4996,2025-08-06 09:16:48.921784,Headphones,Accessories,West,Mumbai,5,2883.95,15.0,12256.79,9055.06,3201.73,Regular,Credit Card
ORD4997,2025-08-06 12:47:05.845169,Office Chair,Furniture,East,Patna,3,8175.08,15.0,20846.45,17354.19,3492.26,New,Net Banking
ORD4998,2025-08-06 16:17:22.768553,Smartwatch,Accessories,East,Patna,3,5753.85,5.0,16398.47,12376.32,4022.15,Regular,Debit Card
ORD4999,2025-08-06 19:47:39.691938,Webcam,Electronics,West,Mumbai,9,3783.41,20.0,27240.55,19945.58,7294.97,Regular,UPI
ORD5000,2025-08-06 23:17:56.615323,Laptop,Electronics,West,Pune,9,51416.45,10.0,416473.24,288024.9,128448.34,New,Credit Card
ORD5001,2025-08-07 02:48:13.538707,Laptop,Electronics,Central,Indore,4,57901.26,5.0,220024.79,175403.11,44621.68,Regular,UPI
ORD5002,2025-08-07 06:18:30.462092,Bluetooth Speaker,Accessories,South,Hyderabad,1,3133.37,0.0,3133.37,2595.26,538.11,New,Debit Card
ORD5003,2025-08-07 09:48:47.385477,Tablet,Electronics,West,Surat,10,20267.39,25.0,152005.42,119830.31,32175.11,New,UPI
ORD5004,2025-08-07 13:19:04.308861,Power Bank,Accessories,West,Ahmedabad,5,1738.6,20.0,6954.4,5433.56,1520.84,Premium,Debit Card
ORD5005,2025-08-07 16:49:21.232246,Headphones,Accessories,South,Chennai,8,2813.61,20.0,18007.1,11670.81,6336.29,Regular,Net Banking
ORD5006,2025-08-07 20:19:38.155631,Webcam,Electronics,East,Kolkata,10,3166.21,10.0,28495.89,23038.83,5457.06,Regular,Credit Card
ORD5007,2025-08-07 23:49:55.079015,Power Bank,Accessories,South,Bengaluru,4,1682.29,20.0,5383.33,3284.77,2098.56,New,Cash
ORD5008,2025-08-08 03:20:12.002400,Laptop,Electronics,North,Chandigarh,10,51717.36,10.0,465456.24,367403.4,98052.84,Regular,Debit Card
ORD5009,2025-08-08 06:50:28.925785,External Hard Drive,Electronics,South,Hyderabad,10,6065.77,20.0,48526.16,31673.87,16852.29,New,Net Banking
ORD5010,2025-08-08 10:20:45.849169,Smartphone,Electronics,North,Chandigarh,4,22955.49,25.0,68866.47,49708.87,19157.6,Regular,UPI
ORD5011,2025-08-08 13:51:02.772554,Bluetooth Speaker,Accessories,West,Surat,9,3015.78,10.0,24427.82,18902.45,5525.37,Regular,Net Banking
ORD5012,2025-08-08 17:21:19.695939,Bookshelf,Furniture,West,Surat,9,6751.69,15.0,51650.43,40791.94,10858.49,Premium,UPI
ORD5013,2025-08-08 20:51:36.619323,Laptop,Electronics,Central,Bhopal,7,59490.74,15.0,353969.9,290970.69,62999.21,New,UPI
ORD5014,2025-08-09 00:21:53.542708,Smartphone,Electronics,West,Surat,10,23436.07,20.0,187488.56,125738.83,61749.73,Regular,UPI
ORD5015,2025-08-09 03:52:10.466093,USB Drive,Accessories,North,Jaipur,8,918.52,20.0,5878.53,3856.79,2021.74,Regular,UPI
ORD5016,2025-08-09 07:22:27.389477,Webcam,Electronics,Central,Indore,4,3780.43,10.0,13609.55,11555.35,2054.2,New,Credit Card
ORD5017,2025-08-09 10:52:44.312862,Bookshelf,Furniture,Central,Nagpur,8,6366.07,10.0,45835.7,29879.81,15955.89,New,UPI
ORD5018,2025-08-09 14:23:01.236247,USB Drive,Accessories,East,Kolkata,6,902.93,25.0,4063.18,3113.9,949.28,Regular,Credit Card
ORD5019,2025-08-09 17:53:18.159631,Router,Electronics,West,Surat,3,2475.33,5.0,7054.69,5913.14,1141.55,Regular,Cash
ORD5020,2025-08-09 21:23:35.083016,Mouse,Accessories,Central,Nagpur,7,868.6,15.0,5168.17,4259.29,908.88,Regular,Credit Card
ORD5021,2025-08-10 00:53:52.006401,Router,Electronics,East,Kolkata,3,2581.88,5.0,7358.36,5230.44,2127.92,New,UPI
ORD5022,2025-08-10 04:24:08.929785,Mouse,Accessories,Central,Indore,7,775.87,5.0,5159.54,3918.13,1241.41,Regular,Cash
ORD5023,2025-08-10 07:54:25.853170,Bookshelf,Furniture,North,Chandigarh,5,7296.13,0.0,36480.65,26713.83,9766.82,Regular,Net Banking
ORD5024,2025-08-10 11:24:42.776555,Printer,Electronics,North,Jaipur,4,12198.37,10.0,43914.13,30154.25,13759.88,Regular,Credit Card
ORD5025,2025-08-10 14:54:59.699939,Router,Electronics,East,Patna,3,2423.58,0.0,7270.74,4624.96,2645.78,Regular,Net Banking
ORD5026,2025-08-10 18:25:16.623324,Tablet,Electronics,West,Mumbai,8,23255.09,0.0,186040.72,148990.44,37050.28,Regular,Cash
ORD5027,2025-08-10 21:55:33.546709,Mouse,Accessories,Central,Indore,4,826.91,5.0,3142.26,1956.4,1185.86,Regular,Credit Card
ORD5028,2025-08-11 01:25:50.470094,Router,Electronics,Central,Unknown,8,2252.71,0.0,18021.68,13559.64,4462.04,Regular,UPI
ORD5029,2025-08-11 04:56:07.393478,Mouse,Accessories,South,Bengaluru,10,858.42,25.0,6438.15,4819.55,1618.6,Regular,Credit Card
ORD5030,2025-08-11 08:26:24.316863,Laptop,Electronics,North,Lucknow,3,53868.01,10.0,145443.63,99440.69,46002.94,New,UPI
ORD5031,2025-08-11 11:56:41.240248,Router,Electronics,Central,Bhopal,10,2572.72,5.0,24440.84,15491.88,8948.96,Regular,Debit Card
ORD5032,2025-08-11 15:26:58.163632,Router,Electronics,West,Surat,9,2448.38,10.0,19831.88,15863.7,3968.18,New,Credit Card
ORD5033,2025-08-11 18:57:15.087017,Office Chair,Furniture,North,Jaipur,6,9686.45,25.0,43589.02,31187.12,12401.9,Regular,Credit Card
ORD5034,2025-08-11 22:27:32.010402,Tablet,Electronics,East,Patna,5,22663.68,20.0,90654.72,70830.18,19824.54,Premium,Net Banking
ORD5035,2025-08-12 01:57:48.933786,Webcam,Electronics,West,Pune,5,3555.57,0.0,17777.85,10739.98,7037.87,Regular,Net Banking
ORD5036,2025-08-12 05:28:05.857171,Office Chair,Furniture,West,Surat,3,9864.48,5.0,28113.77,17391.9,10721.87,New,Cash
ORD5037,2025-08-12 08:58:22.780556,USB Drive,Accessories,East,Patna,2,860.52,15.0,1462.88,942.04,520.84,New,UPI
ORD5038,2025-08-12 12:28:39.703940,Smartwatch,Accessories,South,Bengaluru,6,5478.31,10.0,29582.87,18591.64,10991.23,New,Net Banking
ORD5039,2025-08-12 15:58:56.627325,Laptop,Electronics,Central,Indore,1,55176.11,25.0,41382.08,26812.55,14569.53,New,Cash
ORD5040,2025-08-12 19:29:13.550710,USB Drive,Accessories,West,Ahmedabad,7,886.32,0.0,6204.24,4787.33,1416.91,Regular,UPI
ORD5041,2025-08-12 22:59:30.474094,Smartwatch,Accessories,East,Kolkata,5,5945.15,10.0,26753.18,16366.24,10386.94,Regular,UPI
ORD5042,2025-08-13 02:29:47.397479,Bluetooth Speaker,Accessories,South,Hyderabad,4,3072.06,25.0,9216.18,5616.95,3599.23,New,UPI
ORD5043,2025-08-13 06:00:04.320864,Office Desk,Furniture,West,Surat,9,12276.29,10.0,99437.95,60449.63,38988.32,New,Debit Card
ORD5044,2025-08-13 09:30:21.244248,Bluetooth Speaker,Accessories,South,Bengaluru,10,2935.36,20.0,23482.88,18185.43,5297.45,Regular,UPI
ORD5045,2025-08-13 13:00:38.167633,Smartwatch,Accessories,North,Delhi,1,6435.45,25.0,4826.59,3542.88,1283.71,Regular,Cash
ORD5046,2025-08-13 16:30:55.091018,Mouse,Accessories,East,Patna,4,824.23,10.0,2967.23,2054.99,912.24,Regular,UPI
ORD5047,2025-08-13 20:01:12.014402,Backpack,Accessories,South,Hyderabad,3,1940.37,20.0,4656.89,3580.69,1076.2,New,UPI
ORD5048,2025-08-13 23:31:28.937787,Bluetooth Speaker,Accessories,West,Mumbai,6,3247.89,20.0,15589.87,11511.58,4078.29,Regular,Cash
ORD5049,2025-08-14 03:01:45.861172,Bluetooth Speaker,Accessories,North,Chandigarh,5,2800.39,20.0,11201.56,6741.48,4460.08,Regular,Credit Card
ORD5050,2025-08-14 06:32:02.784556,Smartphone,Electronics,West,Mumbai,7,25902.81,0.0,181319.67,146803.19,34516.48,New,UPI
ORD5051,2025-08-14 10:02:19.707941,Smartwatch,Accessories,South,Chennai,1,5781.01,25.0,4335.76,2981.03,1354.73,New,Cash
ORD5052,2025-08-14 13:32:36.631326,Bookshelf,Furniture,North,Chandigarh,5,7471.0,10.0,33619.5,23529.96,10089.54,Regular,Net Banking
ORD5053,2025-08-14 17:02:53.554710,Webcam,Electronics,North,Chandigarh,2,3663.0,10.0,6593.4,5245.53,1347.87,Regular,Cash
ORD5054,2025-08-14 20:33:10.478095,Tablet,Electronics,Central,Nagpur,2,20674.49,25.0,31011.74,20057.55,10954.19,New,Debit Card
ORD5055,2025-08-15 00:03:27.401480,Office Chair,Furniture,Central,Bhopal,2,9789.72,20.0,15663.55,9437.57,6225.98,Regular,Net Banking
ORD5056,2025-08-15 03:33:44.324864,Backpack,Accessories,South,Bengaluru,9,1866.05,10.0,15115.0,12503.27,2611.73,New,Credit Card
ORD5057,2025-08-15 07:04:01.248249,Headphones,Accessories,West,Ahmedabad,10,3269.18,10.0,29422.62,21371.7,8050.92,Regular,Credit Card
ORD5058,2025-08-15 10:34:18.171634,External Hard Drive,Electronics,West,Surat,3,6112.48,20.0,14669.95,10083.86,4586.09,Regular,Cash
ORD5059,2025-08-15 14:04:35.095019,Bluetooth Speaker,Accessories,Central,Nagpur,4,3221.82,15.0,10954.19,8815.51,2138.68,Regular,Cash
ORD5060,2025-08-15 17:34:52.018403,USB Drive,Accessories,South,Chennai,5,930.25,15.0,3953.56,2398.13,1555.43,Premium,UPI
ORD5061,2025-08-15 21:05:08.941788,Smartphone,Electronics,West,Pune,4,25261.43,20.0,80836.58,52590.07,28246.51,Premium,UPI
ORD5062,2025-08-16 00:35:25.865173,Headphones,Accessories,North,Chandigarh,4,3192.31,0.0,12769.24,8157.27,4611.97,New,Debit Card
ORD5063,2025-08-16 04:05:42.788557,Keyboard,Accessories,South,Chennai,5,1539.86,10.0,6929.37,5435.8,1493.57,Regular,UPI
ORD5064,2025-08-16 07:35:59.711942,Office Desk,Furniture,Central,Bhopal,10,12407.04,10.0,111663.36,75710.18,35953.18,Regular,Cash
ORD5065,2025-08-16 11:06:16.635327,Webcam,Electronics,East,Bhubaneswar,9,3327.57,15.0,25455.91,20192.31,5263.6,Regular,Cash
ORD5066,2025-08-16 14:36:33.558711,Headphones,Accessories,South,Bengaluru,9,3190.23,20.0,22969.66,14019.97,8949.69,Regular,UPI
ORD5067,2025-08-16 18:06:50.482096,Monitor,Electronics,North,Chandigarh,6,15450.91,25.0,69529.1,52287.89,17241.21,Premium,Debit Card
ORD5068,2025-08-16 21:37:07.405481,Webcam,Electronics,West,Mumbai,3,3741.07,25.0,8417.41,5720.09,2697.32,Regular,Cash
ORD5069,2025-08-17 01:07:24.328865,Gaming Mouse,Accessories,West,Pune,6,2134.67,0.0,12808.02,8283.33,4524.69,New,Debit Card
ORD5070,2025-08-17 04:37:41.252250,Router,Electronics,South,Bengaluru,10,2415.86,20.0,19326.88,15542.51,3784.37,Regular,Cash
ORD5071,2025-08-17 08:07:58.175635,Bookshelf,Furniture,Central,Indore,4,6333.46,15.0,21533.76,15139.58,6394.18,Premium,Debit Card
ORD5072,2025-08-17 11:38:15.099019,External Hard Drive,Electronics,North,Lucknow,3,6849.19,15.0,17465.43,12975.2,4490.23,Regular,Debit Card
ORD5073,2025-08-17 15:08:32.022404,Smartphone,Electronics,South,Bengaluru,6,24151.57,10.0,130418.48,79329.77,51088.71,Regular,Debit Card
ORD5074,2025-08-17 18:38:48.945789,Bookshelf,Furniture,Central,Bhopal,6,6758.1,5.0,38521.17,30736.28,7784.89,Premium,UPI
ORD5075,2025-08-17 22:09:05.869173,Bookshelf,Furniture,South,Bengaluru,2,7264.16,0.0,14528.32,9758.97,4769.35,Premium,Credit Card
ORD5076,2025-08-18 01:39:22.792558,Webcam,Electronics,South,Chennai,9,3327.01,0.0,29943.09,23156.53,6786.56,Premium,Debit Card
ORD5077,2025-08-18 05:09:39.715943,Gaming Mouse,Accessories,East,Bhubaneswar,8,2379.97,5.0,18087.77,14291.48,3796.29,Regular,Debit Card
ORD5078,2025-08-18 08:39:56.639327,Power Bank,Accessories,Central,Indore,6,1813.7,25.0,8161.65,5135.96,3025.69,Regular,Cash
ORD5079,2025-08-18 12:10:13.562712,Tablet,Electronics,North,Chandigarh,1,24065.7,25.0,18049.28,12164.77,5884.51,Regular,Credit Card
ORD5080,2025-08-18 15:40:30.486097,Bluetooth Speaker,Accessories,Central,Bhopal,2,2746.0,25.0,4119.0,3216.36,902.64,New,Cash
ORD5081,2025-08-18 19:10:47.409481,Tablet,Electronics,West,Mumbai,4,21282.03,15.0,72358.9,47615.37,24743.53,Regular,Cash
ORD5082,2025-08-18 22:41:04.332866,Backpack,Accessories,North,Lucknow,7,1757.33,20.0,9841.05,7991.36,1849.69,Regular,Debit Card
ORD5083,2025-08-19 02:11:21.256251,Headphones,Accessories,West,Mumbai,9,3138.25,0.0,28244.25,19149.41,9094.84,Premium,Net Banking
ORD5084,2025-08-19 05:41:38.179635,Monitor,Electronics,South,Hyderabad,10,14138.89,5.0,134319.45,94101.86,40217.59,Premium,Credit Card
ORD5085,2025-08-19 09:11:55.103020,Gaming Mouse,Accessories,East,Bhubaneswar,5,2145.15,10.0,9653.18,6032.62,3620.56,New,Cash
ORD5086,2025-08-19 12:42:12.026405,Office Chair,Furniture,West,Pune,10,9739.16,10.0,87652.44,55827.49,31824.95,Regular,Net Banking
ORD5087,2025-08-19 16:12:28.949789,Office Chair,Furniture,Central,Indore,2,8306.19,15.0,14120.52,9444.59,4675.93,Regular,Net Banking
ORD5088,2025-08-19 19:42:45.873174,Office Chair,Furniture,North,Delhi,1,9441.58,0.0,9441.58,5780.39,3661.19,Premium,Cash
ORD5089,2025-08-19 23:13:02.796559,Smartphone,Electronics,East,Kolkata,10,26012.43,20.0,208099.44,134902.14,73197.3,New,Debit Card
ORD5090,2025-08-20 02:43:19.719943,Router,Electronics,East,Patna,1,2315.25,0.0,2315.25,1625.85,689.4,Regular,UPI
ORD5091,2025-08-20 06:13:36.643328,Smartwatch,Accessories,South,Chennai,5,6226.19,25.0,23348.21,16226.79,7121.42,Regular,Cash
ORD5092,2025-08-20 09:43:53.566713,Smartphone,Electronics,South,Chennai,7,25348.92,10.0,159698.2,103751.7,55946.5,Premium,Debit Card
ORD5093,2025-08-20 13:14:10.490098,Webcam,Electronics,North,Jaipur,9,3351.27,0.0,30161.43,18703.48,11457.95,Regular,Credit Card
ORD5094,2025-08-20 16:44:27.413482,USB Drive,Accessories,West,Pune,9,866.01,10.0,7014.68,4766.73,2247.95,Regular,Debit Card
ORD5095,2025-08-20 20:14:44.336867,Monitor,Electronics,East,Bhubaneswar,8,15998.98,5.0,121592.25,95612.44,25979.81,Premium,Net Banking
ORD5096,2025-08-20 23:45:01.260252,Headphones,Accessories,North,Jaipur,1,2838.61,5.0,2696.68,1961.9,734.78,Regular,Credit Card
ORD5097,2025-08-21 03:15:18.183636,Smartwatch,Accessories,Central,Bhopal,5,6015.34,10.0,27069.03,22648.68,4420.35,New,Credit Card
ORD5098,2025-08-21 06:45:35.107021,Printer,Electronics,Central,Indore,6,12434.76,20.0,59686.85,37899.45,21787.4,New,UPI
ORD5099,2025-08-21 10:15:52.030406,USB Drive,Accessories,East,Bhubaneswar,6,833.38,20.0,4000.22,2607.46,1392.76,Regular,UPI
ORD5100,2025-08-21 13:46:08.953790,Bookshelf,Furniture,South,Bengaluru,4,7605.3,0.0,30421.2,20384.48,10036.72,Regular,Cash
ORD5101,2025-08-21 17:16:25.877175,Mouse,Accessories,West,Ahmedabad,1,761.7,10.0,685.53,413.55,271.98,Regular,Debit Card
ORD5102,2025-08-21 20:46:42.800560,Gaming Mouse,Accessories,South,Chennai,3,2120.29,15.0,5406.74,4519.2,887.54,Regular,Cash
ORD5103,2025-08-22 00:16:59.723944,Router,Electronics,South,Chennai,10,2583.06,20.0,20664.48,14699.49,5964.99,Premium,UPI
ORD5104,2025-08-22 03:47:16.647329,Tablet,Electronics,West,Ahmedabad,4,20144.04,20.0,64460.93,46438.45,18022.48,Regular,Net Banking
ORD5105,2025-08-22 07:17:33.570714,Printer,Electronics,North,Lucknow,4,12306.27,25.0,36918.81,23608.26,13310.55,Regular,UPI
ORD5106,2025-08-22 10:47:50.494098,Bluetooth Speaker,Accessories,North,Unknown,4,3249.62,5.0,12348.56,10103.28,2245.28,New,Debit Card
ORD5107,2025-08-22 14:18:07.417483,Office Desk,Furniture,North,Jaipur,5,11397.82,20.0,45591.28,35249.27,10342.01,Regular,Net Banking
ORD5108,2025-08-22 17:48:24.340868,Mouse,Accessories,North,Jaipur,9,777.91,20.0,5600.95,3964.58,1636.37,New,Cash
ORD5109,2025-08-22 21:18:41.264252,Smartwatch,Accessories,North,Lucknow,4,5678.8,25.0,17036.4,13961.21,3075.19,Regular,Cash
ORD5110,2025-08-23 00:48:58.187637,Keyboard,Accessories,Central,Nagpur,9,1595.63,20.0,11488.54,9493.72,1994.82,Regular,UPI
ORD5111,2025-08-23 04:19:15.111022,Router,Electronics,South,Bengaluru,9,2333.8,25.0,15753.15,9646.76,6106.39,New,UPI
ORD5112,2025-08-23 07:49:32.034406,USB Drive,Accessories,North,Chandigarh,1,872.39,10.0,785.15,494.51,290.64,Regular,Cash
ORD5113,2025-08-23 11:19:48.957791,Tablet,Electronics,South,Hyderabad,5,22444.5,10.0,101000.25,61297.77,39702.48,Regular,Cash
ORD5114,2025-08-23 14:50:05.881176,Monitor,Electronics,Central,Nagpur,9,14713.66,5.0,125801.79,93776.75,32025.04,Regular,Credit Card
ORD5115,2025-08-23 18:20:22.804560,Power Bank,Accessories,East,Patna,4,1643.57,0.0,6574.28,4302.77,2271.51,Regular,Debit Card
ORD5116,2025-08-23 21:50:39.727945,Printer,Electronics,South,Chennai,5,13074.53,25.0,49029.49,39774.29,9255.2,Premium,Credit Card
ORD5117,2025-08-24 01:20:56.651330,Power Bank,Accessories,Central,Indore,4,1741.64,20.0,5573.25,3993.11,1580.14,Premium,Credit Card
ORD5118,2025-08-24 04:51:13.574714,Office Desk,Furniture,South,Chennai,2,11869.56,0.0,23739.12,19215.1,4524.02,Regular,Cash
ORD5119,2025-08-24 08:21:30.498099,Power Bank,Accessories,South,Bengaluru,10,1680.32,10.0,15122.88,11174.32,3948.56,Regular,Debit Card
ORD5120,2025-08-24 11:51:47.421484,Bookshelf,Furniture,South,Bengaluru,2,7511.49,20.0,12018.38,9603.19,2415.19,Regular,Cash
ORD5121,2025-08-24 15:22:04.344868,Office Chair,Furniture,South,Hyderabad,2,8624.57,0.0,17249.14,11953.03,5296.11,Regular,Credit Card
ORD5122,2025-08-24 18:52:21.268253,USB Drive,Accessories,South,Chennai,1,813.57,25.0,610.18,510.32,99.86,Regular,Credit Card
ORD5123,2025-08-24 22:22:38.191638,Headphones,Accessories,West,Mumbai,3,2889.84,25.0,6502.14,4985.77,1516.37,Regular,Cash
ORD5124,2025-08-25 01:52:55.115023,Headphones,Accessories,South,Chennai,10,3290.44,0.0,32904.4,24641.2,8263.2,New,UPI
ORD5125,2025-08-25 05:23:12.038407,Headphones,Accessories,West,Pune,1,2788.11,25.0,2091.08,1438.85,652.23,Premium,UPI
ORD5126,2025-08-25 08:53:28.961792,Bookshelf,Furniture,North,Jaipur,4,6343.68,15.0,21568.51,17994.52,3573.99,Regular,Cash
ORD5127,2025-08-25 12:23:45.885177,Smartphone,Electronics,North,Delhi,1,25390.88,10.0,22851.79,15640.53,7211.26,Regular,Net Banking
ORD5128,2025-08-25 15:54:02.808561,Office Desk,Furniture,East,Bhubaneswar,4,11692.0,5.0,44429.6,35941.99,8487.61,Regular,Net Banking
ORD5129,2025-08-25 19:24:19.731946,Power Bank,Accessories,Central,Bhopal,3,1906.19,5.0,5432.64,3808.7,1623.94,New,UPI
ORD5130,2025-08-25 22:54:36.655331,Office Desk,Furniture,South,Hyderabad,9,12556.53,15.0,96057.45,76057.9,19999.55,Regular,Debit Card
ORD5131,2025-08-26 02:24:53.578715,Office Chair,Furniture,West,Surat,1,8433.75,0.0,8433.75,6982.89,1450.86,Regular,Credit Card
ORD5132,2025-08-26 05:55:10.502100,Webcam,Electronics,South,Chennai,8,3545.24,25.0,21271.44,15238.9,6032.54,Regular,Debit Card
ORD5133,2025-08-26 09:25:27.425485,USB Drive,Accessories,North,Chandigarh,9,815.84,15.0,6241.18,4565.63,1675.55,New,UPI
ORD5134,2025-08-26 12:55:44.348869,Router,Electronics,North,Chandigarh,7,2469.74,15.0,14694.95,10030.56,4664.39,New,Cash
ORD5135,2025-08-26 16:26:01.272254,Smartphone,Electronics,South,Chennai,1,26070.27,25.0,19552.7,11998.98,7553.72,Regular,Net Banking
ORD5136,2025-08-26 19:56:18.195639,External Hard Drive,Electronics,North,Chandigarh,4,6389.45,10.0,23002.02,17553.31,5448.71,New,UPI
ORD5137,2025-08-26 23:26:35.119023,Office Desk,Furniture,North,Delhi,10,11083.09,25.0,83123.17,52360.17,30763.0,Regular,Debit Card
ORD5138,2025-08-27 02:56:52.042408,Bluetooth Speaker,Accessories,West,Mumbai,1,2736.92,25.0,2052.69,1413.31,639.38,New,Debit Card
ORD5139,2025-08-27 06:27:08.965793,External Hard Drive,Electronics,North,Chandigarh,4,6959.76,20.0,22271.23,15308.65,6962.58,Regular,UPI
ORD5140,2025-08-27 09:57:25.889177,Router,Electronics,West,Pune,3,2695.66,0.0,8086.98,5157.48,2929.5,Regular,Credit Card
ORD5141,2025-08-27 13:27:42.812562,Keyboard,Accessories,South,Hyderabad,2,1452.93,5.0,2760.57,2116.47,644.1,Premium,Debit Card
ORD5142,2025-08-27 16:57:59.735947,Webcam,Electronics,East,Kolkata,1,3264.92,5.0,3101.67,1996.39,1105.28,Regular,Credit Card
ORD5143,2025-08-27 20:28:16.659331,Tablet,Electronics,West,Pune,6,24105.91,15.0,122940.14,97686.28,25253.86,Regular,Credit Card
ORD5144,2025-08-27 23:58:33.582716,Keyboard,Accessories,South,Bengaluru,7,1513.76,15.0,9006.87,5965.43,3041.44,New,Cash
ORD5145,2025-08-28 03:28:50.506101,Tablet,Electronics,South,Chennai,6,21897.28,15.0,111676.13,75026.47,36649.66,Regular,UPI
ORD5146,2025-08-28 06:59:07.429485,Laptop,Electronics,West,Pune,9,57657.69,0.0,518919.21,355943.33,162975.88,Premium,UPI
ORD5147,2025-08-28 10:29:24.352870,Bookshelf,Furniture,Central,Bhopal,9,6536.42,15.0,50003.61,31911.71,18091.9,New,Credit Card
ORD5148,2025-08-28 13:59:41.276255,Backpack,Accessories,North,Chandigarh,2,1828.8,15.0,3108.96,2202.9,906.06,New,Cash
ORD5149,2025-08-28 17:29:58.199639,Bookshelf,Furniture,North,Chandigarh,2,7546.23,20.0,12073.97,7486.84,4587.13,New,Debit Card
ORD5150,2025-08-28 21:00:15.123024,Monitor,Electronics,Central,Bhopal,9,13569.21,0.0,122122.89,86313.9,35808.99,Regular,Debit Card
ORD5151,2025-08-29 00:30:32.046409,Mouse,Accessories,South,Chennai,1,827.67,10.0,744.9,510.24,234.66,Regular,UPI
ORD5152,2025-08-29 04:00:48.969793,Power Bank,Accessories,West,Surat,5,1818.51,10.0,8183.29,5602.01,2581.28,New,Credit Card
ORD5153,2025-08-29 07:31:05.893178,Mouse,Accessories,South,Chennai,1,872.13,25.0,654.1,500.5,153.6,New,Cash
ORD5154,2025-08-29 11:01:22.816563,Webcam,Electronics,North,Jaipur,7,3331.09,20.0,18654.1,14778.82,3875.28,Premium,Cash
ORD5155,2025-08-29 14:31:39.739947,Webcam,Electronics,West,Mumbai,9,3751.22,5.0,32072.93,22098.24,9974.69,Regular,Debit Card
ORD5156,2025-08-29 18:01:56.663332,Monitor,Electronics,East,Patna,6,14426.96,25.0,64921.32,43205.38,21715.94,Regular,Debit Card
ORD5157,2025-08-29 21:32:13.586717,Keyboard,Accessories,South,Hyderabad,2,1478.96,10.0,2662.13,1926.28,735.85,Premium,Net Banking
ORD5158,2025-08-30 01:02:30.510102,Gaming Mouse,Accessories,East,Bhubaneswar,6,2073.85,0.0,12443.1,9916.28,2526.82,Regular,Net Banking
ORD5159,2025-08-30 04:32:47.433486,Printer,Electronics,West,Ahmedabad,9,12872.62,5.0,110060.9,83772.11,26288.79,Premium,Credit Card
ORD5160,2025-08-30 08:03:04.356871,Gaming Mouse,Accessories,West,Surat,3,2065.98,15.0,5268.25,3211.0,2057.25,Premium,Net Banking
ORD5161,2025-08-30 11:33:21.280256,Office Desk,Furniture,North,Delhi,9,12861.63,0.0,115754.67,83341.32,32413.35,New,Cash
ORD5162,2025-08-30 15:03:38.203640,Laptop,Electronics,East,Bhubaneswar,8,54511.75,5.0,414289.3,351210.14,63079.16,Regular,Net Banking
ORD5163,2025-08-30 18:33:55.127025,Headphones,Accessories,West,Mumbai,7,3201.05,10.0,20166.62,13880.32,6286.3,Regular,UPI
ORD5164,2025-08-30 22:04:12.050410,Laptop,Electronics,West,Surat,8,52409.37,25.0,314456.22,223320.27,91135.95,Premium,UPI
ORD5165,2025-08-31 01:34:28.973794,Printer,Electronics,West,Mumbai,10,11118.55,15.0,94507.68,63495.14,31012.54,Regular,Debit Card
ORD5166,2025-08-31 05:04:45.897179,Keyboard,Accessories,North,Lucknow,6,1516.49,15.0,7734.1,5602.77,2131.33,Regular,Debit Card
ORD5167,2025-08-31 08:35:02.820564,Tablet,Electronics,West,Surat,3,22041.52,0.0,66124.56,42334.95,23789.61,Premium,Credit Card
ORD5168,2025-08-31 12:05:19.743948,Webcam,Electronics,West,Pune,7,3399.63,25.0,17848.06,11811.01,6037.05,Regular,UPI
ORD5169,2025-08-31 15:35:36.667333,Printer,Electronics,North,Jaipur,4,12390.77,15.0,42128.62,32773.29,9355.33,Premium,Credit Card
ORD5170,2025-08-31 19:05:53.590718,Backpack,Accessories,East,Kolkata,10,1654.25,5.0,15715.38,9972.54,5742.84,Regular,Credit Card
ORD5171,2025-08-31 22:36:10.514102,External Hard Drive,Electronics,South,Chennai,5,6658.6,20.0,26634.4,22147.46,4486.94,Premium,Net Banking
ORD5172,2025-09-01 02:06:27.437487,USB Drive,Accessories,West,Surat,8,848.12,10.0,6106.46,4134.01,1972.45,New,Debit Card
ORD5173,2025-09-01 05:36:44.360872,Keyboard,Accessories,South,Chennai,7,1388.69,0.0,9720.83,7229.93,2490.9,Regular,Credit Card
ORD5174,2025-09-01 09:07:01.284256,Backpack,Accessories,West,Ahmedabad,7,1947.46,25.0,10224.17,6957.11,3267.06,Regular,Credit Card
ORD5175,2025-09-01 12:37:18.207641,Headphones,Accessories,Central,Indore,8,2975.88,20.0,19045.63,13703.48,5342.15,Regular,Debit Card
ORD5176,2025-09-01 16:07:35.131026,Mouse,Accessories,West,Mumbai,10,842.15,20.0,6737.2,5564.59,1172.61,New,Debit Card
ORD5177,2025-09-01 19:37:52.054410,Headphones,Accessories,Central,Bhopal,3,2753.47,0.0,8260.41,5097.87,3162.54,Regular,UPI
ORD5178,2025-09-01 23:08:08.977795,Bookshelf,Furniture,Central,Nagpur,3,6380.45,5.0,18184.28,14803.56,3380.72,New,Debit Card
ORD5179,2025-09-02 02:38:25.901180,Keyboard,Accessories,North,Delhi,2,1498.46,25.0,2247.69,1661.93,585.76,Regular,Net Banking
ORD5180,2025-09-02 06:08:42.824564,External Hard Drive,Electronics,West,Ahmedabad,1,6260.22,10.0,5634.2,4317.31,1316.89,Regular,UPI
ORD5181,2025-09-02 09:38:59.747949,Smartphone,Electronics,East,Kolkata,10,22524.54,0.0,225245.4,138294.32,86951.08,Premium,Credit Card
ORD5182,2025-09-02 13:09:16.671334,Headphones,Accessories,Central,Bhopal,6,2809.98,25.0,12644.91,9993.9,2651.01,New,Net Banking
ORD5183,2025-09-02 16:39:33.594718,Office Chair,Furniture,South,Chennai,6,8493.8,20.0,40770.24,25764.53,15005.71,Regular,Net Banking
ORD5184,2025-09-02 20:09:50.518103,Laptop,Electronics,Central,Indore,10,52673.57,20.0,421388.56,354474.29,66914.27,New,UPI
ORD5185,2025-09-02 23:40:07.441488,Keyboard,Accessories,West,Surat,8,1613.26,0.0,12906.08,10322.56,2583.52,Regular,Credit Card
ORD5186,2025-09-03 03:10:24.364872,USB Drive,Accessories,West,Surat,6,885.71,25.0,3985.7,2882.53,1103.17,Regular,UPI
ORD5187,2025-09-03 06:40:41.288257,Gaming Mouse,Accessories,North,Chandigarh,6,2278.95,20.0,10938.96,9090.73,1848.23,Regular,Cash
ORD5188,2025-09-03 10:10:58.211642,Office Desk,Furniture,North,Lucknow,1,10844.15,0.0,10844.15,6964.85,3879.3,Regular,Cash
ORD5189,2025-09-03 13:41:15.135027,Office Chair,Furniture,West,Mumbai,7,9565.07,0.0,66955.49,56772.63,10182.86,Regular,UPI
ORD5190,2025-09-03 17:11:32.058411,Power Bank,Accessories,North,Delhi,7,1706.52,10.0,10751.08,8377.29,2373.79,Regular,Credit Card
ORD5191,2025-09-03 20:41:48.981796,Tablet,Electronics,Central,Indore,10,21159.77,0.0,211597.7,132162.76,79434.94,Regular,Credit Card
ORD5192,2025-09-04 00:12:05.905181,Bookshelf,Furniture,North,Lucknow,9,6363.36,25.0,42952.68,31533.62,11419.06,Regular,Debit Card
ORD5193,2025-09-04 03:42:22.828565,Tablet,Electronics,West,Mumbai,7,21602.65,25.0,113413.91,88204.16,25209.75,Regular,Net Banking
ORD5194,2025-09-04 07:12:39.751950,Webcam,Electronics,South,Hyderabad,8,3746.8,20.0,23979.52,18062.71,5916.81,New,UPI
ORD5195,2025-09-04 10:42:56.675335,USB Drive,Accessories,West,Ahmedabad,4,878.17,15.0,2985.78,2107.92,877.86,Premium,Net Banking
ORD5196,2025-09-04 14:13:13.598719,Bookshelf,Furniture,West,Pune,9,7572.05,10.0,61333.6,40605.03,20728.57,Premium,Net Banking
ORD5197,2025-09-04 17:43:30.522104,Router,Electronics,South,Hyderabad,1,2683.72,25.0,2012.79,1327.55,685.24,Regular,Cash
ORD5198,2025-09-04 21:13:47.445489,Tablet,Electronics,North,Chandigarh,8,20072.63,20.0,128464.83,106849.03,21615.8,Premium,Cash
ORD5199,2025-09-05 00:44:04.368873,Gaming Mouse,Accessories,North,Lucknow,3,2114.32,20.0,5074.37,3342.41,1731.96,Regular,UPI
ORD5200,2025-09-05 04:14:21.292258,Office Chair,Furniture,West,Mumbai,1,9738.75,10.0,8764.88,7367.77,1397.11,Regular,UPI
ORD5201,2025-09-05 07:44:38.215643,Bluetooth Speaker,Accessories,East,Bhubaneswar,2,2717.89,0.0,5435.78,3192.44,2243.34,Regular,Credit Card
ORD5202,2025-09-05 11:14:55.139027,Office Chair,Furniture,West,Ahmedabad,6,9478.45,20.0,45496.56,31668.83,13827.73,Premium,UPI
ORD5203,2025-09-05 14:45:12.062412,USB Drive,Accessories,East,Kolkata,5,973.16,15.0,4135.93,2494.3,1641.63,Regular,Credit Card
ORD5204,2025-09-05 18:15:28.985797,Tablet,Electronics,East,Patna,3,23190.16,5.0,66091.96,54577.81,11514.15,Regular,Credit Card
ORD5205,2025-09-05 21:45:45.909181,Keyboard,Accessories,South,Chennai,9,1573.14,20.0,11326.61,7091.45,4235.16,Regular,UPI
ORD5206,2025-09-06 01:16:02.832566,Backpack,Accessories,North,Lucknow,8,1923.61,10.0,13849.99,9547.25,4302.74,Regular,Credit Card
ORD5207,2025-09-06 04:46:19.755951,External Hard Drive,Electronics,South,Bengaluru,3,6715.53,0.0,20146.59,16331.42,3815.17,Regular,Net Banking
ORD5208,2025-09-06 08:16:36.679335,Router,Electronics,Central,Bhopal,2,2461.55,0.0,4923.1,3928.51,994.59,Regular,Credit Card
ORD5209,2025-09-06 11:46:53.602720,Monitor,Electronics,Central,Bhopal,8,13688.27,10.0,98555.54,79866.97,18688.57,Regular,Net Banking
ORD5210,2025-09-06 15:17:10.526105,Webcam,Electronics,South,Chennai,5,3701.58,10.0,16657.11,13800.86,2856.25,Regular,Net Banking
ORD5211,2025-09-06 18:47:27.449489,Office Chair,Furniture,West,Ahmedabad,9,9729.46,5.0,83186.88,68859.41,14327.47,Premium,Net Banking
ORD5212,2025-09-06 22:17:44.372874,Tablet,Electronics,Central,Indore,1,22050.98,25.0,16538.24,13108.62,3429.62,Premium,Debit Card
ORD5213,2025-09-07 01:48:01.296259,Tablet,Electronics,East,Patna,10,22143.05,10.0,199287.45,148589.9,50697.55,Regular,Debit Card
ORD5214,2025-09-07 05:18:18.219643,USB Drive,Accessories,North,Lucknow,3,882.59,0.0,2647.77,1960.38,687.39,Premium,Credit Card
ORD5215,2025-09-07 08:48:35.143028,Printer,Electronics,North,Chandigarh,5,12856.52,15.0,54640.21,32960.61,21679.6,Premium,UPI
ORD5216,2025-09-07 12:18:52.066413,Power Bank,Accessories,East,Patna,2,1625.33,10.0,2925.59,2283.84,641.75,New,Credit Card
ORD5217,2025-09-07 15:49:08.989797,Bluetooth Speaker,Accessories,Central,Bhopal,3,3074.73,5.0,8762.98,5754.38,3008.6,Premium,Debit Card
ORD5218,2025-09-07 19:19:25.913182,Monitor,Electronics,West,Ahmedabad,4,16222.24,15.0,55155.62,44520.2,10635.42,New,Cash
ORD5219,2025-09-07 22:49:42.836567,Bluetooth Speaker,Accessories,North,Jaipur,4,2761.93,5.0,10495.33,7750.29,2745.04,Regular,Cash
ORD5220,2025-09-08 02:19:59.759951,Office Chair,Furniture,North,Delhi,9,9826.5,15.0,75172.72,63657.16,11515.56,Regular,Credit Card
ORD5221,2025-09-08 05:50:16.683336,Smartphone,Electronics,West,Mumbai,1,27338.39,10.0,24604.55,16056.15,8548.4,Regular,Debit Card
ORD5222,2025-09-08 09:20:33.606721,Power Bank,Accessories,Central,Bhopal,9,1954.72,0.0,17592.48,13737.38,3855.1,Regular,Net Banking
ORD5223,2025-09-08 12:50:50.530106,Office Chair,Furniture,West,Pune,9,8932.58,15.0,68334.24,50354.37,17979.87,Regular,Debit Card
ORD5224,2025-09-08 16:21:07.453490,Gaming Mouse,Accessories,West,Surat,6,2148.51,20.0,10312.85,8590.11,1722.74,New,Credit Card
ORD5225,2025-09-08 19:51:24.376875,USB Drive,Accessories,North,Jaipur,1,937.07,25.0,702.8,468.42,234.38,Premium,Debit Card
ORD5226,2025-09-08 23:21:41.300260,Bluetooth Speaker,Accessories,Central,Bhopal,6,2891.21,5.0,16479.9,10132.82,6347.08,Regular,Cash
ORD5227,2025-09-09 02:51:58.223644,Office Chair,Furniture,West,Ahmedabad,8,8223.02,15.0,55916.54,41152.7,14763.84,Premium,Net Banking
ORD5228,2025-09-09 06:22:15.147029,Backpack,Accessories,South,Hyderabad,5,1944.51,5.0,9236.42,6746.31,2490.11,Regular,Credit Card
ORD5229,2025-09-09 09:52:32.070414,Smartphone,Electronics,West,Pune,5,25674.28,0.0,128371.4,87026.41,41344.99,Regular,Credit Card
ORD5230,2025-09-09 13:22:48.993798,Printer,Electronics,South,Hyderabad,1,11297.17,5.0,10732.31,9086.34,1645.97,Regular,UPI
ORD5231,2025-09-09 16:53:05.917183,Printer,Electronics,North,Lucknow,1,10844.18,5.0,10301.97,6360.72,3941.25,Regular,Net Banking
ORD5232,2025-09-09 20:23:22.840568,Bluetooth Speaker,Accessories,South,Chennai,8,3134.11,20.0,20058.3,14890.88,5167.42,New,Credit Card
ORD5233,2025-09-09 23:53:39.763952,Office Desk,Furniture,North,Lucknow,5,12846.72,5.0,61021.92,40582.89,20439.03,Regular,Debit Card
ORD5234,2025-09-10 03:23:56.687337,External Hard Drive,Electronics,South,Bengaluru,8,6377.34,15.0,43365.91,26040.28,17325.63,New,Debit Card
ORD5235,2025-09-10 06:54:13.610722,Monitor,Electronics,East,Patna,10,13742.69,5.0,130555.56,110575.64,19979.92,Regular,Debit Card
ORD5236,2025-09-10 10:24:30.534106,Router,Electronics,East,Bhubaneswar,2,2574.31,10.0,4633.76,3338.18,1295.58,Premium,Debit Card
ORD5237,2025-09-10 13:54:47.457491,Power Bank,Accessories,East,Patna,4,1726.89,5.0,6562.18,5343.57,1218.61,New,Credit Card
ORD5238,2025-09-10 17:25:04.380876,Gaming Mouse,Accessories,South,Chennai,10,2043.34,10.0,18390.06,14896.26,3493.8,Regular,Cash
ORD5239,2025-09-10 20:55:21.304260,Keyboard,Accessories,North,Chandigarh,9,1503.12,25.0,10146.06,8147.99,1998.07,Regular,Net Banking
ORD5240,2025-09-11 00:25:38.227645,Backpack,Accessories,West,Pune,3,1793.46,5.0,5111.36,3653.37,1457.99,New,Debit Card
ORD5241,2025-09-11 03:55:55.151030,Office Chair,Furniture,South,Chennai,6,9030.19,25.0,40635.85,33483.19,7152.66,New,Credit Card
ORD5242,2025-09-11 07:26:12.074414,Office Chair,Furniture,South,Bengaluru,7,9583.08,5.0,63727.48,44087.82,19639.66,New,Credit Card
ORD5243,2025-09-11 10:56:28.997799,External Hard Drive,Electronics,Central,Nagpur,3,6479.91,15.0,16523.77,11601.28,4922.49,New,Debit Card
ORD5244,2025-09-11 14:26:45.921184,External Hard Drive,Electronics,West,Surat,1,7020.7,10.0,6318.63,4195.1,2123.53,New,UPI
ORD5245,2025-09-11 17:57:02.844568,Office Chair,Furniture,Central,Indore,2,9615.26,25.0,14422.89,10269.4,4153.49,Regular,Credit Card
ORD5246,2025-09-11 21:27:19.767953,Office Desk,Furniture,East,Kolkata,10,12362.68,25.0,92720.1,78499.16,14220.94,Regular,Net Banking
ORD5247,2025-09-12 00:57:36.691338,Printer,Electronics,North,Delhi,7,10936.44,10.0,68899.57,51213.75,17685.82,Regular,Net Banking
ORD5248,2025-09-12 04:27:53.614722,Smartwatch,Accessories,West,Pune,7,6437.93,20.0,36052.41,29122.22,6930.19,Regular,UPI
ORD5249,2025-09-12 07:58:10.538107,Smartwatch,Accessories,South,Chennai,1,6486.69,5.0,6162.36,4103.12,2059.24,Regular,Credit Card
ORD5250,2025-09-12 11:28:27.461492,Power Bank,Accessories,East,Kolkata,10,1755.02,5.0,16672.69,13988.06,2684.63,Regular,UPI
ORD5251,2025-09-12 14:58:44.384876,Bluetooth Speaker,Accessories,North,Delhi,7,3015.69,15.0,17943.36,10825.11,7118.25,Regular,Credit Card
ORD5252,2025-09-12 18:29:01.308261,Laptop,Electronics,Central,Nagpur,10,52591.23,20.0,420729.84,350283.38,70446.46,Regular,Credit Card
ORD5253,2025-09-12 21:59:18.231646,Mouse,Accessories,North,Jaipur,6,722.35,20.0,3467.28,2858.78,608.5,Regular,UPI
ORD5254,2025-09-13 01:29:35.155031,Monitor,Electronics,Central,Bhopal,6,14938.35,15.0,76185.59,46994.25,29191.34,Regular,Cash
ORD5255,2025-09-13 04:59:52.078415,Laptop,Electronics,Central,Indore,7,50922.95,25.0,267345.49,200833.06,66512.43,Premium,Debit Card
ORD5256,2025-09-13 08:30:09.001800,Webcam,Electronics,East,Bhubaneswar,7,3278.33,10.0,20653.48,16446.59,4206.89,New,Debit Card
ORD5257,2025-09-13 12:00:25.925185,Headphones,Accessories,West,Ahmedabad,1,2988.43,25.0,2241.32,1571.06,670.26,Regular,Debit Card
ORD5258,2025-09-13 15:30:42.848569,Office Desk,Furniture,West,Pune,10,12880.89,0.0,128808.9,80243.35,48565.55,Regular,UPI
ORD5259,2025-09-13 19:00:59.771954,External Hard Drive,Electronics,Central,Nagpur,5,6948.02,15.0,29529.09,23840.31,5688.78,Regular,Credit Card
ORD5260,2025-09-13 22:31:16.695339,Webcam,Electronics,East,Kolkata,8,3825.55,10.0,27543.96,19738.68,7805.28,New,Credit Card
ORD5261,2025-09-14 02:01:33.618723,Router,Electronics,West,Surat,8,2491.34,25.0,14948.04,9952.59,4995.45,New,Net Banking
ORD5262,2025-09-14 05:31:50.542108,Backpack,Accessories,East,Patna,3,1818.72,25.0,4092.12,2527.76,1564.36,Premium,Credit Card
ORD5263,2025-09-14 09:02:07.465493,Backpack,Accessories,Central,Indore,3,1915.96,20.0,4598.3,3494.91,1103.39,New,Cash
ORD5264,2025-09-14 12:32:24.388877,External Hard Drive,Electronics,East,Patna,7,6759.58,15.0,40219.5,24557.04,15662.46,Regular,Debit Card
ORD5265,2025-09-14 16:02:41.312262,Gaming Mouse,Accessories,East,Patna,4,2060.44,0.0,8241.76,6575.06,1666.7,Premium,Cash
ORD5266,2025-09-14 19:32:58.235647,External Hard Drive,Electronics,West,Pune,6,6367.63,5.0,36295.49,28771.0,7524.49,Premium,Debit Card
ORD5267,2025-09-14 23:03:15.159031,USB Drive,Accessories,Central,Nagpur,9,977.25,15.0,7475.96,5089.15,2386.81,New,UPI
ORD5268,2025-09-15 02:33:32.082416,Laptop,Electronics,West,Mumbai,10,51107.4,0.0,511074.0,366987.85,144086.15,Regular,Cash
ORD5269,2025-09-15 06:03:49.005801,Office Chair,Furniture,North,Chandigarh,2,8476.84,0.0,16953.68,13008.64,3945.04,New,Credit Card
ORD5270,2025-09-15 09:34:05.929185,Webcam,Electronics,East,Patna,2,3430.46,15.0,5831.78,4897.42,934.36,Regular,Debit Card
ORD5271,2025-09-15 13:04:22.852570,Office Desk,Furniture,Central,Indore,6,13055.7,10.0,70500.78,51468.23,19032.55,Regular,Net Banking
ORD5272,2025-09-15 16:34:39.775955,Headphones,Accessories,West,Mumbai,3,2768.29,15.0,7059.14,5994.41,1064.73,Premium,Cash
ORD5273,2025-09-15 20:04:56.699339,Gaming Mouse,Accessories,Central,Nagpur,1,2276.09,25.0,1707.07,1162.99,544.08,Regular,UPI
ORD5274,2025-09-15 23:35:13.622724,Keyboard,Accessories,North,Jaipur,2,1389.64,20.0,2223.42,1626.71,596.71,Regular,Net Banking
ORD5275,2025-09-16 03:05:30.546109,Tablet,Electronics,East,Patna,7,22107.8,25.0,116065.95,72994.33,43071.62,Regular,UPI
ORD5276,2025-09-16 06:35:47.469493,Bookshelf,Furniture,West,Ahmedabad,4,7051.19,0.0,28204.76,20846.42,7358.34,New,Debit Card
ORD5277,2025-09-16 10:06:04.392878,Bookshelf,Furniture,Central,Bhopal,2,6359.68,0.0,12719.36,9337.01,3382.35,Regular,Cash
ORD5278,2025-09-16 13:36:21.316263,Smartphone,Electronics,North,Delhi,8,27270.59,5.0,207256.48,168334.43,38922.05,New,UPI
ORD5279,2025-09-16 17:06:38.239647,Printer,Electronics,Central,Nagpur,4,12735.89,0.0,50943.56,43258.11,7685.45,Regular,Net Banking
ORD5280,2025-09-16 20:36:55.163032,Router,Electronics,East,Bhubaneswar,4,2401.43,5.0,9125.43,7725.08,1400.35,Regular,Net Banking
ORD5281,2025-09-17 00:07:12.086417,Keyboard,Accessories,North,Chandigarh,2,1389.19,0.0,2778.38,1831.16,947.22,New,Credit Card
ORD5282,2025-09-17 03:37:29.009801,Smartphone,Electronics,South,Hyderabad,1,24228.13,0.0,24228.13,16586.85,7641.28,Regular,UPI
ORD5283,2025-09-17 07:07:45.933186,Monitor,Electronics,South,Bengaluru,1,16182.83,15.0,13755.41,9197.75,4557.66,New,Cash
ORD5284,2025-09-17 10:38:02.856571,Office Chair,Furniture,East,Bhubaneswar,3,8338.83,15.0,21264.02,13819.91,7444.11,New,Cash
ORD5285,2025-09-17 14:08:19.779955,Headphones,Accessories,North,Delhi,6,2909.59,20.0,13966.03,8903.82,5062.21,Premium,Credit Card
ORD5286,2025-09-17 17:38:36.703340,Office Desk,Furniture,North,Chandigarh,7,11986.33,25.0,62928.23,45807.72,17120.51,Premium,Net Banking
ORD5287,2025-09-17 21:08:53.626725,Headphones,Accessories,Central,Nagpur,9,2719.73,10.0,22029.81,18023.13,4006.68,New,UPI
ORD5288,2025-09-18 00:39:10.550110,Office Chair,Furniture,North,Jaipur,5,8582.46,20.0,34329.84,25660.42,8669.42,Regular,Net Banking
ORD5289,2025-09-18 04:09:27.473494,Gaming Mouse,Accessories,South,Chennai,9,2242.08,0.0,20178.72,16509.54,3669.18,Regular,UPI
ORD5290,2025-09-18 07:39:44.396879,Headphones,Accessories,East,Bhubaneswar,8,2894.38,20.0,18524.03,15557.84,2966.19,Regular,UPI
ORD5291,2025-09-18 11:10:01.320264,Headphones,Accessories,East,Bhubaneswar,1,3222.32,15.0,2738.97,1905.74,833.23,Regular,UPI
ORD5292,2025-09-18 14:40:18.243648,Router,Electronics,West,Ahmedabad,3,2718.38,25.0,6116.36,4947.63,1168.73,New,Net Banking
ORD5293,2025-09-18 18:10:35.167033,Gaming Mouse,Accessories,East,Bhubaneswar,8,2174.28,0.0,17394.24,10664.13,6730.11,New,Net Banking
ORD5294,2025-09-18 21:40:52.090418,Gaming Mouse,Accessories,West,Surat,9,2214.09,0.0,19926.81,14352.65,5574.16,New,Net Banking
ORD5295,2025-09-19 01:11:09.013802,USB Drive,Accessories,West,Ahmedabad,4,923.55,20.0,2955.36,2045.33,910.03,New,Debit Card
ORD5296,2025-09-19 04:41:25.937187,Backpack,Accessories,North,Lucknow,6,1859.23,25.0,8366.54,5448.4,2918.14,New,Net Banking
ORD5297,2025-09-19 08:11:42.860572,Office Chair,Furniture,North,Chandigarh,4,8213.86,5.0,31212.67,22148.45,9064.22,Regular,Credit Card
ORD5298,2025-09-19 11:41:59.783956,Mouse,Accessories,East,Kolkata,9,728.59,10.0,5901.58,4195.58,1706.0,Regular,Debit Card
ORD5299,2025-09-19 15:12:16.707341,USB Drive,Accessories,South,Chennai,2,965.81,25.0,1448.72,1162.07,286.65,Regular,UPI
ORD5300,2025-09-19 18:42:33.630726,Bookshelf,Furniture,West,Mumbai,6,6607.82,20.0,31717.54,25920.51,5797.03,Regular,Cash
ORD5301,2025-09-19 22:12:50.554110,Webcam,Electronics,West,Surat,3,3558.87,20.0,8541.29,6527.58,2013.71,New,Debit Card
ORD5302,2025-09-20 01:43:07.477495,USB Drive,Accessories,South,Chennai,10,922.44,10.0,8301.96,6295.77,2006.19,New,Debit Card
ORD5303,2025-09-20 05:13:24.400880,Smartwatch,Accessories,North,Jaipur,4,5597.36,0.0,22389.44,14050.39,8339.05,Premium,UPI
ORD5304,2025-09-20 08:43:41.324264,Tablet,Electronics,South,Chennai,2,23151.03,0.0,46302.06,34440.19,11861.87,New,Net Banking
ORD5305,2025-09-20 12:13:58.247649,Bluetooth Speaker,Accessories,West,Pune,8,3219.57,5.0,24468.73,16360.07,8108.66,Premium,Net Banking
ORD5306,2025-09-20 15:44:15.171034,Gaming Mouse,Accessories,East,Kolkata,10,2105.57,20.0,16844.56,11348.02,5496.54,Regular,Debit Card
ORD5307,2025-09-20 19:14:32.094418,Printer,Electronics,East,Bhubaneswar,8,12906.82,10.0,92929.1,57959.29,34969.81,Premium,Net Banking
ORD5308,2025-09-20 22:44:49.017803,Power Bank,Accessories,North,Lucknow,1,1649.17,20.0,1319.34,1001.34,318.0,Regular,Debit Card
ORD5309,2025-09-21 02:15:05.941188,Router,Electronics,West,Pune,10,2650.23,15.0,22526.96,16804.03,5722.93,New,Cash
ORD5310,2025-09-21 05:45:22.864572,Webcam,Electronics,Central,Indore,6,3598.08,20.0,17270.78,11313.54,5957.24,Regular,Cash
ORD5311,2025-09-21 09:15:39.787957,Headphones,Accessories,South,Hyderabad,1,3049.87,20.0,2439.9,1624.39,815.51,Regular,UPI
ORD5312,2025-09-21 12:45:56.711342,Webcam,Electronics,East,Bhubaneswar,6,3311.09,15.0,16886.56,13395.27,3491.29,Regular,Credit Card
ORD5313,2025-09-21 16:16:13.634726,Backpack,Accessories,Central,Nagpur,7,1750.26,15.0,10414.05,8312.84,2101.21,Regular,Credit Card
ORD5314,2025-09-21 19:46:30.558111,Gaming Mouse,Accessories,South,Chennai,2,2380.53,10.0,4284.95,3099.18,1185.77,New,Net Banking
ORD5315,2025-09-21 23:16:47.481496,Mouse,Accessories,West,Pune,9,794.52,0.0,7150.68,4556.78,2593.9,Regular,Credit Card
ORD5316,2025-09-22 02:47:04.404880,Office Desk,Furniture,North,Delhi,8,12226.51,5.0,92921.48,57044.32,35877.16,Premium,Cash
ORD5317,2025-09-22 06:17:21.328265,Router,Electronics,West,Pune,9,2717.93,15.0,20792.16,13886.4,6905.76,Premium,UPI
ORD5318,2025-09-22 09:47:38.251650,Router,Electronics,North,Delhi,10,2483.24,0.0,24832.4,19438.71,5393.69,Regular,Cash
ORD5319,2025-09-22 13:17:55.175035,Power Bank,Accessories,Central,Indore,4,1759.78,10.0,6335.21,4752.7,1582.51,New,Debit Card
ORD5320,2025-09-22 16:48:12.098419,Bluetooth Speaker,Accessories,West,Surat,4,3235.92,25.0,9707.76,7567.46,2140.3,New,Net Banking
ORD5321,2025-09-22 20:18:29.021804,Backpack,Accessories,West,Mumbai,8,1947.92,20.0,12466.69,8950.3,3516.39,Regular,Net Banking
ORD5322,2025-09-22 23:48:45.945189,Office Chair,Furniture,West,Pune,1,8738.35,10.0,7864.52,6202.56,1661.96,Regular,Credit Card
ORD5323,2025-09-23 03:19:02.868573,Smartphone,Electronics,West,Surat,8,25459.95,10.0,183311.64,132021.31,51290.33,Premium,Debit Card
ORD5324,2025-09-23 06:49:19.791958,External Hard Drive,Electronics,East,Kolkata,7,7102.85,15.0,42261.96,26244.83,16017.13,Regular,Credit Card
ORD5325,2025-09-23 10:19:36.715343,Mouse,Accessories,Central,Bhopal,7,728.88,5.0,4847.05,3005.0,1842.05,Premium,Credit Card
ORD5326,2025-09-23 13:49:53.638727,Office Desk,Furniture,Central,Indore,9,10895.53,15.0,83350.8,67337.08,16013.72,Regular,Credit Card
ORD5327,2025-09-23 17:20:10.562112,Smartphone,Electronics,East,Kolkata,10,25082.9,20.0,200663.2,151983.53,48679.67,Regular,Debit Card
ORD5328,2025-09-23 20:50:27.485497,Gaming Mouse,Accessories,Central,Bhopal,7,2108.15,15.0,12543.49,8401.4,4142.09,Regular,Credit Card
ORD5329,2025-09-24 00:20:44.408881,External Hard Drive,Electronics,West,Surat,2,6606.4,20.0,10570.24,8343.03,2227.21,New,Net Banking
ORD5330,2025-09-24 03:51:01.332266,Keyboard,Accessories,East,Patna,1,1567.29,0.0,1567.29,844.53,722.76,Regular,Credit Card
ORD5331,2025-09-24 07:21:18.255651,Power Bank,Accessories,East,Patna,1,1644.87,25.0,1233.65,939.19,294.46,Premium,Debit Card
ORD5332,2025-09-24 10:51:35.179035,Gaming Mouse,Accessories,South,Hyderabad,7,2368.24,5.0,15748.8,13345.08,2403.72,New,Debit Card
ORD5333,2025-09-24 14:21:52.102420,Webcam,Electronics,North,Chandigarh,5,3343.82,25.0,12539.32,7993.88,4545.44,Regular,Cash
ORD5334,2025-09-24 17:52:09.025805,Printer,Electronics,South,Hyderabad,4,11715.23,0.0,46860.92,29779.47,17081.45,Regular,Credit Card
ORD5335,2025-09-24 21:22:25.949189,Gaming Mouse,Accessories,East,Patna,5,2128.3,5.0,10109.42,7248.04,2861.38,Regular,Debit Card
ORD5336,2025-09-25 00:52:42.872574,Tablet,Electronics,South,Chennai,10,23495.27,15.0,199709.8,151912.33,47797.47,Regular,Credit Card
ORD5337,2025-09-25 04:22:59.795959,Printer,Electronics,East,Patna,10,11209.57,10.0,100886.13,61201.22,39684.91,Premium,UPI
ORD5338,2025-09-25 07:53:16.719343,Headphones,Accessories,Central,Bhopal,6,2717.2,0.0,16303.2,11818.48,4484.72,Regular,Net Banking
ORD5339,2025-09-25 11:23:33.642728,Headphones,Accessories,South,Bengaluru,10,3283.08,10.0,29547.72,18343.01,11204.71,Regular,Net Banking
ORD5340,2025-09-25 14:53:50.566113,Headphones,Accessories,East,Bhubaneswar,6,3288.38,25.0,14797.71,9771.39,5026.32,New,Credit Card
ORD5341,2025-09-25 18:24:07.489497,Office Desk,Furniture,North,Lucknow,1,11418.46,5.0,10847.54,8440.46,2407.08,Regular,Net Banking
ORD5342,2025-09-25 21:54:24.412882,Headphones,Accessories,North,Delhi,2,2705.61,0.0,5411.22,4246.27,1164.95,Regular,Net Banking
ORD5343,2025-09-26 01:24:41.336267,Office Chair,Furniture,West,Pune,3,9262.65,25.0,20840.96,16306.66,4534.3,Regular,UPI
ORD5344,2025-09-26 04:54:58.259651,Backpack,Accessories,West,Ahmedabad,4,1853.45,15.0,6301.73,3883.67,2418.06,New,Net Banking
ORD5345,2025-09-26 08:25:15.183036,Headphones,Accessories,West,Pune,6,3264.21,10.0,17626.73,14043.05,3583.68,Premium,Net Banking
ORD5346,2025-09-26 11:55:32.106421,Power Bank,Accessories,North,Delhi,9,1727.45,15.0,13214.99,9356.9,3858.09,Regular,Debit Card
ORD5347,2025-09-26 15:25:49.029805,Mouse,Accessories,West,Ahmedabad,2,750.32,20.0,1200.51,862.96,337.55,Premium,Net Banking
ORD5348,2025-09-26 18:56:05.953190,Router,Electronics,South,Hyderabad,8,2558.19,0.0,20465.52,14426.61,6038.91,Regular,Credit Card
ORD5349,2025-09-26 22:26:22.876575,Monitor,Electronics,South,Bengaluru,9,15191.01,10.0,123047.18,100191.85,22855.33,New,Net Banking
ORD5350,2025-09-27 01:56:39.799959,Bookshelf,Furniture,North,Chandigarh,2,7304.83,5.0,13879.18,10686.87,3192.31,Regular,Credit Card
ORD5351,2025-09-27 05:26:56.723344,Monitor,Electronics,North,Delhi,9,16155.38,5.0,138128.5,100144.05,37984.45,Premium,Net Banking
ORD5352,2025-09-27 08:57:13.646729,Printer,Electronics,South,Hyderabad,7,12143.39,5.0,80753.54,65295.03,15458.51,Regular,Credit Card
ORD5353,2025-09-27 12:27:30.570114,Monitor,Electronics,North,Delhi,9,13950.23,25.0,94164.05,75457.5,18706.55,Regular,Net Banking
ORD5354,2025-09-27 15:57:47.493498,External Hard Drive,Electronics,Central,Nagpur,6,6627.57,5.0,37777.15,22713.93,15063.22,Premium,Credit Card
ORD5355,2025-09-27 19:28:04.416883,Keyboard,Accessories,South,Bengaluru,2,1462.23,10.0,2632.01,1894.31,737.7,New,Net Banking
ORD5356,2025-09-27 22:58:21.340268,Smartphone,Electronics,North,Jaipur,8,24763.68,25.0,148582.08,90718.5,57863.58,Regular,UPI
ORD5357,2025-09-28 02:28:38.263652,Office Chair,Furniture,North,Lucknow,10,9827.07,20.0,78616.56,53207.42,25409.14,Regular,Debit Card
ORD5358,2025-09-28 05:58:55.187037,Backpack,Accessories,West,Mumbai,9,1819.78,5.0,15559.12,12462.22,3096.9,New,Debit Card
ORD5359,2025-09-28 09:29:12.110422,Printer,Electronics,North,Delhi,8,11159.15,5.0,84809.54,70901.89,13907.65,Regular,Debit Card
ORD5360,2025-09-28 12:59:29.033806,Keyboard,Accessories,Central,Nagpur,2,1482.95,25.0,2224.43,1469.27,755.16,Regular,Debit Card
ORD5361,2025-09-28 16:29:45.957191,Power Bank,Accessories,Central,Nagpur,8,1702.23,5.0,12936.95,7831.46,5105.49,Regular,UPI
ORD5362,2025-09-28 20:00:02.880576,Headphones,Accessories,South,Bengaluru,3,2781.29,20.0,6675.1,4676.47,1998.63,New,UPI
ORD5363,2025-09-28 23:30:19.803960,Backpack,Accessories,East,Patna,3,1876.4,25.0,4221.9,2886.85,1335.05,Regular,Net Banking
ORD5364,2025-09-29 03:00:36.727345,Tablet,Electronics,North,Jaipur,9,22565.7,25.0,152318.48,117169.7,35148.78,Regular,UPI
ORD5365,2025-09-29 06:30:53.650730,Office Desk,Furniture,West,Mumbai,9,11994.69,0.0,107952.21,78131.97,29820.24,Regular,Debit Card
ORD5366,2025-09-29 10:01:10.574114,USB Drive,Accessories,East,Bhubaneswar,9,886.18,25.0,5981.72,4185.48,1796.24,Regular,Cash
ORD5367,2025-09-29 13:31:27.497499,Router,Electronics,South,Bengaluru,4,2411.11,5.0,9162.22,6023.14,3139.08,New,Net Banking
ORD5368,2025-09-29 17:01:44.420884,Laptop,Electronics,South,Hyderabad,7,50468.1,25.0,264957.53,213852.55,51104.98,Regular,Credit Card
ORD5369,2025-09-29 20:32:01.344268,Power Bank,Accessories,West,Pune,8,1727.74,5.0,13130.82,8693.88,4436.94,Regular,Debit Card
ORD5370,2025-09-30 00:02:18.267653,Power Bank,Accessories,East,Patna,5,1921.82,5.0,9128.64,5602.1,3526.54,Regular,Debit Card
ORD5371,2025-09-30 03:32:35.191038,Smartphone,Electronics,North,Chandigarh,1,26418.38,25.0,19813.78,14685.04,5128.74,Regular,Debit Card
ORD5372,2025-09-30 07:02:52.114422,Smartwatch,Accessories,West,Surat,9,6566.78,0.0,59101.02,40149.52,18951.5,Regular,UPI
ORD5373,2025-09-30 10:33:09.037807,Bookshelf,Furniture,West,Mumbai,6,7218.49,5.0,41145.39,32015.59,9129.8,Regular,Credit Card
ORD5374,2025-09-30 14:03:25.961192,USB Drive,Accessories,Central,Nagpur,3,909.66,0.0,2728.98,1692.56,1036.42,Regular,Net Banking
ORD5375,2025-09-30 17:33:42.884576,External Hard Drive,Electronics,North,Lucknow,3,6234.86,0.0,18704.58,15741.34,2963.24,Regular,Debit Card
ORD5376,2025-09-30 21:03:59.807961,Bluetooth Speaker,Accessories,West,Mumbai,10,2746.12,25.0,20595.9,13319.67,7276.23,Regular,Credit Card
ORD5377,2025-10-01 00:34:16.731346,Office Desk,Furniture,West,Pune,1,12283.24,15.0,10440.75,7196.44,3244.31,Regular,Cash
ORD5378,2025-10-01 04:04:33.654730,Headphones,Accessories,North,Unknown,8,2992.9,15.0,20351.72,14658.1,5693.62,Regular,UPI
ORD5379,2025-10-01 07:34:50.578115,Router,Electronics,West,Mumbai,2,2629.54,5.0,4996.13,4109.46,886.67,New,Debit Card
ORD5380,2025-10-01 11:05:07.501500,Webcam,Electronics,East,Kolkata,1,3438.3,10.0,3094.47,2415.65,678.82,Premium,Credit Card
ORD5381,2025-10-01 14:35:24.424884,Power Bank,Accessories,Central,Nagpur,7,1974.8,15.0,11750.06,7475.47,4274.59,New,Credit Card
ORD5382,2025-10-01 18:05:41.348269,Webcam,Electronics,North,Unknown,9,3428.33,25.0,23141.23,16422.25,6718.98,Regular,Debit Card
ORD5383,2025-10-01 21:35:58.271654,Webcam,Electronics,West,Mumbai,6,3383.15,25.0,15224.18,11200.85,4023.33,Regular,Credit Card
ORD5384,2025-10-02 01:06:15.195039,Mouse,Accessories,South,Bengaluru,8,859.36,15.0,5843.65,4531.93,1311.72,New,Credit Card
ORD5385,2025-10-02 04:36:32.118423,Bookshelf,Furniture,Central,Bhopal,8,6853.71,10.0,49346.71,36662.31,12684.4,Premium,Net Banking
ORD5386,2025-10-02 08:06:49.041808,Router,Electronics,South,Hyderabad,9,2685.45,20.0,19335.24,13811.81,5523.43,Regular,UPI
ORD5387,2025-10-02 11:37:05.965193,Smartwatch,Accessories,Central,Bhopal,7,5432.83,5.0,36128.32,28591.48,7536.84,New,Net Banking
ORD5388,2025-10-02 15:07:22.888577,Headphones,Accessories,Central,Bhopal,9,3115.56,20.0,22432.03,15579.37,6852.66,Regular,UPI
ORD5389,2025-10-02 18:37:39.811962,Gaming Mouse,Accessories,South,Chennai,9,2011.62,20.0,14483.66,12264.66,2219.0,Regular,UPI
ORD5390,2025-10-02 22:07:56.735347,External Hard Drive,Electronics,Central,Nagpur,1,6042.7,0.0,6042.7,5057.41,985.29,Premium,Net Banking
ORD5391,2025-10-03 01:38:13.658731,Bookshelf,Furniture,Central,Indore,6,7280.11,0.0,43680.66,33933.11,9747.55,Regular,Debit Card
ORD5392,2025-10-03 05:08:30.582116,USB Drive,Accessories,South,Chennai,8,862.15,5.0,6552.34,5377.2,1175.14,New,Credit Card
ORD5393,2025-10-03 08:38:47.505501,Smartwatch,Accessories,East,Bhubaneswar,10,5652.52,10.0,50872.68,35524.08,15348.6,New,Cash
ORD5394,2025-10-03 12:09:04.428885,Office Desk,Furniture,East,Kolkata,9,12723.66,0.0,114512.94,85354.23,29158.71,Regular,Net Banking
ORD5395,2025-10-03 15:39:21.352270,Office Desk,Furniture,South,Bengaluru,4,13070.99,15.0,44441.37,29694.11,14747.26,Regular,Net Banking
ORD5396,2025-10-03 19:09:38.275655,Keyboard,Accessories,North,Jaipur,2,1419.71,5.0,2697.45,2215.71,481.74,Premium,Debit Card
ORD5397,2025-10-03 22:39:55.199039,Bluetooth Speaker,Accessories,South,Hyderabad,9,2890.32,25.0,19509.66,14003.18,5506.48,Regular,Credit Card
ORD5398,2025-10-04 02:10:12.122424,Mouse,Accessories,South,Hyderabad,9,834.25,20.0,6006.6,4409.06,1597.54,Premium,Net Banking
ORD5399,2025-10-04 05:40:29.045809,Tablet,Electronics,East,Patna,8,23387.29,5.0,177743.4,145063.83,32679.57,Premium,Cash
ORD5400,2025-10-04 09:10:45.969193,USB Drive,Accessories,North,Delhi,3,989.85,25.0,2227.16,1780.21,446.95,Regular,Credit Card
ORD5401,2025-10-04 12:41:02.892578,External Hard Drive,Electronics,Central,Bhopal,5,6205.38,25.0,23270.18,15833.86,7436.32,New,Net Banking
ORD5402,2025-10-04 16:11:19.815963,USB Drive,Accessories,West,Surat,2,910.19,0.0,1820.38,1132.02,688.36,New,Net Banking
ORD5403,2025-10-04 19:41:36.739347,Mouse,Accessories,North,Delhi,3,741.44,25.0,1668.24,1068.55,599.69,Regular,UPI
ORD5404,2025-10-04 23:11:53.662732,Monitor,Electronics,West,Mumbai,1,14492.52,10.0,13043.27,8931.69,4111.58,Regular,UPI
ORD5405,2025-10-05 02:42:10.586117,Headphones,Accessories,West,Ahmedabad,4,2726.98,25.0,8180.94,5532.96,2647.98,New,Net Banking
ORD5406,2025-10-05 06:12:27.509501,Bookshelf,Furniture,Central,Indore,5,6595.17,25.0,24731.89,15076.01,9655.88,Regular,Debit Card
ORD5407,2025-10-05 09:42:44.432886,Bookshelf,Furniture,North,Jaipur,2,7009.16,20.0,11214.66,7940.16,3274.5,Regular,UPI
ORD5408,2025-10-05 13:13:01.356271,Router,Electronics,South,Hyderabad,3,2331.88,10.0,6296.08,3944.26,2351.82,New,Net Banking
ORD5409,2025-10-05 16:43:18.279655,Router,Electronics,Central,Indore,6,2694.69,5.0,15359.73,10064.04,5295.69,Regular,Credit Card
ORD5410,2025-10-05 20:13:35.203040,Printer,Electronics,Central,Indore,6,12504.74,10.0,67525.6,53809.18,13716.42,New,Cash
ORD5411,2025-10-05 23:43:52.126425,Keyboard,Accessories,West,Ahmedabad,7,1358.32,10.0,8557.42,6193.18,2364.24,Regular,UPI
ORD5412,2025-10-06 03:14:09.049809,Bluetooth Speaker,Accessories,West,Pune,9,3226.02,5.0,27582.47,19121.22,8461.25,New,Net Banking
ORD5413,2025-10-06 06:44:25.973194,Bookshelf,Furniture,North,Chandigarh,4,7668.25,20.0,24538.4,15860.61,8677.79,Regular,UPI
ORD5414,2025-10-06 10:14:42.896579,Backpack,Accessories,East,Bhubaneswar,5,1800.67,25.0,6752.51,5513.9,1238.61,New,Credit Card
ORD5415,2025-10-06 13:44:59.819963,Monitor,Electronics,South,Bengaluru,2,14443.83,10.0,25998.89,21473.07,4525.82,Premium,Debit Card
ORD5416,2025-10-06 17:15:16.743348,Mouse,Accessories,North,Delhi,6,762.15,10.0,4115.61,3003.04,1112.57,Regular,Net Banking
ORD5417,2025-10-06 20:45:33.666733,Headphones,Accessories,Central,Indore,4,2752.45,5.0,10459.31,8684.56,1774.75,Regular,Credit Card
ORD5418,2025-10-07 00:15:50.590118,Bookshelf,Furniture,North,Chandigarh,5,6988.25,15.0,29700.06,21271.1,8428.96,Regular,Cash
ORD5419,2025-10-07 03:46:07.513502,Keyboard,Accessories,East,Bhubaneswar,7,1365.04,10.0,8599.75,5390.41,3209.34,Regular,Net Banking
ORD5420,2025-10-07 07:16:24.436887,Keyboard,Accessories,Central,Indore,6,1501.15,0.0,9006.9,5442.51,3564.39,New,Cash
ORD5421,2025-10-07 10:46:41.360272,Tablet,Electronics,North,Lucknow,8,20911.21,25.0,125467.26,79307.16,46160.1,Regular,Debit Card
ORD5422,2025-10-07 14:16:58.283656,Tablet,Electronics,Central,Nagpur,6,21896.3,25.0,98533.35,74458.11,24075.24,Premium,Net Banking
ORD5423,2025-10-07 17:47:15.207041,Bookshelf,Furniture,Central,Indore,10,6885.74,20.0,55085.92,37470.89,17615.03,Premium,Net Banking
ORD5424,2025-10-07 21:17:32.130426,Smartphone,Electronics,West,Ahmedabad,8,24025.57,10.0,172984.1,131827.25,41156.85,Regular,Credit Card
ORD5425,2025-10-08 00:47:49.053810,USB Drive,Accessories,North,Lucknow,4,890.75,5.0,3384.85,2460.77,924.08,Regular,UPI
ORD5426,2025-10-08 04:18:05.977195,Keyboard,Accessories,South,Chennai,7,1492.21,0.0,10445.47,7136.9,3308.57,Regular,Net Banking
ORD5427,2025-10-08 07:48:22.900580,Headphones,Accessories,East,Patna,3,3200.22,5.0,9120.63,5971.0,3149.63,Regular,Debit Card
ORD5428,2025-10-08 11:18:39.823964,Headphones,Accessories,South,Chennai,1,3099.47,10.0,2789.52,1730.23,1059.29,Regular,Net Banking
ORD5429,2025-10-08 14:48:56.747349,Keyboard,Accessories,South,Hyderabad,9,1479.95,0.0,13319.55,10597.0,2722.55,Regular,Net Banking
ORD5430,2025-10-08 18:19:13.670734,Backpack,Accessories,Central,Indore,9,1945.89,20.0,14010.41,11274.89,2735.52,Premium,Net Banking
ORD5431,2025-10-08 21:49:30.594118,Tablet,Electronics,North,Chandigarh,6,23125.26,20.0,111001.25,81626.18,29375.07,Regular,Net Banking
ORD5432,2025-10-09 01:19:47.517503,Power Bank,Accessories,West,Ahmedabad,2,1647.26,20.0,2635.62,1684.88,950.74,Regular,Debit Card
ORD5433,2025-10-09 04:50:04.440888,Tablet,Electronics,North,Delhi,8,20476.48,15.0,139240.06,92717.49,46522.57,Premium,Credit Card
ORD5434,2025-10-09 08:20:21.364272,Office Desk,Furniture,West,Ahmedabad,10,10996.0,5.0,104462.0,87621.3,16840.7,Premium,UPI
ORD5435,2025-10-09 11:50:38.287657,Router,Electronics,Central,Bhopal,6,2409.43,10.0,13010.92,8541.48,4469.44,Regular,Debit Card
ORD5436,2025-10-09 15:20:55.211042,Printer,Electronics,South,Hyderabad,7,11845.55,0.0,82918.85,50928.86,31989.99,Regular,Debit Card
ORD5437,2025-10-09 18:51:12.134426,Gaming Mouse,Accessories,North,Lucknow,1,2201.87,25.0,1651.4,1217.93,433.47,New,Cash
ORD5438,2025-10-09 22:21:29.057811,Smartwatch,Accessories,West,Ahmedabad,3,6421.69,25.0,14448.8,9615.37,4833.43,New,UPI
ORD5439,2025-10-10 01:51:45.981196,Gaming Mouse,Accessories,West,Ahmedabad,1,1987.9,5.0,1888.5,1585.13,303.37,Regular,Credit Card
ORD5440,2025-10-10 05:22:02.904580,Mouse,Accessories,West,Pune,10,788.53,10.0,7096.77,5277.81,1818.96,Regular,Credit Card
ORD5441,2025-10-10 08:52:19.827965,Monitor,Electronics,South,Hyderabad,1,14733.0,15.0,12523.05,10537.57,1985.48,Regular,Cash
ORD5442,2025-10-10 12:22:36.751350,Bookshelf,Furniture,South,Bengaluru,1,7626.47,10.0,6863.82,5466.31,1397.51,Regular,Cash
ORD5443,2025-10-10 15:52:53.674734,Bookshelf,Furniture,Central,Bhopal,4,6637.45,5.0,25222.31,19692.85,5529.46,Regular,Debit Card
ORD5444,2025-10-10 19:23:10.598119,Power Bank,Accessories,Central,Nagpur,7,1664.07,10.0,10483.64,8466.49,2017.15,Regular,Credit Card
ORD5445,2025-10-10 22:53:27.521504,External Hard Drive,Electronics,East,Kolkata,7,6034.94,25.0,31683.44,23801.28,7882.16,Premium,Credit Card
ORD5446,2025-10-11 02:23:44.444888,Router,Electronics,Central,Bhopal,5,2510.07,25.0,9412.76,5673.83,3738.93,New,Credit Card
ORD5447,2025-10-11 05:54:01.368273,Gaming Mouse,Accessories,East,Bhubaneswar,6,2152.0,0.0,12912.0,9014.08,3897.92,Regular,Debit Card
ORD5448,2025-10-11 09:24:18.291658,Gaming Mouse,Accessories,East,Patna,2,2311.82,15.0,3930.09,2573.24,1356.85,Regular,Credit Card
ORD5449,2025-10-11 12:54:35.215043,Bookshelf,Furniture,North,Delhi,5,6752.46,25.0,25321.72,17942.42,7379.3,Regular,Net Banking
ORD5450,2025-10-11 16:24:52.138427,Router,Electronics,East,Bhubaneswar,7,2313.98,0.0,16197.86,11624.19,4573.67,Premium,Cash
ORD5451,2025-10-11 19:55:09.061812,Monitor,Electronics,East,Bhubaneswar,9,14660.63,15.0,112153.82,70876.48,41277.34,Regular,Cash
ORD5452,2025-10-11 23:25:25.985197,Laptop,Electronics,North,Chandigarh,6,59213.39,25.0,266460.26,161437.05,105023.21,New,Cash
ORD5453,2025-10-12 02:55:42.908581,Laptop,Electronics,East,Patna,10,53960.79,15.0,458666.72,291047.0,167619.72,New,Cash
ORD5454,2025-10-12 06:25:59.831966,Webcam,Electronics,West,Mumbai,4,3733.54,10.0,13440.74,10945.56,2495.18,New,Net Banking
ORD5455,2025-10-12 09:56:16.755351,Bookshelf,Furniture,West,Mumbai,3,6820.14,0.0,20460.42,16142.53,4317.89,Regular,UPI
ORD5456,2025-10-12 13:26:33.678735,Router,Electronics,West,Mumbai,9,2390.69,15.0,18288.78,14625.96,3662.82,New,Credit Card
ORD5457,2025-10-12 16:56:50.602120,Headphones,Accessories,Central,Indore,7,3164.92,15.0,18831.27,12599.56,6231.71,New,Cash
ORD5458,2025-10-12 20:27:07.525505,External Hard Drive,Electronics,North,Lucknow,6,6122.0,10.0,33058.8,21786.57,11272.23,Regular,Credit Card
ORD5459,2025-10-12 23:57:24.448889,Bookshelf,Furniture,West,Pune,7,6624.56,25.0,34778.94,21192.31,13586.63,Regular,Credit Card
ORD5460,2025-10-13 03:27:41.372274,Backpack,Accessories,West,Pune,8,1637.93,25.0,9827.58,7056.86,2770.72,Regular,Net Banking
ORD5461,2025-10-13 06:57:58.295659,Headphones,Accessories,East,Kolkata,5,2812.71,5.0,13360.37,9293.5,4066.87,Regular,Credit Card
ORD5462,2025-10-13 10:28:15.219043,Headphones,Accessories,South,Bengaluru,3,2927.29,5.0,8342.78,6749.07,1593.71,Regular,Cash
ORD5463,2025-10-13 13:58:32.142428,Webcam,Electronics,North,Delhi,3,3429.7,25.0,7716.82,5945.55,1771.27,New,Credit Card
ORD5464,2025-10-13 17:28:49.065813,Bookshelf,Furniture,Central,Bhopal,2,6888.88,20.0,11022.21,7010.91,4011.3,Regular,Net Banking
ORD5465,2025-10-13 20:59:05.989197,Mouse,Accessories,East,Bhubaneswar,8,796.75,20.0,5099.2,4317.95,781.25,Regular,Cash
ORD5466,2025-10-14 00:29:22.912582,Printer,Electronics,Central,Indore,1,12172.59,15.0,10346.7,8201.42,2145.28,Regular,Net Banking
ORD5467,2025-10-14 03:59:39.835967,Router,Electronics,West,Surat,8,2344.71,25.0,14068.26,10974.08,3094.18,Regular,Debit Card
ORD5468,2025-10-14 07:29:56.759351,USB Drive,Accessories,West,Ahmedabad,3,920.51,5.0,2623.45,1716.14,907.31,Regular,UPI
ORD5469,2025-10-14 11:00:13.682736,Smartphone,Electronics,Central,Bhopal,9,24182.77,15.0,184998.19,152862.0,32136.19,Regular,Credit Card
ORD5470,2025-10-14 14:30:30.606121,External Hard Drive,Electronics,West,Surat,2,6804.21,0.0,13608.42,9777.38,3831.04,Regular,Credit Card
ORD5471,2025-10-14 18:00:47.529505,Router,Electronics,South,Hyderabad,10,2528.6,5.0,24021.7,16200.57,7821.13,Regular,Credit Card
ORD5472,2025-10-14 21:31:04.452890,Mouse,Accessories,East,Kolkata,9,808.68,5.0,6914.21,5280.44,1633.77,Regular,Debit Card
ORD5473,2025-10-15 01:01:21.376275,Bookshelf,Furniture,Central,Nagpur,6,7259.68,5.0,41380.18,27018.69,14361.49,Regular,UPI
ORD5474,2025-10-15 04:31:38.299659,External Hard Drive,Electronics,South,Bengaluru,1,6282.92,20.0,5026.34,4156.24,870.1,Regular,Net Banking
ORD5475,2025-10-15 08:01:55.223044,Backpack,Accessories,South,Bengaluru,5,1774.52,10.0,7985.34,6496.76,1488.58,New,Debit Card
ORD5476,2025-10-15 11:32:12.146429,External Hard Drive,Electronics,North,Lucknow,10,6607.77,10.0,59469.93,42594.02,16875.91,Regular,Debit Card
ORD5477,2025-10-15 15:02:29.069813,Bookshelf,Furniture,Central,Nagpur,9,6890.18,20.0,49609.3,32130.18,17479.12,New,Cash
ORD5478,2025-10-15 18:32:45.993198,Office Chair,Furniture,North,Lucknow,6,8899.66,25.0,40048.47,29000.14,11048.33,Regular,Debit Card
ORD5479,2025-10-15 22:03:02.916583,USB Drive,Accessories,West,Pune,7,859.05,25.0,4510.01,2874.16,1635.85,Regular,Debit Card
ORD5480,2025-10-16 01:33:19.839967,Router,Electronics,East,Kolkata,4,2393.69,20.0,7659.81,5112.63,2547.18,Premium,Credit Card
ORD5481,2025-10-16 05:03:36.763352,Headphones,Accessories,East,Bhubaneswar,1,3119.37,20.0,2495.5,1798.46,697.04,Premium,Cash
ORD5482,2025-10-16 08:33:53.686737,Bluetooth Speaker,Accessories,West,Ahmedabad,5,2702.57,25.0,10134.64,6134.34,4000.3,Regular,Net Banking
ORD5483,2025-10-16 12:04:10.610122,Gaming Mouse,Accessories,North,Jaipur,2,2021.93,10.0,3639.47,2880.39,759.08,Premium,UPI
ORD5484,2025-10-16 15:34:27.533506,Webcam,Electronics,West,Ahmedabad,8,3814.17,15.0,25936.36,16838.63,9097.73,Premium,Net Banking
ORD5485,2025-10-16 19:04:44.456891,Smartwatch,Accessories,West,Surat,4,5624.42,20.0,17998.14,14698.23,3299.91,Premium,Cash
ORD5486,2025-10-16 22:35:01.380276,Gaming Mouse,Accessories,Central,Nagpur,1,2163.97,15.0,1839.37,1113.86,725.51,New,Credit Card
ORD5487,2025-10-17 02:05:18.303660,Power Bank,Accessories,North,Delhi,10,1925.89,15.0,16370.06,11999.79,4370.27,Regular,UPI
ORD5488,2025-10-17 05:35:35.227045,Office Desk,Furniture,Central,Indore,7,10800.25,0.0,75601.75,60040.09,15561.66,Regular,Net Banking
ORD5489,2025-10-17 09:05:52.150430,Gaming Mouse,Accessories,West,Mumbai,2,2387.08,10.0,4296.74,2833.64,1463.1,New,UPI
ORD5490,2025-10-17 12:36:09.073814,Laptop,Electronics,Central,Bhopal,3,50088.37,15.0,127725.34,99228.32,28497.02,Regular,UPI
ORD5491,2025-10-17 16:06:25.997199,Gaming Mouse,Accessories,East,Kolkata,9,2055.18,10.0,16646.96,12988.24,3658.72,New,UPI
ORD5492,2025-10-17 19:36:42.920584,Smartwatch,Accessories,East,Patna,9,5434.92,10.0,44022.85,33433.63,10589.22,Regular,Debit Card
ORD5493,2025-10-17 23:06:59.843968,Webcam,Electronics,Central,Indore,2,3513.66,0.0,7027.32,4856.32,2171.0,New,Cash
ORD5494,2025-10-18 02:37:16.767353,Laptop,Electronics,Central,Bhopal,3,59874.04,25.0,134716.59,107270.27,27446.32,Regular,Cash
ORD5495,2025-10-18 06:07:33.690738,Office Desk,Furniture,East,Kolkata,9,12813.69,10.0,103790.89,78580.96,25209.93,Regular,Credit Card
ORD5496,2025-10-18 09:37:50.614122,Tablet,Electronics,South,Bengaluru,1,22614.89,15.0,19222.66,14370.8,4851.86,Regular,Net Banking
ORD5497,2025-10-18 13:08:07.537507,Office Chair,Furniture,South,Bengaluru,2,8433.88,25.0,12650.82,10181.26,2469.56,Regular,Credit Card
ORD5498,2025-10-18 16:38:24.460892,Smartphone,Electronics,South,Hyderabad,2,26847.99,25.0,40271.98,26626.2,13645.78,Regular,Net Banking
ORD5499,2025-10-18 20:08:41.384276,USB Drive,Accessories,South,Chennai,10,945.86,5.0,8985.67,5913.67,3072.0,Regular,UPI
ORD5500,2025-10-18 23:38:58.307661,Smartwatch,Accessories,South,Chennai,3,5720.22,15.0,14586.56,10161.17,4425.39,Regular,Net Banking
ORD5501,2025-10-19 03:09:15.231046,Webcam,Electronics,Central,Nagpur,10,3713.56,15.0,31565.26,19516.27,12048.99,Regular,Net Banking
ORD5502,2025-10-19 06:39:32.154430,Office Desk,Furniture,North,Delhi,3,12905.16,10.0,34843.93,23845.39,10998.54,New,UPI
ORD5503,2025-10-19 10:09:49.077815,Laptop,Electronics,West,Mumbai,10,57180.49,15.0,486034.16,340986.02,145048.14,New,Credit Card
ORD5504,2025-10-19 13:40:06.001200,Bookshelf,Furniture,North,Jaipur,2,6440.54,5.0,12237.03,8856.73,3380.3,Regular,Net Banking
ORD5505,2025-10-19 17:10:22.924584,Backpack,Accessories,South,Chennai,8,1974.33,10.0,14215.18,9431.82,4783.36,Regular,Credit Card
ORD5506,2025-10-19 20:40:39.847969,Headphones,Accessories,North,Chandigarh,8,2745.6,20.0,17571.84,14526.83,3045.01,New,Credit Card
ORD5507,2025-10-20 00:10:56.771354,Headphones,Accessories,South,Bengaluru,8,3092.68,15.0,21030.22,14116.95,6913.27,New,Cash
ORD5508,2025-10-20 03:41:13.694738,Office Desk,Furniture,West,Surat,2,11065.26,15.0,18810.94,15291.18,3519.76,Regular,UPI
ORD5509,2025-10-20 07:11:30.618123,Laptop,Electronics,Central,Indore,9,59459.55,0.0,535135.95,380609.08,154526.87,Regular,UPI
ORD5510,2025-10-20 10:41:47.541508,Office Chair,Furniture,South,Bengaluru,7,8729.96,20.0,48887.78,38109.94,10777.84,Regular,Debit Card
ORD5511,2025-10-20 14:12:04.464892,Headphones,Accessories,East,Bhubaneswar,5,3006.9,20.0,12027.6,7550.03,4477.57,Regular,Credit Card
ORD5512,2025-10-20 17:42:21.388277,Power Bank,Accessories,East,Patna,7,1684.35,5.0,11200.93,8245.67,2955.26,New,Debit Card
ORD5513,2025-10-20 21:12:38.311662,Bluetooth Speaker,Accessories,Central,Bhopal,8,3027.94,20.0,19378.82,16282.21,3096.61,Regular,UPI
ORD5514,2025-10-21 00:42:55.235047,Office Chair,Furniture,West,Ahmedabad,9,9789.91,0.0,88109.19,67541.23,20567.96,Regular,UPI
ORD5515,2025-10-21 04:13:12.158431,Mouse,Accessories,East,Patna,2,864.26,5.0,1642.09,1322.0,320.09,Regular,Debit Card
ORD5516,2025-10-21 07:43:29.081816,Office Chair,Furniture,West,Surat,6,8215.01,20.0,39432.05,26232.87,13199.18,Premium,UPI
ORD5517,2025-10-21 11:13:46.005201,Router,Electronics,Central,Indore,9,2439.13,5.0,20854.56,16684.53,4170.03,Regular,UPI
ORD5518,2025-10-21 14:44:02.928585,Laptop,Electronics,North,Chandigarh,6,52441.74,20.0,251720.35,173136.62,78583.73,Regular,Cash
ORD5519,2025-10-21 18:14:19.851970,Headphones,Accessories,East,Kolkata,2,2988.82,20.0,4782.11,3449.19,1332.92,New,Net Banking
ORD5520,2025-10-21 21:44:36.775355,Keyboard,Accessories,Central,Indore,1,1600.12,25.0,1200.09,776.45,423.64,New,Cash
ORD5521,2025-10-22 01:14:53.698739,External Hard Drive,Electronics,West,Mumbai,3,6810.51,20.0,16345.22,11791.84,4553.38,New,Net Banking
ORD5522,2025-10-22 04:45:10.622124,Keyboard,Accessories,East,Kolkata,5,1453.19,15.0,6176.06,4501.89,1674.17,Regular,Cash
ORD5523,2025-10-22 08:15:27.545509,Printer,Electronics,East,Patna,7,11718.4,20.0,65623.04,49583.57,16039.47,Regular,Cash
ORD5524,2025-10-22 11:45:44.468893,Bookshelf,Furniture,South,Bengaluru,10,7215.96,15.0,61335.66,50120.95,11214.71,Regular,Credit Card
ORD5525,2025-10-22 15:16:01.392278,Bluetooth Speaker,Accessories,East,Kolkata,10,2816.54,10.0,25348.86,17141.22,8207.64,Regular,Debit Card
ORD5526,2025-10-22 18:46:18.315663,Headphones,Accessories,West,Surat,3,2761.64,25.0,6213.69,5256.99,956.7,Premium,Cash
ORD5527,2025-10-22 22:16:35.239047,Smartwatch,Accessories,East,Bhubaneswar,9,5691.11,0.0,51219.99,41586.66,9633.33,New,Credit Card
ORD5528,2025-10-23 01:46:52.162432,Router,Electronics,West,Pune,10,2312.02,5.0,21964.19,15390.98,6573.21,New,Cash
ORD5529,2025-10-23 05:17:09.085817,Tablet,Electronics,Central,Nagpur,4,21348.73,5.0,81125.17,53272.13,27853.04,New,Debit Card
ORD5530,2025-10-23 08:47:26.009201,Bluetooth Speaker,Accessories,North,Lucknow,10,3262.54,10.0,29362.86,18142.54,11220.32,Regular,Credit Card
ORD5531,2025-10-23 12:17:42.932586,Office Chair,Furniture,East,Bhubaneswar,2,8316.54,20.0,13306.46,8763.52,4542.94,New,Net Banking
ORD5532,2025-10-23 15:47:59.855971,Router,Electronics,East,Bhubaneswar,3,2659.16,0.0,7977.48,6550.55,1426.93,Regular,Debit Card
ORD5533,2025-10-23 19:18:16.779355,Bluetooth Speaker,Accessories,West,Mumbai,5,3020.79,10.0,13593.56,9148.57,4444.99,Regular,UPI
ORD5534,2025-10-23 22:48:33.702740,Smartphone,Electronics,South,Bengaluru,3,25664.52,10.0,69294.2,43966.82,25327.38,New,Credit Card
ORD5535,2025-10-24 02:18:50.626125,Headphones,Accessories,West,Ahmedabad,5,2802.05,5.0,13309.74,8061.29,5248.45,New,UPI
ORD5536,2025-10-24 05:49:07.549509,Bluetooth Speaker,Accessories,Central,Bhopal,4,2790.82,15.0,9488.79,6399.43,3089.36,Regular,Credit Card
ORD5537,2025-10-24 09:19:24.472894,Mouse,Accessories,East,Patna,10,746.04,15.0,6341.34,4147.48,2193.86,New,Net Banking
ORD5538,2025-10-24 12:49:41.396279,Router,Electronics,Central,Indore,3,2583.53,20.0,6200.47,3878.71,2321.76,New,Credit Card
ORD5539,2025-10-24 16:19:58.319663,Keyboard,Accessories,Central,Nagpur,6,1574.34,20.0,7556.83,6330.9,1225.93,Regular,Cash
ORD5540,2025-10-24 19:50:15.243048,Bluetooth Speaker,Accessories,North,Lucknow,8,3252.15,10.0,23415.48,15615.91,7799.57,Regular,UPI
ORD5541,2025-10-24 23:20:32.166433,Keyboard,Accessories,South,Chennai,4,1469.46,20.0,4702.27,2828.62,1873.65,New,UPI
ORD5542,2025-10-25 02:50:49.089817,Smartphone,Electronics,Central,Indore,9,24809.85,15.0,189795.35,158681.99,31113.36,Regular,Credit Card
ORD5543,2025-10-25 06:21:06.013202,Keyboard,Accessories,Central,Nagpur,6,1490.88,0.0,8945.28,6660.91,2284.37,New,Cash
ORD5544,2025-10-25 09:51:22.936587,Printer,Electronics,North,Delhi,5,11447.75,5.0,54376.81,33751.86,20624.95,Regular,Cash
ORD5545,2025-10-25 13:21:39.859971,Bluetooth Speaker,Accessories,North,Jaipur,3,2896.94,15.0,7387.2,4490.35,2896.85,Regular,Credit Card
ORD5546,2025-10-25 16:51:56.783356,Gaming Mouse,Accessories,North,Chandigarh,5,2352.6,25.0,8822.25,5531.22,3291.03,Regular,Debit Card
ORD5547,2025-10-25 20:22:13.706741,Monitor,Electronics,Central,Nagpur,5,14531.17,20.0,58124.68,43469.86,14654.82,Regular,Net Banking
ORD5548,2025-10-25 23:52:30.630126,Router,Electronics,North,Lucknow,4,2684.55,5.0,10201.29,6278.57,3922.72,Regular,Credit Card
ORD5549,2025-10-26 03:22:47.553510,Office Chair,Furniture,East,Kolkata,6,8649.48,25.0,38922.66,28881.98,10040.68,Regular,Cash
ORD5550,2025-10-26 06:53:04.476895,Monitor,Electronics,Central,Nagpur,3,14519.65,5.0,41381.0,31579.3,9801.7,New,Net Banking
ORD5551,2025-10-26 10:23:21.400280,Bookshelf,Furniture,North,Delhi,10,7084.39,10.0,63759.51,40608.06,23151.45,Regular,Credit Card
ORD5552,2025-10-26 13:53:38.323664,Gaming Mouse,Accessories,West,Surat,1,2025.38,20.0,1620.3,1170.03,450.27,Regular,Net Banking
ORD5553,2025-10-26 17:23:55.247049,Router,Electronics,South,Chennai,7,2711.03,10.0,17079.49,14363.34,2716.15,Regular,Debit Card
ORD5554,2025-10-26 20:54:12.170434,Smartwatch,Accessories,Central,Bhopal,7,6384.48,5.0,42456.79,34352.73,8104.06,Regular,Cash
ORD5555,2025-10-27 00:24:29.093818,Monitor,Electronics,South,Hyderabad,4,15511.51,10.0,55841.44,43603.29,12238.15,Regular,Debit Card
ORD5556,2025-10-27 03:54:46.017203,Backpack,Accessories,West,Pune,9,1975.73,20.0,14225.26,10376.39,3848.87,New,Debit Card
ORD5557,2025-10-27 07:25:02.940588,Bluetooth Speaker,Accessories,West,Surat,2,2709.6,15.0,4606.32,3217.83,1388.49,Regular,Cash
ORD5558,2025-10-27 10:55:19.863972,Tablet,Electronics,South,Chennai,1,21608.67,0.0,21608.67,15403.93,6204.74,New,Debit Card
ORD5559,2025-10-27 14:25:36.787357,Backpack,Accessories,North,Chandigarh,3,1929.0,25.0,4340.25,3433.8,906.45,New,Credit Card
ORD5560,2025-10-27 17:55:53.710742,Headphones,Accessories,East,Patna,7,2959.81,15.0,17610.87,13006.94,4603.93,New,Credit Card
ORD5561,2025-10-27 21:26:10.634126,Laptop,Electronics,South,Hyderabad,9,49557.65,5.0,423717.91,335230.14,88487.77,Regular,Net Banking
ORD5562,2025-10-28 00:56:27.557511,Power Bank,Accessories,Central,Bhopal,2,1676.79,15.0,2850.54,2401.49,449.05,New,Credit Card
ORD5563,2025-10-28 04:26:44.480896,External Hard Drive,Electronics,Central,Indore,6,6414.29,10.0,34637.17,26328.7,8308.47,Regular,Credit Card
ORD5564,2025-10-28 07:57:01.404280,USB Drive,Accessories,East,Kolkata,3,930.23,20.0,2232.55,1676.14,556.41,Regular,Net Banking
ORD5565,2025-10-28 11:27:18.327665,Headphones,Accessories,West,Pune,5,2797.59,15.0,11889.76,8341.15,3548.61,New,UPI
ORD5566,2025-10-28 14:57:35.251050,Laptop,Electronics,West,Pune,9,54428.47,15.0,416377.8,270307.67,146070.13,New,Cash
ORD5567,2025-10-28 18:27:52.174434,Office Desk,Furniture,Central,Nagpur,3,10830.69,20.0,25993.66,18027.91,7965.75,New,Credit Card
ORD5568,2025-10-28 21:58:09.097819,Headphones,Accessories,East,Bhubaneswar,1,2986.5,10.0,2687.85,1962.2,725.65,Regular,Net Banking
ORD5569,2025-10-29 01:28:26.021204,USB Drive,Accessories,South,Bengaluru,5,971.27,0.0,4856.35,2956.13,1900.22,New,Debit Card
ORD5570,2025-10-29 04:58:42.944588,External Hard Drive,Electronics,South,Bengaluru,1,6625.8,15.0,5631.93,4049.08,1582.85,Regular,Debit Card
ORD5571,2025-10-29 08:28:59.867973,Monitor,Electronics,East,Kolkata,8,14821.97,25.0,88931.82,72527.22,16404.6,Regular,Credit Card
ORD5572,2025-10-29 11:59:16.791358,Keyboard,Accessories,East,Kolkata,7,1398.68,5.0,9301.22,7851.68,1449.54,Regular,Cash
ORD5573,2025-10-29 15:29:33.714742,Office Desk,Furniture,East,Kolkata,2,11285.8,10.0,20314.44,16533.66,3780.78,Regular,Net Banking
ORD5574,2025-10-29 18:59:50.638127,Smartwatch,Accessories,North,Chandigarh,9,5491.81,10.0,44483.66,28602.79,15880.87,Regular,Net Banking
ORD5575,2025-10-29 22:30:07.561512,Webcam,Electronics,West,Surat,5,3669.69,15.0,15596.18,9962.11,5634.07,Regular,Net Banking
ORD5576,2025-10-30 02:00:24.484896,USB Drive,Accessories,South,Bengaluru,7,823.88,25.0,4325.37,3020.53,1304.84,Regular,Net Banking
ORD5577,2025-10-30 05:30:41.408281,Office Desk,Furniture,North,Chandigarh,4,11721.48,20.0,37508.74,24619.15,12889.59,New,Net Banking
ORD5578,2025-10-30 09:00:58.331666,Backpack,Accessories,East,Bhubaneswar,1,1889.94,15.0,1606.45,1235.36,371.09,Premium,Cash
ORD5579,2025-10-30 12:31:15.255051,Bookshelf,Furniture,South,Bengaluru,8,7297.95,15.0,49626.06,30824.71,18801.35,Premium,Net Banking
ORD5580,2025-10-30 16:01:32.178435,Smartphone,Electronics,West,Mumbai,1,25387.66,20.0,20310.13,14439.08,5871.05,New,Cash
ORD5581,2025-10-30 19:31:49.101820,Tablet,Electronics,South,Bengaluru,3,22313.75,5.0,63594.19,42613.77,20980.42,Premium,Cash
ORD5582,2025-10-30 23:02:06.025205,Power Bank,Accessories,East,Kolkata,6,1652.52,20.0,7932.1,5939.96,1992.14,Regular,Cash
ORD5583,2025-10-31 02:32:22.948589,Smartwatch,Accessories,East,Bhubaneswar,8,5609.9,15.0,38147.32,30489.87,7657.45,Premium,Debit Card
ORD5584,2025-10-31 06:02:39.871974,Gaming Mouse,Accessories,South,Chennai,8,2215.29,0.0,17722.32,14725.31,2997.01,Regular,UPI
ORD5585,2025-10-31 09:32:56.795359,Headphones,Accessories,North,Lucknow,2,2908.85,20.0,4654.16,3913.98,740.18,Regular,Credit Card
ORD5586,2025-10-31 13:03:13.718743,Power Bank,Accessories,Central,Nagpur,9,1626.82,5.0,13909.31,9566.8,4342.51,New,Debit Card
ORD5587,2025-10-31 16:33:30.642128,Bluetooth Speaker,Accessories,East,Patna,4,3178.9,20.0,10172.48,8280.01,1892.47,Regular,UPI
ORD5588,2025-10-31 20:03:47.565513,Tablet,Electronics,East,Kolkata,4,22676.78,20.0,72565.7,54278.47,18287.23,New,Debit Card
ORD5589,2025-10-31 23:34:04.488897,Printer,Electronics,North,Chandigarh,2,11581.89,10.0,20847.4,16116.37,4731.03,Regular,Cash
ORD5590,2025-11-01 03:04:21.412282,Tablet,Electronics,East,Patna,1,20232.1,10.0,18208.89,14799.87,3409.02,Premium,Cash
ORD5591,2025-11-01 06:34:38.335667,USB Drive,Accessories,West,Ahmedabad,10,916.42,15.0,7789.57,4927.12,2862.45,New,Net Banking
ORD5592,2025-11-01 10:04:55.259051,Router,Electronics,West,Pune,7,2424.27,15.0,14424.41,12071.09,2353.32,Regular,Cash
ORD5593,2025-11-01 13:35:12.182436,Webcam,Electronics,West,Pune,10,3328.77,20.0,26630.16,19622.41,7007.75,New,Debit Card
ORD5594,2025-11-01 17:05:29.105821,Tablet,Electronics,North,Jaipur,3,22974.46,0.0,68923.38,47143.65,21779.73,New,Credit Card
ORD5595,2025-11-01 20:35:46.029205,Office Desk,Furniture,South,Bengaluru,4,11587.56,25.0,34762.68,23801.41,10961.27,Regular,Cash
ORD5596,2025-11-02 00:06:02.952590,Smartwatch,Accessories,Central,Indore,9,5563.26,15.0,42558.94,33525.81,9033.13,New,UPI
ORD5597,2025-11-02 03:36:19.875975,Office Desk,Furniture,Central,Indore,6,11955.97,20.0,57388.66,44170.04,13218.62,Premium,Debit Card
ORD5598,2025-11-02 07:06:36.799359,Webcam,Electronics,North,Chandigarh,1,3729.93,20.0,2983.94,2334.55,649.39,New,UPI
ORD5599,2025-11-02 10:36:53.722744,Smartphone,Electronics,East,Bhubaneswar,9,26748.29,25.0,180550.96,119750.22,60800.74,New,Net Banking
ORD5600,2025-11-02 14:07:10.646129,External Hard Drive,Electronics,South,Chennai,9,6954.15,20.0,50069.88,32172.35,17897.53,New,Net Banking
ORD5601,2025-11-02 17:37:27.569513,Gaming Mouse,Accessories,North,Jaipur,5,2165.2,25.0,8119.5,6336.98,1782.52,Regular,Credit Card
ORD5602,2025-11-02 21:07:44.492898,Office Desk,Furniture,South,Bengaluru,8,12698.24,25.0,76189.44,51398.93,24790.51,New,Debit Card
ORD5603,2025-11-03 00:38:01.416283,Monitor,Electronics,North,Chandigarh,7,16050.69,20.0,89883.86,58928.67,30955.19,Regular,Credit Card
ORD5604,2025-11-03 04:08:18.339667,USB Drive,Accessories,West,Pune,8,892.72,20.0,5713.41,3734.58,1978.83,Regular,UPI
ORD5605,2025-11-03 07:38:35.263052,USB Drive,Accessories,East,Patna,9,867.37,10.0,7025.7,4476.08,2549.62,New,Credit Card
ORD5606,2025-11-03 11:08:52.186437,Laptop,Electronics,North,Delhi,2,57221.61,25.0,85832.42,60658.11,25174.31,New,UPI
ORD5607,2025-11-03 14:39:09.109821,Smartphone,Electronics,North,Lucknow,10,27022.35,5.0,256712.32,170774.57,85937.75,Regular,Credit Card
ORD5608,2025-11-03 18:09:26.033206,Tablet,Electronics,Central,Nagpur,5,24077.47,25.0,90290.51,74351.2,15939.31,Regular,Net Banking
ORD5609,2025-11-03 21:39:42.956591,Gaming Mouse,Accessories,North,Delhi,8,2107.7,5.0,16018.52,12370.86,3647.66,Regular,Debit Card
ORD5610,2025-11-04 01:09:59.879975,Router,Electronics,West,Surat,3,2728.09,20.0,6547.42,5146.05,1401.37,Regular,Credit Card
ORD5611,2025-11-04 04:40:16.803360,Gaming Mouse,Accessories,South,Chennai,6,2199.68,15.0,11218.37,7862.98,3355.39,Regular,UPI
ORD5612,2025-11-04 08:10:33.726745,Laptop,Electronics,West,Surat,6,52866.38,0.0,317198.28,237915.32,79282.96,Regular,Debit Card
ORD5613,2025-11-04 11:40:50.650130,Gaming Mouse,Accessories,South,Hyderabad,7,2414.9,20.0,13523.44,9807.19,3716.25,Regular,Net Banking
ORD5614,2025-11-04 15:11:07.573514,Keyboard,Accessories,North,Lucknow,3,1613.34,0.0,4840.02,3106.63,1733.39,New,Net Banking
ORD5615,2025-11-04 18:41:24.496899,Webcam,Electronics,South,Chennai,8,3634.69,10.0,26169.77,16014.94,10154.83,New,Cash
ORD5616,2025-11-04 22:11:41.420284,Backpack,Accessories,North,Lucknow,8,1942.18,5.0,14760.57,11378.62,3381.95,Regular,Debit Card
ORD5617,2025-11-05 01:41:58.343668,Gaming Mouse,Accessories,East,Bhubaneswar,9,2279.85,10.0,18466.78,11639.48,6827.3,Premium,Credit Card
ORD5618,2025-11-05 05:12:15.267053,Webcam,Electronics,West,Ahmedabad,8,3458.28,15.0,23516.3,14446.94,9069.36,New,Net Banking
ORD5619,2025-11-05 08:42:32.190438,Backpack,Accessories,South,Chennai,3,1961.3,15.0,5001.31,3553.26,1448.05,Regular,Credit Card
ORD5620,2025-11-05 12:12:49.113822,Printer,Electronics,North,Jaipur,6,13111.79,25.0,59003.06,46288.29,12714.77,Regular,Credit Card
ORD5621,2025-11-05 15:43:06.037207,Keyboard,Accessories,East,Kolkata,9,1444.25,20.0,10398.6,8237.95,2160.65,Regular,UPI
ORD5622,2025-11-05 19:13:22.960592,Router,Electronics,West,Surat,1,2427.2,25.0,1820.4,1489.76,330.64,New,Credit Card
ORD5623,2025-11-05 22:43:39.883976,Office Chair,Furniture,Central,Indore,3,8788.9,15.0,22411.69,14563.19,7848.5,Regular,Cash
ORD5624,2025-11-06 02:13:56.807361,USB Drive,Accessories,West,Mumbai,2,957.99,15.0,1628.58,1378.44,250.14,New,Debit Card
ORD5625,2025-11-06 05:44:13.730746,Office Desk,Furniture,East,Patna,8,12698.75,25.0,76192.5,60253.2,15939.3,New,Debit Card
ORD5626,2025-11-06 09:14:30.654130,Webcam,Electronics,West,Surat,6,3838.18,10.0,20726.17,13250.31,7475.86,New,UPI
ORD5627,2025-11-06 12:44:47.577515,Monitor,Electronics,Central,Indore,10,14895.64,0.0,148956.4,120681.54,28274.86,Regular,Cash
ORD5628,2025-11-06 16:15:04.500900,External Hard Drive,Electronics,Central,Bhopal,8,6807.8,5.0,51739.28,37497.52,14241.76,Premium,Cash
ORD5629,2025-11-06 19:45:21.424284,Tablet,Electronics,South,Chennai,2,23569.57,15.0,40068.27,24707.56,15360.71,Regular,Debit Card
ORD5630,2025-11-06 23:15:38.347669,Headphones,Accessories,South,Chennai,6,2832.74,25.0,12747.33,8069.19,4678.14,Regular,Cash
ORD5631,2025-11-07 02:45:55.271054,Tablet,Electronics,South,Chennai,7,22530.44,15.0,134056.12,94975.18,39080.94,Regular,Net Banking
ORD5632,2025-11-07 06:16:12.194438,Headphones,Accessories,East,Kolkata,8,3028.62,10.0,21806.06,15975.7,5830.36,New,Credit Card
ORD5633,2025-11-07 09:46:29.117823,External Hard Drive,Electronics,West,Mumbai,9,6815.68,5.0,58274.06,48767.99,9506.07,New,Credit Card
ORD5634,2025-11-07 13:16:46.041208,Power Bank,Accessories,East,Kolkata,5,1870.35,10.0,8416.58,5503.84,2912.74,Regular,Debit Card
ORD5635,2025-11-07 16:47:02.964592,Gaming Mouse,Accessories,North,Lucknow,3,2337.63,0.0,7012.89,5038.94,1973.95,Regular,Debit Card
ORD5636,2025-11-07 20:17:19.887977,Router,Electronics,West,Pune,2,2405.57,10.0,4330.03,2842.55,1487.48,Premium,Cash
ORD5637,2025-11-07 23:47:36.811362,Headphones,Accessories,Central,Nagpur,8,2829.81,5.0,21506.56,15906.26,5600.3,Regular,UPI
ORD5638,2025-11-08 03:17:53.734746,Office Chair,Furniture,South,Hyderabad,1,9549.36,5.0,9071.89,7505.44,1566.45,Regular,Debit Card
ORD5639,2025-11-08 06:48:10.658131,Printer,Electronics,West,Ahmedabad,10,11665.35,15.0,99155.48,73567.18,25588.3,Regular,Debit Card
ORD5640,2025-11-08 10:18:27.581516,Bookshelf,Furniture,East,Bhubaneswar,6,6702.6,0.0,40215.6,29257.56,10958.04,Regular,Debit Card
ORD5641,2025-11-08 13:48:44.504900,Printer,Electronics,Central,Nagpur,2,11608.36,20.0,18573.38,14627.14,3946.24,Regular,Cash
ORD5642,2025-11-08 17:19:01.428285,Bookshelf,Furniture,Central,Nagpur,3,6392.9,15.0,16301.89,10382.73,5919.16,Regular,Net Banking
ORD5643,2025-11-08 20:49:18.351670,Keyboard,Accessories,East,Bhubaneswar,8,1581.94,25.0,9491.64,7843.93,1647.71,Regular,Debit Card
ORD5644,2025-11-09 00:19:35.275055,Printer,Electronics,West,Pune,1,12516.38,10.0,11264.74,8385.57,2879.17,Regular,Net Banking
ORD5645,2025-11-09 03:49:52.198439,Smartwatch,Accessories,Central,Bhopal,6,6063.23,10.0,32741.44,25262.55,7478.89,Regular,Cash
ORD5646,2025-11-09 07:20:09.121824,USB Drive,Accessories,East,Bhubaneswar,3,938.9,5.0,2675.86,2153.37,522.49,Premium,UPI
ORD5647,2025-11-09 10:50:26.045209,Smartphone,Electronics,South,Hyderabad,6,24365.67,25.0,109645.51,83194.57,26450.94,Regular,Credit Card
ORD5648,2025-11-09 14:20:42.968593,Laptop,Electronics,West,Pune,3,52749.06,5.0,150334.82,114299.76,36035.06,Regular,Credit Card
ORD5649,2025-11-09 17:50:59.891978,Headphones,Accessories,South,Hyderabad,8,3217.38,25.0,19304.28,15103.77,4200.51,Regular,Credit Card
ORD5650,2025-11-09 21:21:16.815363,Bluetooth Speaker,Accessories,South,Hyderabad,5,2953.47,5.0,14028.98,8600.59,5428.39,Regular,Credit Card
ORD5651,2025-11-10 00:51:33.738747,Office Chair,Furniture,Central,Nagpur,4,8452.64,20.0,27048.45,18813.62,8234.83,Regular,Cash
ORD5652,2025-11-10 04:21:50.662132,Office Desk,Furniture,West,Pune,9,12597.71,20.0,90703.51,76257.54,14445.97,Regular,Credit Card
ORD5653,2025-11-10 07:52:07.585517,Office Desk,Furniture,East,Bhubaneswar,5,11606.09,15.0,49325.88,32776.26,16549.62,New,Cash
ORD5654,2025-11-10 11:22:24.508901,Mouse,Accessories,South,Chennai,4,753.9,20.0,2412.48,1774.53,637.95,Regular,UPI
ORD5655,2025-11-10 14:52:41.432286,Bookshelf,Furniture,South,Chennai,8,6338.1,25.0,38028.6,24484.98,13543.62,Regular,Debit Card
ORD5656,2025-11-10 18:22:58.355671,Headphones,Accessories,South,Bengaluru,8,3282.36,5.0,24945.94,16983.66,7962.28,Regular,Debit Card
ORD5657,2025-11-10 21:53:15.279055,Smartwatch,Accessories,North,Delhi,8,5960.75,25.0,35764.5,27870.2,7894.3,Premium,Debit Card
ORD5658,2025-11-11 01:23:32.202440,Mouse,Accessories,West,Unknown,4,745.88,15.0,2535.99,1929.31,606.68,Premium,Cash
ORD5659,2025-11-11 04:53:49.125825,Webcam,Electronics,South,Hyderabad,1,3680.47,15.0,3128.4,2201.08,927.32,Regular,Cash
ORD5660,2025-11-11 08:24:06.049209,Smartphone,Electronics,East,Kolkata,2,26938.26,0.0,53876.52,44960.98,8915.54,New,Cash
ORD5661,2025-11-11 11:54:22.972594,Gaming Mouse,Accessories,South,Bengaluru,4,2212.31,20.0,7079.39,5619.35,1460.04,Regular,UPI
ORD5662,2025-11-11 15:24:39.895979,Office Desk,Furniture,Central,Bhopal,10,10868.06,10.0,97812.54,65239.1,32573.44,Regular,Net Banking
ORD5663,2025-11-11 18:54:56.819363,Laptop,Electronics,South,Bengaluru,2,53516.57,10.0,96329.83,69006.99,27322.84,New,Cash
ORD5664,2025-11-11 22:25:13.742748,Headphones,Accessories,North,Jaipur,10,2845.86,0.0,28458.6,23322.07,5136.53,Premium,Cash
ORD5665,2025-11-12 01:55:30.666133,Printer,Electronics,North,Lucknow,3,12327.35,5.0,35132.95,21277.08,13855.87,Premium,Debit Card
ORD5666,2025-11-12 05:25:47.589517,Webcam,Electronics,West,Ahmedabad,9,3513.2,0.0,31618.8,23567.6,8051.2,Regular,Credit Card
ORD5667,2025-11-12 08:56:04.512902,Laptop,Electronics,West,Mumbai,9,53413.11,5.0,456682.09,300492.3,156189.79,New,Credit Card
ORD5668,2025-11-12 12:26:21.436287,Laptop,Electronics,East,Patna,9,56633.56,20.0,407761.63,251162.83,156598.8,New,UPI
ORD5669,2025-11-12 15:56:38.359671,Power Bank,Accessories,East,Patna,7,1830.39,20.0,10250.18,8489.36,1760.82,Regular,Credit Card
ORD5670,2025-11-12 19:26:55.283056,Power Bank,Accessories,North,Chandigarh,4,1946.34,15.0,6617.56,5320.99,1296.57,New,Net Banking
ORD5671,2025-11-12 22:57:12.206441,Webcam,Electronics,East,Patna,1,3567.76,15.0,3032.6,1960.04,1072.56,Regular,Debit Card
ORD5672,2025-11-13 02:27:29.129825,Router,Electronics,East,Patna,3,2503.86,15.0,6384.84,5166.85,1217.99,Regular,UPI
ORD5673,2025-11-13 05:57:46.053210,Keyboard,Accessories,North,Jaipur,8,1597.1,15.0,10860.28,6913.73,3946.55,Premium,Credit Card
ORD5674,2025-11-13 09:28:02.976595,Tablet,Electronics,North,Jaipur,4,20690.65,10.0,74486.34,53558.68,20927.66,New,Credit Card
ORD5675,2025-11-13 12:58:19.899979,Bookshelf,Furniture,North,Delhi,10,6640.99,15.0,56448.41,44111.23,12337.18,Regular,Debit Card
ORD5676,2025-11-13 16:28:36.823364,USB Drive,Accessories,North,Lucknow,10,951.04,15.0,8083.84,5929.1,2154.74,Premium,UPI
ORD5677,2025-11-13 19:58:53.746749,Headphones,Accessories,West,Surat,2,2965.41,15.0,5041.2,4096.96,944.24,Regular,Debit Card
ORD5678,2025-11-13 23:29:10.670134,Webcam,Electronics,North,Lucknow,8,3436.47,5.0,26117.17,19698.08,6419.09,New,UPI
ORD5679,2025-11-14 02:59:27.593518,Router,Electronics,South,Chennai,7,2693.54,25.0,14141.08,10011.71,4129.37,New,Credit Card
ORD5680,2025-11-14 06:29:44.516903,Router,Electronics,North,Chandigarh,10,2555.05,15.0,21717.92,18053.9,3664.02,Regular,Debit Card
ORD5681,2025-11-14 10:00:01.440288,Bookshelf,Furniture,Central,Indore,9,7424.07,0.0,66816.63,40696.25,26120.38,Regular,Debit Card
ORD5682,2025-11-14 13:30:18.363672,Router,Electronics,Central,Bhopal,2,2654.92,15.0,4513.36,3259.1,1254.26,Premium,Net Banking
ORD5683,2025-11-14 17:00:35.287057,Keyboard,Accessories,South,Chennai,5,1386.01,15.0,5890.54,4507.41,1383.13,New,Debit Card
ORD5684,2025-11-14 20:30:52.210442,Router,Electronics,South,Hyderabad,6,2576.85,10.0,13914.99,11257.43,2657.56,Regular,UPI
ORD5685,2025-11-15 00:01:09.133826,USB Drive,Accessories,South,Bengaluru,2,981.45,25.0,1472.18,1082.48,389.7,Regular,Net Banking
ORD5686,2025-11-15 03:31:26.057211,Backpack,Accessories,East,Bhubaneswar,2,1792.81,15.0,3047.78,2503.38,544.4,New,Debit Card
ORD5687,2025-11-15 07:01:42.980596,Bookshelf,Furniture,North,Chandigarh,10,7325.06,25.0,54937.95,38817.46,16120.49,Premium,Debit Card
ORD5688,2025-11-15 10:31:59.903980,Keyboard,Accessories,West,Ahmedabad,4,1520.02,5.0,5776.08,3923.59,1852.49,Regular,Net Banking
ORD5689,2025-11-15 14:02:16.827365,Tablet,Electronics,East,Bhubaneswar,8,20701.32,20.0,132488.45,111747.78,20740.67,Premium,Credit Card
ORD5690,2025-11-15 17:32:33.750750,Backpack,Accessories,Central,Bhopal,5,1690.27,25.0,6338.51,4860.34,1478.17,Premium,Debit Card
ORD5691,2025-11-15 21:02:50.674134,Backpack,Accessories,North,Chandigarh,9,1776.18,25.0,11989.22,8469.72,3519.5,Regular,Cash
ORD5692,2025-11-16 00:33:07.597519,Webcam,Electronics,Central,Indore,4,3488.09,15.0,11859.51,9719.43,2140.08,Regular,Credit Card
ORD5693,2025-11-16 04:03:24.520904,Headphones,Accessories,West,Mumbai,3,3001.88,15.0,7654.79,5900.08,1754.71,Regular,Debit Card
ORD5694,2025-11-16 07:33:41.444288,Webcam,Electronics,North,Delhi,10,3818.5,15.0,32457.25,24650.75,7806.5,Regular,Credit Card
ORD5695,2025-11-16 11:03:58.367673,Bookshelf,Furniture,South,Bengaluru,8,6440.36,10.0,46370.59,36268.04,10102.55,Regular,UPI
ORD5696,2025-11-16 14:34:15.291058,Router,Electronics,North,Jaipur,1,2440.26,20.0,1952.21,1531.65,420.56,Regular,Credit Card
ORD5697,2025-11-16 18:04:32.214442,Tablet,Electronics,South,Hyderabad,9,22064.01,10.0,178718.48,129257.4,49461.08,New,Net Banking
ORD5698,2025-11-16 21:34:49.137827,Keyboard,Accessories,South,Bengaluru,4,1638.93,10.0,5900.15,4158.58,1741.57,Regular,Debit Card
ORD5699,2025-11-17 01:05:06.061212,Printer,Electronics,West,Mumbai,9,12010.36,10.0,97283.92,80485.0,16798.92,Regular,Credit Card
ORD5700,2025-11-17 04:35:22.984596,Router,Electronics,East,Patna,8,2637.64,5.0,20046.06,14519.6,5526.46,New,Cash
ORD5701,2025-11-17 08:05:39.907981,Smartphone,Electronics,Central,Nagpur,3,26246.39,20.0,62991.34,41193.53,21797.81,Regular,UPI
ORD5702,2025-11-17 11:35:56.831366,Webcam,Electronics,North,Delhi,3,3546.51,5.0,10107.55,7382.56,2724.99,New,UPI
ORD5703,2025-11-17 15:06:13.754750,Printer,Electronics,Central,Bhopal,9,11113.69,5.0,95022.05,57830.94,37191.11,New,Credit Card
ORD5704,2025-11-17 18:36:30.678135,Gaming Mouse,Accessories,South,Bengaluru,3,2076.25,20.0,4983.0,3890.87,1092.13,New,Net Banking
ORD5705,2025-11-17 22:06:47.601520,Keyboard,Accessories,West,Pune,4,1422.04,5.0,5403.75,3413.8,1989.95,Regular,UPI
ORD5706,2025-11-18 01:37:04.524904,Keyboard,Accessories,South,Hyderabad,9,1361.6,20.0,9803.52,6155.93,3647.59,Regular,Credit Card
ORD5707,2025-11-18 05:07:21.448289,External Hard Drive,Electronics,North,Chandigarh,4,6342.98,25.0,19028.94,15919.4,3109.54,Regular,Credit Card
ORD5708,2025-11-18 08:37:38.371674,External Hard Drive,Electronics,Central,Nagpur,3,6643.67,25.0,14948.26,11856.05,3092.21,Regular,UPI
ORD5709,2025-11-18 12:07:55.295059,Monitor,Electronics,South,Bengaluru,7,13932.8,15.0,82900.16,58325.0,24575.16,Regular,Credit Card
ORD5710,2025-11-18 15:38:12.218443,Router,Electronics,West,Mumbai,6,2337.52,10.0,12622.61,8329.59,4293.02,Regular,Credit Card
ORD5711,2025-11-18 19:08:29.141828,Backpack,Accessories,West,Pune,1,1874.52,25.0,1405.89,1140.0,265.89,New,Cash
ORD5712,2025-11-18 22:38:46.065213,Backpack,Accessories,East,Kolkata,10,1680.93,25.0,12606.97,10616.91,1990.06,Regular,Credit Card
ORD5713,2025-11-19 02:09:02.988597,Bookshelf,Furniture,East,Patna,8,6489.47,5.0,49319.97,35859.98,13459.99,Regular,Credit Card
ORD5714,2025-11-19 05:39:19.911982,Mouse,Accessories,West,Surat,1,876.45,20.0,701.16,522.38,178.78,New,Net Banking
ORD5715,2025-11-19 09:09:36.835367,Office Desk,Furniture,North,Lucknow,4,10835.36,0.0,43341.44,28638.44,14703.0,New,UPI
ORD5716,2025-11-19 12:39:53.758751,Webcam,Electronics,West,Mumbai,6,3377.79,5.0,19253.4,14388.31,4865.09,Regular,Net Banking
ORD5717,2025-11-19 16:10:10.682136,Bluetooth Speaker,Accessories,Central,Indore,6,2720.96,5.0,15509.47,10858.95,4650.52,Regular,Debit Card
ORD5718,2025-11-19 19:40:27.605521,Office Chair,Furniture,North,Lucknow,7,9608.49,20.0,53807.54,43659.15,10148.39,New,Net Banking
ORD5719,2025-11-19 23:10:44.528905,Webcam,Electronics,North,Chandigarh,5,3558.47,0.0,17792.35,12352.84,5439.51,New,Debit Card
ORD5720,2025-11-20 02:41:01.452290,Office Desk,Furniture,West,Mumbai,5,10915.08,0.0,54575.4,41597.09,12978.31,New,Debit Card
ORD5721,2025-11-20 06:11:18.375675,Tablet,Electronics,East,Bhubaneswar,4,22507.59,15.0,76525.81,49808.09,26717.72,Premium,Net Banking
ORD5722,2025-11-20 09:41:35.299059,Router,Electronics,East,Kolkata,6,2311.55,5.0,13175.84,8204.18,4971.66,Regular,Cash
ORD5723,2025-11-20 13:11:52.222444,Tablet,Electronics,North,Chandigarh,7,21981.22,10.0,138481.69,84486.13,53995.56,New,Net Banking
ORD5724,2025-11-20 16:42:09.145829,Bluetooth Speaker,Accessories,East,Bhubaneswar,10,3101.65,25.0,23262.38,16374.65,6887.73,New,UPI
ORD5725,2025-11-20 20:12:26.069213,Gaming Mouse,Accessories,North,Delhi,10,2045.34,5.0,19430.73,12452.81,6977.92,Premium,Net Banking
ORD5726,2025-11-20 23:42:42.992598,Monitor,Electronics,East,Kolkata,1,14991.15,10.0,13492.04,11446.24,2045.8,New,Cash
ORD5727,2025-11-21 03:12:59.915983,Tablet,Electronics,West,Surat,9,21812.61,10.0,176682.14,141274.31,35407.83,Premium,Net Banking
ORD5728,2025-11-21 06:43:16.839367,USB Drive,Accessories,South,Chennai,8,974.84,20.0,6238.98,4824.87,1414.11,New,Cash
ORD5729,2025-11-21 10:13:33.762752,Office Desk,Furniture,East,Bhubaneswar,7,13189.68,5.0,87711.37,70241.86,17469.51,New,UPI
ORD5730,2025-11-21 13:43:50.686137,Headphones,Accessories,Central,Nagpur,9,3092.68,20.0,22267.3,14823.05,7444.25,Regular,Credit Card
ORD5731,2025-11-21 17:14:07.609521,Router,Electronics,West,Mumbai,3,2677.43,15.0,6827.45,5597.25,1230.2,Regular,Cash
ORD5732,2025-11-21 20:44:24.532906,Mouse,Accessories,Central,Nagpur,10,823.5,10.0,7411.5,6291.69,1119.81,Premium,Cash
ORD5733,2025-11-22 00:14:41.456291,Office Chair,Furniture,East,Kolkata,4,9677.32,0.0,38709.28,26030.58,12678.7,Regular,Cash
ORD5734,2025-11-22 03:44:58.379675,External Hard Drive,Electronics,West,Mumbai,7,6413.25,10.0,40403.48,34187.9,6215.58,Regular,UPI
ORD5735,2025-11-22 07:15:15.303060,Laptop,Electronics,North,Chandigarh,6,56187.89,15.0,286558.24,194888.01,91670.23,Regular,Debit Card
ORD5736,2025-11-22 10:45:32.226445,Tablet,Electronics,North,Chandigarh,2,23518.75,10.0,42333.75,25524.32,16809.43,Regular,Cash
ORD5737,2025-11-22 14:15:49.149829,Monitor,Electronics,South,Bengaluru,2,16254.26,20.0,26006.82,17991.61,8015.21,Regular,UPI
ORD5738,2025-11-22 17:46:06.073214,Bookshelf,Furniture,East,Bhubaneswar,10,6334.56,5.0,60178.32,51114.19,9064.13,New,Credit Card
ORD5739,2025-11-22 21:16:22.996599,Keyboard,Accessories,Central,Bhopal,7,1381.19,0.0,9668.33,7336.21,2332.12,New,Cash
ORD5740,2025-11-23 00:46:39.919983,Backpack,Accessories,South,Hyderabad,9,1955.22,20.0,14077.58,10894.19,3183.39,New,Debit Card
ORD5741,2025-11-23 04:16:56.843368,Printer,Electronics,West,Ahmedabad,9,12164.42,25.0,82109.83,54158.56,27951.27,Regular,UPI
ORD5742,2025-11-23 07:47:13.766753,USB Drive,Accessories,West,Mumbai,7,988.23,5.0,6571.73,4182.77,2388.96,Regular,Credit Card
ORD5743,2025-11-23 11:17:30.690138,Webcam,Electronics,West,Surat,8,3704.84,0.0,29638.72,24344.58,5294.14,New,Debit Card
ORD5744,2025-11-23 14:47:47.613522,Webcam,Electronics,South,Chennai,10,3722.7,15.0,31642.95,22256.01,9386.94,Regular,Credit Card
ORD5745,2025-11-23 18:18:04.536907,Monitor,Electronics,West,Ahmedabad,3,14658.37,10.0,39577.6,23787.2,15790.4,New,Debit Card
ORD5746,2025-11-23 21:48:21.460292,Headphones,Accessories,South,Bengaluru,1,2854.52,0.0,2854.52,1922.69,931.83,Regular,Net Banking
ORD5747,2025-11-24 01:18:38.383676,USB Drive,Accessories,North,Lucknow,7,917.69,25.0,4817.87,3126.47,1691.4,Premium,Net Banking
ORD5748,2025-11-24 04:48:55.307061,USB Drive,Accessories,Central,Indore,8,968.23,15.0,6583.96,4944.18,1639.78,Regular,Net Banking
ORD5749,2025-11-24 08:19:12.230446,Monitor,Electronics,North,Delhi,2,15677.1,5.0,29786.49,23502.46,6284.03,New,Credit Card
ORD5750,2025-11-24 11:49:29.153830,Bookshelf,Furniture,North,Delhi,9,6961.05,0.0,62649.45,45381.67,17267.78,Regular,Net Banking
ORD5751,2025-11-24 15:19:46.077215,Bookshelf,Furniture,Central,Indore,4,7354.48,15.0,25005.23,16165.25,8839.98,Regular,UPI
ORD5752,2025-11-24 18:50:03.000600,Smartphone,Electronics,South,Chennai,10,25951.99,5.0,246543.9,151499.04,95044.86,Regular,UPI
ORD5753,2025-11-24 22:20:19.923984,Tablet,Electronics,West,Surat,9,23817.43,20.0,171485.5,116332.93,55152.57,New,Net Banking
ORD5754,2025-11-25 01:50:36.847369,Headphones,Accessories,South,Chennai,3,2858.13,10.0,7716.95,6185.06,1531.89,New,Debit Card
ORD5755,2025-11-25 05:20:53.770754,Webcam,Electronics,South,Chennai,8,3233.52,15.0,21987.94,15498.82,6489.12,Regular,Debit Card
ORD5756,2025-11-25 08:51:10.694138,Office Chair,Furniture,South,Hyderabad,2,8946.09,20.0,14313.74,9490.91,4822.83,Regular,Credit Card
ORD5757,2025-11-25 12:21:27.617523,Smartwatch,Accessories,South,Chennai,3,5833.3,25.0,13124.92,7942.95,5181.97,Regular,Debit Card
ORD5758,2025-11-25 15:51:44.540908,Mouse,Accessories,East,Patna,1,875.98,25.0,656.98,475.66,181.32,Regular,Cash
ORD5759,2025-11-25 19:22:01.464292,Bookshelf,Furniture,West,Pune,5,6310.51,5.0,29974.92,23116.82,6858.1,Regular,Debit Card
ORD5760,2025-11-25 22:52:18.387677,Smartphone,Electronics,East,Kolkata,4,27166.92,0.0,108667.68,70371.27,38296.41,Premium,UPI
ORD5761,2025-11-26 02:22:35.311062,Headphones,Accessories,Central,Indore,1,3273.05,10.0,2945.75,2163.06,782.69,New,Debit Card
ORD5762,2025-11-26 05:52:52.234446,Mouse,Accessories,North,Delhi,10,728.15,5.0,6917.42,4878.06,2039.36,New,Credit Card
ORD5763,2025-11-26 09:23:09.157831,Office Desk,Furniture,East,Bhubaneswar,9,12934.97,15.0,98952.52,76785.86,22166.66,Regular,Debit Card
ORD5764,2025-11-26 12:53:26.081216,Bluetooth Speaker,Accessories,West,Ahmedabad,6,2982.47,10.0,16105.34,13128.29,2977.05,New,Credit Card
ORD5765,2025-11-26 16:23:43.004600,Mouse,Accessories,Central,Nagpur,6,842.58,20.0,4044.38,2737.08,1307.3,Regular,Cash
ORD5766,2025-11-26 19:53:59.927985,Power Bank,Accessories,North,Lucknow,2,1648.53,10.0,2967.35,2451.6,515.75,Premium,Net Banking
ORD5767,2025-11-26 23:24:16.851370,USB Drive,Accessories,West,Ahmedabad,7,981.94,20.0,5498.86,4271.17,1227.69,Premium,Cash
ORD5768,2025-11-27 02:54:33.774754,Tablet,Electronics,Central,Bhopal,9,22473.21,5.0,192145.95,117072.9,75073.05,Regular,UPI
ORD5769,2025-11-27 06:24:50.698139,Power Bank,Accessories,South,Chennai,6,1943.53,0.0,11661.18,9303.41,2357.77,Premium,Cash
ORD5770,2025-11-27 09:55:07.621524,Keyboard,Accessories,Central,Indore,8,1551.89,25.0,9311.34,6738.21,2573.13,New,Cash
ORD5771,2025-11-27 13:25:24.544908,External Hard Drive,Electronics,North,Chandigarh,5,6547.85,10.0,29465.32,24643.77,4821.55,Regular,UPI
ORD5772,2025-11-27 16:55:41.468293,External Hard Drive,Electronics,West,Pune,2,6074.24,0.0,12148.48,8272.0,3876.48,Regular,UPI
ORD5773,2025-11-27 20:25:58.391678,Printer,Electronics,Central,Bhopal,4,11227.09,0.0,44908.36,33582.62,11325.74,Regular,Net Banking
ORD5774,2025-11-27 23:56:15.315063,Mouse,Accessories,West,Surat,1,795.61,25.0,596.71,500.66,96.05,New,Net Banking
ORD5775,2025-11-28 03:26:32.238447,Smartphone,Electronics,East,Kolkata,1,26852.21,10.0,24166.99,16138.47,8028.52,Premium,Debit Card
ORD5776,2025-11-28 06:56:49.161832,Office Chair,Furniture,North,Delhi,6,8307.39,10.0,44859.91,32208.89,12651.02,Regular,Credit Card
ORD5777,2025-11-28 10:27:06.085217,Bookshelf,Furniture,Central,Nagpur,2,7697.74,0.0,15395.48,12133.55,3261.93,Regular,UPI
ORD5778,2025-11-28 13:57:23.008601,Printer,Electronics,East,Kolkata,6,12902.19,15.0,65801.17,50849.48,14951.69,New,Cash
ORD5779,2025-11-28 17:27:39.931986,Keyboard,Accessories,North,Chandigarh,1,1467.77,15.0,1247.6,1010.15,237.45,Regular,Cash
ORD5780,2025-11-28 20:57:56.855371,Backpack,Accessories,West,Pune,10,1711.12,10.0,15400.08,11241.28,4158.8,Premium,Net Banking
ORD5781,2025-11-29 00:28:13.778755,Office Desk,Furniture,East,Bhubaneswar,3,13012.79,0.0,39038.37,26535.56,12502.81,Regular,Credit Card
ORD5782,2025-11-29 03:58:30.702140,Monitor,Electronics,North,Jaipur,9,13869.63,0.0,124826.67,91594.21,33232.46,Regular,UPI
ORD5783,2025-11-29 07:28:47.625525,Keyboard,Accessories,South,Chennai,2,1454.19,5.0,2762.96,1899.51,863.45,Premium,Net Banking
ORD5784,2025-11-29 10:59:04.548909,Power Bank,Accessories,North,Lucknow,8,1650.21,0.0,13201.68,8503.3,4698.38,Regular,Credit Card
ORD5785,2025-11-29 14:29:21.472294,External Hard Drive,Electronics,West,Mumbai,6,7089.5,25.0,31902.75,23567.91,8334.84,Regular,UPI
ORD5786,2025-11-29 17:59:38.395679,Webcam,Electronics,West,Surat,6,3582.34,15.0,18269.93,11182.94,7086.99,Regular,Cash
ORD5787,2025-11-29 21:29:55.319063,Headphones,Accessories,East,Patna,7,2901.71,5.0,19296.37,11754.26,7542.11,Regular,Cash
ORD5788,2025-11-30 01:00:12.242448,Smartwatch,Accessories,Central,Nagpur,5,5730.58,25.0,21489.68,13240.72,8248.96,Regular,Net Banking
ORD5789,2025-11-30 04:30:29.165833,Printer,Electronics,Central,Bhopal,4,11865.83,15.0,40343.82,30990.22,9353.6,Regular,Credit Card
ORD5790,2025-11-30 08:00:46.089217,Power Bank,Accessories,West,Pune,6,1652.9,25.0,7438.05,5219.63,2218.42,Regular,Cash
ORD5791,2025-11-30 11:31:03.012602,Gaming Mouse,Accessories,North,Delhi,8,2371.31,20.0,15176.38,10980.55,4195.83,New,Credit Card
ORD5792,2025-11-30 15:01:19.935987,Keyboard,Accessories,West,Pune,4,1503.28,10.0,5411.81,3711.69,1700.12,New,Net Banking
ORD5793,2025-11-30 18:31:36.859371,USB Drive,Accessories,East,Patna,5,940.52,20.0,3762.08,2495.8,1266.28,Regular,Debit Card
ORD5794,2025-11-30 22:01:53.782756,Tablet,Electronics,West,Mumbai,7,20828.48,10.0,131219.42,90485.8,40733.62,New,Credit Card
ORD5795,2025-12-01 01:32:10.706141,Power Bank,Accessories,West,Mumbai,6,1801.35,15.0,9186.88,5956.26,3230.62,Premium,Credit Card
ORD5796,2025-12-01 05:02:27.629525,Office Chair,Furniture,South,Hyderabad,4,8479.96,15.0,28831.86,22191.58,6640.28,Regular,Net Banking
ORD5797,2025-12-01 08:32:44.552910,Office Chair,Furniture,Central,Bhopal,4,9568.97,20.0,30620.7,19151.22,11469.48,Regular,Debit Card
ORD5798,2025-12-01 12:03:01.476295,Router,Electronics,North,Jaipur,10,2637.64,25.0,19782.3,14425.75,5356.55,New,Cash
ORD5799,2025-12-01 15:33:18.399679,Monitor,Electronics,West,Mumbai,4,13944.61,10.0,50200.6,36104.61,14095.99,New,UPI
ORD5800,2025-12-01 19:03:35.323064,Monitor,Electronics,North,Jaipur,1,13723.52,10.0,12351.17,8342.98,4008.19,Regular,Net Banking
ORD5801,2025-12-01 22:33:52.246449,Router,Electronics,Central,Nagpur,5,2662.1,5.0,12644.97,7910.34,4734.63,Premium,UPI
ORD5802,2025-12-02 02:04:09.169833,Smartwatch,Accessories,North,Delhi,8,5531.58,0.0,44252.64,34332.94,9919.7,Regular,Debit Card
ORD5803,2025-12-02 05:34:26.093218,Bluetooth Speaker,Accessories,North,Jaipur,7,3029.09,25.0,15902.72,11805.94,4096.78,Regular,Debit Card
ORD5804,2025-12-02 09:04:43.016603,Printer,Electronics,South,Chennai,5,12082.77,25.0,45310.39,36355.66,8954.73,New,Credit Card
ORD5805,2025-12-02 12:34:59.939988,Keyboard,Accessories,South,Chennai,3,1410.88,5.0,4021.01,2649.37,1371.64,New,UPI
ORD5806,2025-12-02 16:05:16.863372,Tablet,Electronics,South,Hyderabad,1,22401.97,15.0,19041.67,15193.18,3848.49,Regular,UPI
ORD5807,2025-12-02 19:35:33.786757,Laptop,Electronics,West,Ahmedabad,7,55030.31,20.0,308169.74,207394.05,100775.69,Regular,Debit Card
ORD5808,2025-12-02 23:05:50.710142,Gaming Mouse,Accessories,East,Kolkata,3,2204.04,25.0,4959.09,3115.04,1844.05,Regular,UPI
ORD5809,2025-12-03 02:36:07.633526,USB Drive,Accessories,North,Delhi,4,874.75,10.0,3149.1,1995.68,1153.42,New,Cash
ORD5810,2025-12-03 06:06:24.556911,Office Chair,Furniture,South,Chennai,5,9609.17,5.0,45643.56,29908.61,15734.95,New,Debit Card
ORD5811,2025-12-03 09:36:41.480296,Bookshelf,Furniture,Central,Indore,8,6418.12,20.0,41075.97,31653.44,9422.53,Regular,Credit Card
ORD5812,2025-12-03 13:06:58.403680,Power Bank,Accessories,West,Pune,7,1777.9,20.0,9956.24,6580.98,3375.26,Premium,Credit Card
ORD5813,2025-12-03 16:37:15.327065,Tablet,Electronics,West,Ahmedabad,9,20943.19,25.0,141366.53,106161.7,35204.83,New,Credit Card
ORD5814,2025-12-03 20:07:32.250450,Smartwatch,Accessories,West,Surat,3,6418.12,0.0,19254.36,12787.41,6466.95,Premium,UPI
ORD5815,2025-12-03 23:37:49.173834,Office Desk,Furniture,South,Bengaluru,10,11340.19,10.0,102061.71,70555.86,31505.85,New,Debit Card
ORD5816,2025-12-04 03:08:06.097219,Backpack,Accessories,North,Chandigarh,1,1896.13,20.0,1516.9,1247.54,269.36,Regular,Credit Card
ORD5817,2025-12-04 06:38:23.020604,Laptop,Electronics,South,Hyderabad,1,56226.67,10.0,50604.0,36692.48,13911.52,New,Debit Card
ORD5818,2025-12-04 10:08:39.943988,External Hard Drive,Electronics,Central,Bhopal,10,6987.23,25.0,52404.22,39306.46,13097.76,Regular,UPI
ORD5819,2025-12-04 13:38:56.867373,Router,Electronics,Central,Indore,1,2546.9,5.0,2419.55,1566.22,853.33,New,Cash
ORD5820,2025-12-04 17:09:13.790758,Smartwatch,Accessories,East,Patna,2,6067.78,20.0,9708.45,6144.25,3564.2,New,Cash
ORD5821,2025-12-04 20:39:30.714142,Smartwatch,Accessories,North,Jaipur,2,6361.36,25.0,9542.04,6710.87,2831.17,Premium,Cash
ORD5822,2025-12-05 00:09:47.637527,Power Bank,Accessories,North,Jaipur,7,1822.5,20.0,10206.0,8306.12,1899.88,Regular,UPI
ORD5823,2025-12-05 03:40:04.560912,Bluetooth Speaker,Accessories,South,Hyderabad,9,3206.73,5.0,27417.54,18101.91,9315.63,Regular,Credit Card
ORD5824,2025-12-05 07:10:21.484296,Webcam,Electronics,West,Pune,8,3184.52,10.0,22928.54,17320.75,5607.79,New,UPI
ORD5825,2025-12-05 10:40:38.407681,Printer,Electronics,North,Chandigarh,4,11988.36,10.0,43158.1,35304.36,7853.74,Premium,Debit Card
ORD5826,2025-12-05 14:10:55.331066,Webcam,Electronics,Central,Nagpur,2,3718.88,20.0,5950.21,4960.11,990.1,Regular,Cash
ORD5827,2025-12-05 17:41:12.254450,Gaming Mouse,Accessories,South,Bengaluru,3,2353.28,25.0,5294.88,4492.43,802.45,Premium,Debit Card
ORD5828,2025-12-05 21:11:29.177835,Smartphone,Electronics,Central,Indore,10,26670.28,5.0,253367.66,200347.76,53019.9,New,UPI
ORD5829,2025-12-06 00:41:46.101220,Bookshelf,Furniture,West,Mumbai,5,7146.13,15.0,30371.05,18792.16,11578.89,New,Net Banking
ORD5830,2025-12-06 04:12:03.024604,USB Drive,Accessories,West,Pune,9,988.91,10.0,8010.17,6551.24,1458.93,Premium,Net Banking
ORD5831,2025-12-06 07:42:19.947989,Webcam,Electronics,West,Surat,8,3276.97,15.0,22283.4,18303.79,3979.61,Regular,UPI
ORD5832,2025-12-06 11:12:36.871374,Power Bank,Accessories,West,Surat,3,1682.8,20.0,4038.72,2985.91,1052.81,Premium,Credit Card
ORD5833,2025-12-06 14:42:53.794758,Backpack,Accessories,West,Ahmedabad,9,1631.82,15.0,12483.42,7700.5,4782.92,Regular,Debit Card
ORD5834,2025-12-06 18:13:10.718143,Power Bank,Accessories,West,Mumbai,10,1976.16,25.0,14821.2,10658.91,4162.29,Regular,UPI
ORD5835,2025-12-06 21:43:27.641528,Backpack,Accessories,West,Surat,3,1745.29,25.0,3926.9,2562.99,1363.91,Premium,UPI
ORD5836,2025-12-07 01:13:44.564912,Smartwatch,Accessories,Central,Nagpur,10,6314.47,15.0,53673.0,38136.1,15536.9,Regular,Net Banking
ORD5837,2025-12-07 04:44:01.488297,Backpack,Accessories,West,Mumbai,8,1641.5,25.0,9849.0,7692.38,2156.62,Regular,Cash
ORD5838,2025-12-07 08:14:18.411682,Tablet,Electronics,West,Pune,1,21114.23,10.0,19002.81,14573.02,4429.79,New,Cash
ORD5839,2025-12-07 11:44:35.335067,Gaming Mouse,Accessories,Central,Indore,4,2254.49,20.0,7214.37,5735.41,1478.96,New,Credit Card
ORD5840,2025-12-07 15:14:52.258451,USB Drive,Accessories,South,Hyderabad,4,904.46,15.0,3075.16,2211.44,863.72,New,Credit Card
ORD5841,2025-12-07 18:45:09.181836,Smartphone,Electronics,North,Jaipur,6,23538.74,10.0,127109.2,92497.11,34612.09,Regular,Credit Card
ORD5842,2025-12-07 22:15:26.105221,Power Bank,Accessories,East,Kolkata,2,1786.17,15.0,3036.49,2532.2,504.29,Regular,Net Banking
ORD5843,2025-12-08 01:45:43.028605,Tablet,Electronics,East,Patna,7,20278.64,10.0,127755.43,96812.54,30942.89,Regular,UPI
ORD5844,2025-12-08 05:15:59.951990,Office Chair,Furniture,Central,Bhopal,5,9076.87,25.0,34038.26,26784.2,7254.06,Regular,Credit Card
ORD5845,2025-12-08 08:46:16.875375,Office Chair,Furniture,East,Patna,10,8274.49,25.0,62058.68,47544.97,14513.71,Regular,Net Banking
ORD5846,2025-12-08 12:16:33.798759,Bookshelf,Furniture,West,Mumbai,6,7190.31,20.0,34513.49,26234.44,8279.05,New,Debit Card
ORD5847,2025-12-08 15:46:50.722144,Mouse,Accessories,East,Bhubaneswar,6,744.86,25.0,3351.87,2776.64,575.23,Premium,UPI
ORD5848,2025-12-08 19:17:07.645529,Router,Electronics,North,Lucknow,6,2523.54,5.0,14384.18,9912.45,4471.73,Premium,Debit Card
ORD5849,2025-12-08 22:47:24.568913,Smartphone,Electronics,West,Surat,10,23145.6,10.0,208310.4,147259.33,61051.07,New,Cash
ORD5850,2025-12-09 02:17:41.492298,Office Desk,Furniture,Central,Bhopal,8,11761.71,10.0,84684.31,58850.31,25834.0,New,Cash
ORD5851,2025-12-09 05:47:58.415683,Power Bank,Accessories,North,Delhi,10,1746.66,15.0,14846.61,11748.11,3098.5,New,UPI
ORD5852,2025-12-09 09:18:15.339067,External Hard Drive,Electronics,West,Pune,4,6833.33,20.0,21866.66,17867.36,3999.3,Regular,Credit Card
ORD5853,2025-12-09 12:48:32.262452,Office Chair,Furniture,West,Surat,10,9254.09,0.0,92540.9,63795.44,28745.46,New,UPI
ORD5854,2025-12-09 16:18:49.185837,USB Drive,Accessories,North,Delhi,8,978.68,25.0,5872.08,3732.22,2139.86,Regular,Credit Card
ORD5855,2025-12-09 19:49:06.109221,Router,Electronics,North,Chandigarh,9,2710.96,0.0,24398.64,17653.07,6745.57,Regular,Cash
ORD5856,2025-12-09 23:19:23.032606,Bluetooth Speaker,Accessories,Central,Nagpur,4,3135.0,5.0,11913.0,10079.38,1833.62,Regular,UPI
ORD5857,2025-12-10 02:49:39.955991,External Hard Drive,Electronics,South,Hyderabad,1,6851.76,20.0,5481.41,3567.96,1913.45,Regular,UPI
ORD5858,2025-12-10 06:19:56.879375,Tablet,Electronics,South,Chennai,3,22549.61,10.0,60883.95,43410.27,17473.68,Premium,Credit Card
ORD5859,2025-12-10 09:50:13.802760,USB Drive,Accessories,North,Delhi,1,934.5,0.0,934.5,624.1,310.4,New,Cash
ORD5860,2025-12-10 13:20:30.726145,Keyboard,Accessories,West,Mumbai,7,1535.17,5.0,10208.88,8480.21,1728.67,New,Cash
ORD5861,2025-12-10 16:50:47.649529,Office Desk,Furniture,West,Ahmedabad,1,11548.24,20.0,9238.59,6815.58,2423.01,New,Credit Card
ORD5862,2025-12-10 20:21:04.572914,Office Chair,Furniture,West,Ahmedabad,4,8731.24,5.0,33178.71,24707.72,8470.99,Regular,Credit Card
ORD5863,2025-12-10 23:51:21.496299,Webcam,Electronics,North,Delhi,1,3552.31,25.0,2664.23,1604.04,1060.19,Regular,Credit Card
ORD5864,2025-12-11 03:21:38.419683,Webcam,Electronics,Central,Nagpur,2,3654.12,0.0,7308.24,5577.61,1730.63,Premium,Cash
ORD5865,2025-12-11 06:51:55.343068,USB Drive,Accessories,South,Bengaluru,1,883.1,15.0,750.64,507.87,242.77,Regular,Cash
ORD5866,2025-12-11 10:22:12.266453,Power Bank,Accessories,South,Chennai,5,1671.36,15.0,7103.28,5173.7,1929.58,New,UPI
ORD5867,2025-12-11 13:52:29.189837,Office Desk,Furniture,East,Kolkata,7,11902.6,20.0,66654.56,48842.25,17812.31,Regular,Cash
ORD5868,2025-12-11 17:22:46.113222,Bookshelf,Furniture,South,Bengaluru,3,7648.46,5.0,21798.11,16306.21,5491.9,New,Debit Card
ORD5869,2025-12-11 20:53:03.036607,Monitor,Electronics,Central,Bhopal,8,14142.26,10.0,101824.27,82058.64,19765.63,New,Debit Card
ORD5870,2025-12-12 00:23:19.959992,Mouse,Accessories,Central,Indore,5,823.85,0.0,4119.25,2779.4,1339.85,Regular,Credit Card
ORD5871,2025-12-12 03:53:36.883376,Smartphone,Electronics,South,Bengaluru,5,27412.71,15.0,116504.02,77363.37,39140.65,Premium,Credit Card
ORD5872,2025-12-12 07:23:53.806761,Webcam,Electronics,Central,Bhopal,5,3413.37,15.0,14506.82,11590.26,2916.56,New,Credit Card
ORD5873,2025-12-12 10:54:10.730146,Headphones,Accessories,West,Pune,8,3232.73,5.0,24568.75,19155.75,5413.0,Regular,UPI
ORD5874,2025-12-12 14:24:27.653530,Mouse,Accessories,Central,Nagpur,2,858.24,15.0,1459.01,957.7,501.31,Premium,Debit Card
ORD5875,2025-12-12 17:54:44.576915,Webcam,Electronics,South,Chennai,2,3387.33,5.0,6435.93,3862.9,2573.03,New,Debit Card
ORD5876,2025-12-12 21:25:01.500300,Backpack,Accessories,West,Mumbai,8,1655.47,0.0,13243.76,10151.13,3092.63,New,Cash
ORD5877,2025-12-13 00:55:18.423684,Headphones,Accessories,South,Chennai,9,2807.12,5.0,24000.88,15343.63,8657.25,Regular,Debit Card
ORD5878,2025-12-13 04:25:35.347069,Office Desk,Furniture,Central,Nagpur,10,11677.8,15.0,99261.3,83304.95,15956.35,Regular,Cash
ORD5879,2025-12-13 07:55:52.270454,Bookshelf,Furniture,North,Delhi,10,7642.79,5.0,72606.5,54534.87,18071.63,Regular,UPI
ORD5880,2025-12-13 11:26:09.193838,Office Chair,Furniture,West,Surat,2,8594.01,15.0,14609.82,11869.21,2740.61,New,Credit Card
ORD5881,2025-12-13 14:56:26.117223,Router,Electronics,South,Hyderabad,4,2713.43,25.0,8140.29,6523.67,1616.62,Regular,Credit Card
ORD5882,2025-12-13 18:26:43.040608,Router,Electronics,South,Hyderabad,8,2340.68,20.0,14980.35,11077.21,3903.14,Regular,Cash
ORD5883,2025-12-13 21:56:59.963992,Monitor,Electronics,West,Mumbai,2,16409.44,15.0,27896.05,19794.69,8101.36,Regular,Net Banking
ORD5884,2025-12-14 01:27:16.887377,Headphones,Accessories,Central,Indore,4,2876.16,15.0,9778.94,7081.9,2697.04,New,Cash
ORD5885,2025-12-14 04:57:33.810762,Printer,Electronics,West,Surat,10,12319.42,15.0,104715.07,83850.3,20864.77,Regular,UPI
ORD5886,2025-12-14 08:27:50.734146,USB Drive,Accessories,Central,Indore,1,822.54,20.0,658.03,500.18,157.85,Regular,Debit Card
ORD5887,2025-12-14 11:58:07.657531,Monitor,Electronics,South,Bengaluru,2,14398.99,25.0,21598.48,14069.88,7528.6,Premium,Cash
ORD5888,2025-12-14 15:28:24.580916,Webcam,Electronics,East,Kolkata,7,3297.5,10.0,20774.25,15629.27,5144.98,Premium,UPI
ORD5889,2025-12-14 18:58:41.504300,Office Desk,Furniture,East,Kolkata,1,10808.2,15.0,9186.97,6441.6,2745.37,Regular,Credit Card
ORD5890,2025-12-14 22:28:58.427685,Printer,Electronics,North,Lucknow,1,11176.25,10.0,10058.62,6189.31,3869.31,Premium,Net Banking
ORD5891,2025-12-15 01:59:15.351070,USB Drive,Accessories,West,Surat,2,916.76,0.0,1833.52,1274.88,558.64,Premium,Net Banking
ORD5892,2025-12-15 05:29:32.274454,Backpack,Accessories,West,Ahmedabad,4,1760.37,25.0,5281.11,3469.16,1811.95,Regular,Cash
ORD5893,2025-12-15 08:59:49.197839,Power Bank,Accessories,West,Surat,7,1880.13,5.0,12502.86,10122.89,2379.97,Regular,Debit Card
ORD5894,2025-12-15 12:30:06.121224,Mouse,Accessories,West,Ahmedabad,4,827.37,10.0,2978.53,1865.3,1113.23,Regular,Cash
ORD5895,2025-12-15 16:00:23.044608,Bookshelf,Furniture,West,Surat,5,7419.02,25.0,27821.33,19201.05,8620.28,Regular,Net Banking
ORD5896,2025-12-15 19:30:39.967993,Gaming Mouse,Accessories,North,Jaipur,4,2361.49,0.0,9445.96,7309.97,2135.99,New,Net Banking
ORD5897,2025-12-15 23:00:56.891378,Printer,Electronics,North,Delhi,4,12767.58,25.0,38302.74,31574.79,6727.95,Regular,Credit Card
ORD5898,2025-12-16 02:31:13.814762,Tablet,Electronics,West,Mumbai,9,21771.47,5.0,186146.07,127292.11,58853.96,New,Debit Card
ORD5899,2025-12-16 06:01:30.738147,Webcam,Electronics,South,Chennai,6,3366.11,15.0,17167.16,12903.0,4264.16,Regular,Debit Card
ORD5900,2025-12-16 09:31:47.661532,Monitor,Electronics,North,Jaipur,3,15006.91,15.0,38267.62,26535.24,11732.38,New,Net Banking
ORD5901,2025-12-16 13:02:04.584916,Webcam,Electronics,East,Patna,6,3524.59,15.0,17975.41,11696.96,6278.45,Premium,Net Banking
ORD5902,2025-12-16 16:32:21.508301,Backpack,Accessories,West,Mumbai,7,1732.74,20.0,9703.34,6612.14,3091.2,Regular,Cash
ORD5903,2025-12-16 20:02:38.431686,Gaming Mouse,Accessories,South,Bengaluru,7,2217.6,20.0,12418.56,9425.38,2993.18,New,Cash
ORD5904,2025-12-16 23:32:55.355071,Bluetooth Speaker,Accessories,West,Ahmedabad,8,2763.47,20.0,17686.21,13779.06,3907.15,Regular,Credit Card
ORD5905,2025-12-17 03:03:12.278455,Bookshelf,Furniture,West,Surat,4,6623.46,20.0,21195.07,14680.79,6514.28,New,Net Banking
ORD5906,2025-12-17 06:33:29.201840,Power Bank,Accessories,South,Chennai,1,1888.58,0.0,1888.58,1205.17,683.41,Regular,Cash
ORD5907,2025-12-17 10:03:46.125225,Printer,Electronics,West,Mumbai,6,11238.8,25.0,50574.6,32109.28,18465.32,Regular,Credit Card
ORD5908,2025-12-17 13:34:03.048609,Gaming Mouse,Accessories,West,Ahmedabad,8,2041.18,0.0,16329.44,13115.05,3214.39,Regular,Debit Card
ORD5909,2025-12-17 17:04:19.971994,Gaming Mouse,Accessories,West,Mumbai,5,2106.43,15.0,8952.33,6833.48,2118.85,Premium,Net Banking
ORD5910,2025-12-17 20:34:36.895379,Keyboard,Accessories,West,Ahmedabad,3,1461.31,5.0,4164.73,3256.85,907.88,Regular,UPI
ORD5911,2025-12-18 00:04:53.818763,Monitor,Electronics,North,Chandigarh,4,14485.65,20.0,46354.08,33470.59,12883.49,Premium,Net Banking
ORD5912,2025-12-18 03:35:10.742148,Smartphone,Electronics,West,Pune,8,24373.03,25.0,146238.18,104462.31,41775.87,Regular,Cash
ORD5913,2025-12-18 07:05:27.665533,USB Drive,Accessories,South,Bengaluru,6,835.18,5.0,4760.53,3107.61,1652.92,Regular,Net Banking
ORD5914,2025-12-18 10:35:44.588917,External Hard Drive,Electronics,Central,Bhopal,5,6065.01,0.0,30325.05,19471.26,10853.79,Regular,UPI
ORD5915,2025-12-18 14:06:01.512302,Printer,Electronics,Central,Nagpur,9,11366.0,20.0,81835.2,52250.0,29585.2,New,Net Banking
ORD5916,2025-12-18 17:36:18.435687,Monitor,Electronics,West,Surat,10,14705.98,0.0,147059.8,124698.94,22360.86,New,Cash
ORD5917,2025-12-18 21:06:35.359071,Bookshelf,Furniture,South,Hyderabad,3,6770.26,0.0,20310.78,16354.71,3956.07,New,Debit Card
ORD5918,2025-12-19 00:36:52.282456,Bluetooth Speaker,Accessories,South,Chennai,7,3174.8,10.0,20001.24,15131.59,4869.65,Regular,Cash
ORD5919,2025-12-19 04:07:09.205841,Smartphone,Electronics,South,Hyderabad,9,25127.59,25.0,169611.23,110858.07,58753.16,Regular,Credit Card
ORD5920,2025-12-19 07:37:26.129225,Bookshelf,Furniture,East,Bhubaneswar,4,7105.98,0.0,28423.92,19453.75,8970.17,New,Cash
ORD5921,2025-12-19 11:07:43.052610,Office Chair,Furniture,South,Hyderabad,10,9109.07,15.0,77427.1,53246.34,24180.76,New,Credit Card
ORD5922,2025-12-19 14:37:59.975995,Monitor,Electronics,East,Kolkata,10,14696.33,0.0,146963.3,105728.1,41235.2,Premium,Net Banking
ORD5923,2025-12-19 18:08:16.899379,Gaming Mouse,Accessories,North,Chandigarh,3,2411.41,20.0,5787.38,4082.99,1704.39,New,Credit Card
ORD5924,2025-12-19 21:38:33.822764,Gaming Mouse,Accessories,Central,Bhopal,1,1996.42,15.0,1696.96,1414.48,282.48,Regular,Net Banking
ORD5925,2025-12-20 01:08:50.746149,Webcam,Electronics,North,Chandigarh,9,3301.09,0.0,29709.81,23179.67,6530.14,Regular,Credit Card
ORD5926,2025-12-20 04:39:07.669533,Monitor,Electronics,Central,Nagpur,1,14353.96,15.0,12200.87,7568.83,4632.04,Regular,Cash
ORD5927,2025-12-20 08:09:24.592918,Smartwatch,Accessories,Central,Nagpur,2,6457.56,0.0,12915.12,8911.29,4003.83,New,UPI
ORD5928,2025-12-20 11:39:41.516303,Mouse,Accessories,East,Kolkata,9,867.02,25.0,5852.38,3705.96,2146.42,Premium,Net Banking
ORD5929,2025-12-20 15:09:58.439687,Bluetooth Speaker,Accessories,West,Mumbai,5,3207.66,15.0,13632.55,9131.61,4500.94,Regular,Credit Card
ORD5930,2025-12-20 18:40:15.363072,Bluetooth Speaker,Accessories,East,Patna,4,2950.17,5.0,11210.65,9413.84,1796.81,New,UPI
ORD5931,2025-12-20 22:10:32.286457,Keyboard,Accessories,West,Pune,9,1624.39,10.0,13157.56,10214.42,2943.14,Regular,Credit Card
ORD5932,2025-12-21 01:40:49.209841,Keyboard,Accessories,South,Chennai,9,1379.55,15.0,10553.56,6352.85,4200.71,Regular,Credit Card
ORD5933,2025-12-21 05:11:06.133226,Gaming Mouse,Accessories,South,Bengaluru,2,2267.07,20.0,3627.31,2474.61,1152.7,New,Credit Card
ORD5934,2025-12-21 08:41:23.056611,Webcam,Electronics,West,Mumbai,3,3806.06,10.0,10276.36,7292.88,2983.48,Premium,Cash
ORD5935,2025-12-21 12:11:39.979996,Webcam,Electronics,East,Patna,3,3678.43,10.0,9931.76,7455.03,2476.73,New,Credit Card
ORD5936,2025-12-21 15:41:56.903380,Gaming Mouse,Accessories,West,Pune,5,2102.26,0.0,10511.3,7619.98,2891.32,Premium,UPI
ORD5937,2025-12-21 19:12:13.826765,Smartwatch,Accessories,South,Hyderabad,3,6261.01,15.0,15965.58,9857.84,6107.74,Regular,Credit Card
ORD5938,2025-12-21 22:42:30.750150,Monitor,Electronics,South,Bengaluru,10,14384.29,25.0,107882.18,78633.9,29248.28,New,Debit Card
ORD5939,2025-12-22 02:12:47.673534,External Hard Drive,Electronics,North,Lucknow,6,5995.06,10.0,32373.32,20478.22,11895.1,New,Net Banking
ORD5940,2025-12-22 05:43:04.596919,External Hard Drive,Electronics,North,Lucknow,2,6782.39,20.0,10851.82,7919.66,2932.16,Regular,Cash
ORD5941,2025-12-22 09:13:21.520304,Printer,Electronics,South,Bengaluru,6,11230.14,25.0,50535.63,33430.19,17105.44,Regular,Debit Card
ORD5942,2025-12-22 12:43:38.443688,Gaming Mouse,Accessories,North,Lucknow,6,2028.87,25.0,9129.91,5807.06,3322.85,Premium,Debit Card
ORD5943,2025-12-22 16:13:55.367073,Office Chair,Furniture,North,Delhi,2,9093.17,20.0,14549.07,9776.69,4772.38,Regular,UPI
ORD5944,2025-12-22 19:44:12.290458,Printer,Electronics,Central,Bhopal,6,12289.5,20.0,58989.6,36862.93,22126.67,Regular,UPI
ORD5945,2025-12-22 23:14:29.213842,Monitor,Electronics,North,Jaipur,6,13653.17,0.0,81919.02,54967.33,26951.69,New,Cash
ORD5946,2025-12-23 02:44:46.137227,Office Desk,Furniture,West,Ahmedabad,6,10810.73,5.0,61621.16,50328.05,11293.11,Premium,Cash
ORD5947,2025-12-23 06:15:03.060612,Smartphone,Electronics,South,Hyderabad,5,26910.35,15.0,114368.99,77404.09,36964.9,Premium,Net Banking
ORD5948,2025-12-23 09:45:19.983996,Bookshelf,Furniture,Central,Bhopal,7,6461.35,10.0,40706.51,29209.18,11497.33,Regular,Credit Card
ORD5949,2025-12-23 13:15:36.907381,Power Bank,Accessories,East,Kolkata,5,1830.2,15.0,7778.35,5677.82,2100.53,New,Cash
ORD5950,2025-12-23 16:45:53.830766,Smartwatch,Accessories,South,Bengaluru,1,6544.26,25.0,4908.2,3163.69,1744.51,Regular,Cash
ORD5951,2025-12-23 20:16:10.754150,Power Bank,Accessories,East,Patna,9,1804.29,10.0,14614.75,10382.99,4231.76,Regular,Credit Card
ORD5952,2025-12-23 23:46:27.677535,Mouse,Accessories,South,Bengaluru,3,742.37,0.0,2227.11,1811.19,415.92,Regular,Net Banking
ORD5953,2025-12-24 03:16:44.600920,Monitor,Electronics,West,Surat,2,14680.45,15.0,24956.76,15476.48,9480.28,Regular,UPI
ORD5954,2025-12-24 06:47:01.524304,Bluetooth Speaker,Accessories,North,Lucknow,10,3074.43,0.0,30744.3,25539.44,5204.86,Premium,Net Banking
ORD5955,2025-12-24 10:17:18.447689,Power Bank,Accessories,Central,Nagpur,6,1894.62,0.0,11367.72,9296.28,2071.44,New,Credit Card
ORD5956,2025-12-24 13:47:35.371074,Tablet,Electronics,East,Unknown,8,22470.53,15.0,152799.6,124372.36,28427.24,Regular,UPI
ORD5957,2025-12-24 17:17:52.294458,Bluetooth Speaker,Accessories,South,Hyderabad,2,2720.59,15.0,4625.0,3004.57,1620.43,New,UPI
ORD5958,2025-12-24 20:48:09.217843,Smartphone,Electronics,West,Pune,4,23215.51,10.0,83575.84,60264.73,23311.11,New,UPI
ORD5959,2025-12-25 00:18:26.141228,Gaming Mouse,Accessories,South,Hyderabad,2,2143.59,25.0,3215.38,2424.52,790.86,Premium,Net Banking
ORD5960,2025-12-25 03:48:43.064612,Power Bank,Accessories,Central,Bhopal,9,1874.06,25.0,12649.9,7906.03,4743.87,Regular,Credit Card
ORD5961,2025-12-25 07:18:59.987997,Smartphone,Electronics,East,Patna,10,25421.64,20.0,203373.12,150335.72,53037.4,Regular,Net Banking
ORD5962,2025-12-25 10:49:16.911382,Smartphone,Electronics,West,Pune,2,22723.47,0.0,45446.94,36812.51,8634.43,Regular,Net Banking
ORD5963,2025-12-25 14:19:33.834766,Router,Electronics,North,Chandigarh,10,2648.44,25.0,19863.3,16568.74,3294.56,Regular,Debit Card
ORD5964,2025-12-25 17:49:50.758151,USB Drive,Accessories,Central,Nagpur,2,918.92,5.0,1745.95,1169.06,576.89,Regular,Cash
ORD5965,2025-12-25 21:20:07.681536,USB Drive,Accessories,West,Mumbai,5,969.69,10.0,4363.61,2933.15,1430.46,New,Net Banking
ORD5966,2025-12-26 00:50:24.604920,Backpack,Accessories,South,Bengaluru,5,1770.36,10.0,7966.62,5319.17,2647.45,Premium,Debit Card
ORD5967,2025-12-26 04:20:41.528305,Mouse,Accessories,North,Chandigarh,7,798.43,20.0,4471.21,2854.25,1616.96,New,Credit Card
ORD5968,2025-12-26 07:50:58.451690,Office Chair,Furniture,South,Chennai,1,8829.99,20.0,7063.99,4999.03,2064.96,Regular,Debit Card
ORD5969,2025-12-26 11:21:15.375075,Laptop,Electronics,Central,Bhopal,2,57447.0,0.0,114894.0,91469.09,23424.91,Regular,Net Banking
ORD5970,2025-12-26 14:51:32.298459,Office Chair,Furniture,South,Chennai,6,9453.84,10.0,51050.74,39718.61,11332.13,New,Credit Card
ORD5971,2025-12-26 18:21:49.221844,Monitor,Electronics,East,Bhubaneswar,2,15669.73,10.0,28205.51,23271.8,4933.71,New,Debit Card
ORD5972,2025-12-26 21:52:06.145229,Mouse,Accessories,North,Unknown,4,766.66,5.0,2913.31,2007.08,906.23,Regular,Net Banking
ORD5973,2025-12-27 01:22:23.068613,Webcam,Electronics,South,Hyderabad,10,3595.22,0.0,35952.2,26714.46,9237.74,Regular,Credit Card
ORD5974,2025-12-27 04:52:39.991998,External Hard Drive,Electronics,West,Surat,6,6290.09,0.0,37740.54,29876.69,7863.85,Regular,Credit Card
ORD5975,2025-12-27 08:22:56.915383,Office Desk,Furniture,Central,Nagpur,7,12802.08,25.0,67210.92,55418.32,11792.6,Regular,Cash
ORD5976,2025-12-27 11:53:13.838767,Router,Electronics,East,Patna,10,2277.56,20.0,18220.48,14903.23,3317.25,Regular,Net Banking
ORD5977,2025-12-27 15:23:30.762152,Laptop,Electronics,Central,Bhopal,5,49914.93,25.0,187180.99,134092.61,53088.38,Regular,Cash
ORD5978,2025-12-27 18:53:47.685537,Office Chair,Furniture,East,Patna,8,8283.08,0.0,66264.64,54781.94,11482.7,Premium,Credit Card
ORD5979,2025-12-27 22:24:04.608921,Laptop,Electronics,North,Jaipur,6,51726.0,5.0,294838.2,209634.07,85204.13,New,Credit Card
ORD5980,2025-12-28 01:54:21.532306,Webcam,Electronics,South,Chennai,5,3176.34,0.0,15881.7,13113.65,2768.05,Regular,Debit Card
ORD5981,2025-12-28 05:24:38.455691,Power Bank,Accessories,West,Mumbai,4,1645.78,25.0,4937.34,3921.45,1015.89,Regular,Cash
ORD5982,2025-12-28 08:54:55.379075,Mouse,Accessories,Central,Bhopal,6,768.97,15.0,3921.75,2570.36,1351.39,Regular,UPI
ORD5983,2025-12-28 12:25:12.302460,Smartphone,Electronics,Central,Indore,6,22998.95,15.0,117294.64,97638.04,19656.6,Regular,Net Banking
ORD5984,2025-12-28 15:55:29.225845,Power Bank,Accessories,South,Chennai,6,1908.75,5.0,10879.88,7187.42,3692.46,Regular,Cash
ORD5985,2025-12-28 19:25:46.149229,Monitor,Electronics,South,Bengaluru,1,13661.6,20.0,10929.28,9039.66,1889.62,New,Credit Card
ORD5986,2025-12-28 22:56:03.072614,Office Desk,Furniture,South,Chennai,6,12979.03,10.0,70086.76,52829.81,17256.95,Regular,Debit Card
ORD5987,2025-12-29 02:26:19.995999,Bluetooth Speaker,Accessories,Central,Bhopal,1,3222.5,0.0,3222.5,2471.15,751.35,New,Net Banking
ORD5988,2025-12-29 05:56:36.919383,Office Chair,Furniture,Central,Nagpur,5,8475.09,25.0,31781.59,19937.65,11843.94,New,Net Banking
ORD5989,2025-12-29 09:26:53.842768,Headphones,Accessories,West,Surat,7,2742.92,20.0,15360.35,9468.66,5891.69,Premium,Debit Card
ORD5990,2025-12-29 12:57:10.766153,External Hard Drive,Electronics,South,Chennai,1,5987.2,25.0,4490.4,3781.3,709.1,Regular,Credit Card
ORD5991,2025-12-29 16:27:27.689537,Office Chair,Furniture,East,Bhubaneswar,1,9106.36,20.0,7285.09,4984.69,2300.4,Regular,UPI
ORD5992,2025-12-29 19:57:44.612922,Office Chair,Furniture,East,Patna,6,9181.65,0.0,55089.9,44683.02,10406.88,New,Debit Card
ORD5993,2025-12-29 23:28:01.536307,Bookshelf,Furniture,South,Hyderabad,7,6741.82,10.0,42473.47,32964.46,9509.01,Premium,UPI
ORD5994,2025-12-30 02:58:18.459691,Tablet,Electronics,East,Patna,6,21106.07,0.0,126636.42,95108.33,31528.09,New,Cash
ORD5995,2025-12-30 06:28:35.383076,Office Desk,Furniture,North,Jaipur,5,12075.6,10.0,54340.2,41912.73,12427.47,Regular,Net Banking
ORD5996,2025-12-30 09:58:52.306461,Tablet,Electronics,North,Chandigarh,6,21144.76,25.0,95151.42,59217.18,35934.24,Regular,Credit Card
ORD5997,2025-12-30 13:29:09.229845,Power Bank,Accessories,Central,Indore,3,1956.36,5.0,5575.63,3920.22,1655.41,Premium,UPI
ORD5998,2025-12-30 16:59:26.153230,Router,Electronics,West,Ahmedabad,9,2441.32,10.0,19774.69,14866.0,4908.69,Regular,Credit Card
ORD5999,2025-12-30 20:29:43.076615,Smartphone,Electronics,East,Patna,5,23599.07,20.0,94396.28,77111.45,17284.83,New,Cash
ORD6000,2025-12-31 00:00:00.000000,Router,Electronics,East,Patna,2,2322.98,5.0,4413.66,3436.79,976.87,Regular,UPI
